Sample_Index,Time_s,X_Voltage,Y_Voltage,Laser_Raw,Pixel_Clock,Line_Clock,Frame_Clock,Line_Number,Pixel_In_Line
0,0.000000000,-1.776699029,-2.000000000,5.000000000,1,1,1,0,0
1,0.000001000,-1.766990291,-2.000000000,5.000000000,1,0,0,0,1
2,0.000002000,-1.757281553,-2.000000000,5.000000000,1,0,0,0,2
3,0.000003000,-1.747572816,-2.000000000,5.000000000,1,0,0,0,3
4,0.000004000,-1.737864078,-2.000000000,5.000000000,1,0,0,0,4
5,0.000005000,-1.728155340,-2.000000000,5.000000000,1,0,0,0,5
6,0.000006000,-1.718446602,-2.000000000,5.000000000,1,0,0,0,6
7,0.000007000,-1.708737864,-2.000000000,5.000000000,1,0,0,0,7
8,0.000008000,-1.699029126,-2.000000000,5.000000000,1,0,0,0,8
9,0.000009000,-1.689320388,-2.000000000,5.000000000,1,0,0,0,9
10,0.000010000,-1.679611650,-2.000000000,5.000000000,1,0,0,0,10
11,0.000011000,-1.669902913,-2.000000000,5.000000000,1,0,0,0,11
12,0.000012000,-1.660194175,-2.000000000,5.000000000,1,0,0,0,12
13,0.000013000,-1.650485437,-2.000000000,5.000000000,1,0,0,0,13
14,0.000014000,-1.650485437,-1.991752577,5.000000000,1,1,0,1,0
15,0.000015000,-1.660194175,-1.991752577,5.000000000,1,0,0,1,1
16,0.000016000,-1.669902913,-1.991752577,5.000000000,1,0,0,1,2
17,0.000017000,-1.679611650,-1.991752577,5.000000000,1,0,0,1,3
18,0.000018000,-1.689320388,-1.991752577,5.000000000,1,0,0,1,4
19,0.000019000,-1.699029126,-1.991752577,5.000000000,1,0,0,1,5
20,0.000020000,-1.708737864,-1.991752577,5.000000000,1,0,0,1,6
21,0.000021000,-1.718446602,-1.991752577,5.000000000,1,0,0,1,7
22,0.000022000,-1.728155340,-1.991752577,5.000000000,1,0,0,1,8
23,0.000023000,-1.737864078,-1.991752577,5.000000000,1,0,0,1,9
24,0.000024000,-1.747572816,-1.991752577,5.000000000,1,0,0,1,10
25,0.000025000,-1.757281553,-1.991752577,5.000000000,1,0,0,1,11
26,0.000026000,-1.766990291,-1.991752577,5.000000000,1,0,0,1,12
27,0.000027000,-1.776699029,-1.991752577,5.000000000,1,0,0,1,13
28,0.000028000,-1.786407767,-1.983505155,5.000000000,1,1,0,2,0
29,0.000029000,-1.796116505,-1.983505155,5.000000000,1,0,0,2,1
30,0.000030000,-1.805825243,-1.983505155,5.000000000,1,0,0,2,2
31,0.000031000,-1.815533981,-1.983505155,5.000000000,1,0,0,2,3
32,0.000032000,-1.825242718,-1.983505155,5.000000000,1,0,0,2,4
33,0.000033000,-1.834951456,-1.983505155,5.000000000,1,0,0,2,5
34,0.000034000,-1.834951456,-1.975257732,5.000000000,1,1,0,3,0
35,0.000035000,-1.825242718,-1.975257732,5.000000000,1,0,0,3,1
36,0.000036000,-1.815533981,-1.975257732,5.000000000,1,0,0,3,2
37,0.000037000,-1.805825243,-1.975257732,5.000000000,1,0,0,3,3
38,0.000038000,-1.796116505,-1.975257732,5.000000000,1,0,0,3,4
39,0.000039000,-1.786407767,-1.975257732,5.000000000,1,0,0,3,5
40,0.000040000,-1.844660194,-1.967010309,5.000000000,1,1,0,4,0
41,0.000041000,-1.854368932,-1.967010309,5.000000000,1,0,0,4,1
42,0.000042000,-1.864077670,-1.967010309,5.000000000,1,0,0,4,2
43,0.000043000,-1.864077670,-1.958762887,5.000000000,1,1,0,5,0
44,0.000044000,-1.854368932,-1.958762887,5.000000000,1,0,0,5,1
45,0.000045000,-1.844660194,-1.958762887,5.000000000,1,0,0,5,2
46,0.000046000,-1.873786408,-1.950515464,5.000000000,1,1,0,6,0
47,0.000047000,-1.883495146,-1.950515464,5.000000000,1,0,0,6,1
48,0.000048000,-1.883495146,-1.942268041,5.000000000,1,1,0,7,0
49,0.000049000,-1.873786408,-1.942268041,5.000000000,1,0,0,7,1
50,0.000050000,-1.893203883,-1.934020619,5.000000000,1,1,0,8,0
51,0.000051000,-1.902912621,-1.934020619,5.000000000,1,0,0,8,1
52,0.000052000,-1.902912621,-1.925773196,5.000000000,1,1,0,9,0
53,0.000053000,-1.893203883,-1.925773196,5.000000000,1,0,0,9,1
54,0.000054000,-1.912621359,-1.917525773,5.000000000,1,1,0,10,0
55,0.000055000,-1.922330097,-1.917525773,5.000000000,1,0,0,10,1
56,0.000056000,-1.932038835,-1.909278351,5.000000000,1,1,0,11,0
57,0.000057000,-1.941747573,-1.909278351,5.000000000,1,0,0,11,1
58,0.000058000,-1.941747573,-1.901030928,5.000000000,1,1,0,12,0
59,0.000059000,-1.932038835,-1.901030928,5.000000000,1,0,0,12,1
60,0.000060000,-1.951456311,-1.892783505,5.000000000,1,1,0,13,0
61,0.000061000,-1.961165049,-1.892783505,5.000000000,1,0,0,13,1
62,0.000062000,-1.961165049,-1.884536082,5.000000000,1,1,0,14,0
63,0.000063000,-1.951456311,-1.884536082,5.000000000,1,0,0,14,1
64,0.000064000,-1.951456311,-1.876288660,5.000000000,1,1,0,15,0
65,0.000065000,-1.961165049,-1.876288660,5.000000000,1,0,0,15,1
66,0.000066000,-1.961165049,-1.868041237,5.000000000,1,1,0,16,0
67,0.000067000,-1.951456311,-1.868041237,5.000000000,1,0,0,16,1
68,0.000068000,-1.970873786,-1.859793814,5.000000000,1,1,0,17,0
69,0.000069000,-1.980582524,-1.859793814,5.000000000,1,0,0,17,1
70,0.000070000,-1.980582524,-1.851546392,5.000000000,1,1,0,18,0
71,0.000071000,-1.970873786,-1.851546392,5.000000000,1,0,0,18,1
72,0.000072000,-1.970873786,-1.843298969,5.000000000,1,1,0,19,0
73,0.000073000,-1.980582524,-1.843298969,5.000000000,1,0,0,19,1
74,0.000074000,-1.980582524,-1.835051546,5.000000000,1,1,0,20,0
75,0.000075000,-1.970873786,-1.835051546,5.000000000,1,0,0,20,1
76,0.000076000,-1.970873786,-1.826804124,5.000000000,1,1,0,21,0
77,0.000077000,-1.980582524,-1.826804124,5.000000000,1,0,0,21,1
78,0.000078000,-1.980582524,-1.818556701,5.000000000,1,1,0,22,0
79,0.000079000,-1.970873786,-1.818556701,5.000000000,1,0,0,22,1
80,0.000080000,-1.990291262,-1.810309278,5.000000000,1,1,0,23,0
81,0.000081000,-2.000000000,-1.810309278,5.000000000,1,0,0,23,1
82,0.000082000,-2.000000000,-1.802061856,5.000000000,1,1,0,24,0
83,0.000083000,-1.990291262,-1.802061856,5.000000000,1,0,0,24,1
84,0.000084000,-1.990291262,-1.793814433,5.000000000,1,1,0,25,0
85,0.000085000,-2.000000000,-1.793814433,5.000000000,1,0,0,25,1
86,0.000086000,-2.000000000,-1.785567010,5.000000000,1,1,0,26,0
87,0.000087000,-1.990291262,-1.785567010,5.000000000,1,0,0,26,1
88,0.000088000,-1.990291262,-1.777319588,5.000000000,1,1,0,27,0
89,0.000089000,-2.000000000,-1.777319588,5.000000000,1,0,0,27,1
90,0.000090000,-2.000000000,-1.769072165,5.000000000,1,1,0,28,0
91,0.000091000,-1.990291262,-1.769072165,5.000000000,1,0,0,28,1
92,0.000092000,-1.990291262,-1.760824742,5.000000000,1,1,0,29,0
93,0.000093000,-2.000000000,-1.760824742,5.000000000,1,0,0,29,1
94,0.000094000,-2.000000000,-1.752577320,5.000000000,1,1,0,30,0
95,0.000095000,-1.990291262,-1.752577320,5.000000000,1,0,0,30,1
96,0.000096000,-2.000000000,-1.736082474,5.000000000,1,1,0,31,0
97,0.000097000,-2.000000000,-1.727835052,5.000000000,1,1,0,32,0
98,0.000098000,-2.000000000,-1.719587629,5.000000000,1,1,0,33,0
99,0.000099000,-2.000000000,-1.711340206,5.000000000,1,1,0,34,0
100,0.000100000,-2.000000000,-1.703092784,5.000000000,1,1,0,35,0
101,0.000101000,-2.000000000,-1.694845361,5.000000000,1,1,0,36,0
102,0.000102000,-2.000000000,-1.686597938,5.000000000,1,1,0,37,0
103,0.000103000,-2.000000000,-1.678350515,5.000000000,1,1,0,38,0
104,0.000104000,-2.000000000,-1.670103093,5.000000000,1,1,0,39,0
105,0.000105000,-2.000000000,-1.661855670,5.000000000,1,1,0,40,0
106,0.000106000,-2.000000000,-1.653608247,5.000000000,1,1,0,41,0
107,0.000107000,-2.000000000,-1.645360825,5.000000000,1,1,0,42,0
108,0.000108000,-2.000000000,-1.637113402,5.000000000,1,1,0,43,0
109,0.000109000,-2.000000000,-1.628865979,5.000000000,1,1,0,44,0
110,0.000110000,-2.000000000,-1.620618557,5.000000000,1,1,0,45,0
111,0.000111000,-2.000000000,-1.612371134,5.000000000,1,1,0,46,0
112,0.000112000,-2.000000000,-1.604123711,5.000000000,1,1,0,47,0
113,0.000113000,-2.000000000,-1.595876289,5.000000000,1,1,0,48,0
114,0.000114000,-2.000000000,-1.587628866,5.000000000,1,1,0,49,0
115,0.000115000,-2.000000000,-1.579381443,5.000000000,1,1,0,50,0
116,0.000116000,-2.000000000,-1.571134021,5.000000000,1,1,0,51,0
117,0.000117000,-2.000000000,-1.562886598,5.000000000,1,1,0,52,0
118,0.000118000,-2.000000000,-1.554639175,5.000000000,1,1,0,53,0
119,0.000119000,-2.000000000,-1.546391753,5.000000000,1,1,0,54,0
120,0.000120000,-2.000000000,-1.538144330,5.000000000,1,1,0,55,0
121,0.000121000,-2.000000000,-1.529896907,5.000000000,1,1,0,56,0
122,0.000122000,-2.000000000,-1.521649485,5.000000000,1,1,0,57,0
123,0.000123000,-2.000000000,-1.513402062,5.000000000,1,1,0,58,0
124,0.000124000,-2.000000000,-1.505154639,5.000000000,1,1,0,59,0
125,0.000125000,-2.000000000,-1.496907216,5.000000000,1,1,0,60,0
126,0.000126000,-2.000000000,-1.488659794,5.000000000,1,1,0,61,0
127,0.000127000,-2.000000000,-1.480412371,5.000000000,1,1,0,62,0
128,0.000128000,-2.000000000,-1.472164948,5.000000000,1,1,0,63,0
129,0.000129000,-2.000000000,-1.463917526,5.000000000,1,1,0,64,0
130,0.000130000,-2.000000000,-1.455670103,5.000000000,1,1,0,65,0
131,0.000131000,-2.000000000,-1.447422680,5.000000000,1,1,0,66,0
132,0.000132000,-2.000000000,-1.439175258,5.000000000,1,1,0,67,0
133,0.000133000,-2.000000000,-1.430927835,5.000000000,1,1,0,68,0
134,0.000134000,-2.000000000,-1.422680412,5.000000000,1,1,0,69,0
135,0.000135000,-2.000000000,-1.414432990,5.000000000,1,1,0,70,0
136,0.000136000,-2.000000000,-1.406185567,5.000000000,1,1,0,71,0
137,0.000137000,-2.000000000,-1.397938144,5.000000000,1,1,0,72,0
138,0.000138000,-2.000000000,-1.389690722,5.000000000,1,1,0,73,0
139,0.000139000,-2.000000000,-1.381443299,5.000000000,1,1,0,74,0
140,0.000140000,-2.000000000,-1.373195876,5.000000000,1,1,0,75,0
141,0.000141000,-2.000000000,-1.364948454,5.000000000,1,1,0,76,0
142,0.000142000,-2.000000000,-1.356701031,5.000000000,1,1,0,77,0
143,0.000143000,-2.000000000,-1.348453608,5.000000000,1,1,0,78,0
144,0.000144000,-2.000000000,-1.340206186,5.000000000,1,1,0,79,0
145,0.000145000,-2.000000000,-1.331958763,5.000000000,1,1,0,80,0
146,0.000146000,-2.000000000,-1.323711340,5.000000000,1,1,0,81,0
147,0.000147000,-2.000000000,-1.315463918,5.000000000,1,1,0,82,0
148,0.000148000,-2.000000000,-1.307216495,5.000000000,1,1,0,83,0
149,0.000149000,-2.000000000,-1.298969072,5.000000000,1,1,0,84,0
150,0.000150000,-2.000000000,-1.290721649,5.000000000,1,1,0,85,0
151,0.000151000,-2.000000000,-1.282474227,5.000000000,1,1,0,86,0
152,0.000152000,-2.000000000,-1.274226804,5.000000000,1,1,0,87,0
153,0.000153000,-2.000000000,-1.265979381,5.000000000,1,1,0,88,0
154,0.000154000,-2.000000000,-1.257731959,5.000000000,1,1,0,89,0
155,0.000155000,-2.000000000,-1.249484536,5.000000000,1,1,0,90,0
156,0.000156000,-2.000000000,-1.241237113,5.000000000,1,1,0,91,0
157,0.000157000,-2.000000000,-1.232989691,5.000000000,1,1,0,92,0
158,0.000158000,-2.000000000,-1.224742268,5.000000000,1,1,0,93,0
159,0.000159000,-2.000000000,-1.216494845,5.000000000,1,1,0,94,0
160,0.000160000,-2.000000000,-1.208247423,5.000000000,1,1,0,95,0
161,0.000161000,-2.000000000,-1.200000000,5.000000000,1,1,0,96,0
162,0.000162000,-2.000000000,-1.191752577,5.000000000,1,1,0,97,0
163,0.000163000,-2.000000000,-1.183505155,5.000000000,1,1,0,98,0
164,0.000164000,-2.000000000,-1.175257732,5.000000000,1,1,0,99,0
165,0.000165000,-2.000000000,-1.167010309,5.000000000,1,1,0,100,0
166,0.000166000,-2.000000000,-1.158762887,5.000000000,1,1,0,101,0
167,0.000167000,-2.000000000,-1.150515464,5.000000000,1,1,0,102,0
168,0.000168000,-2.000000000,-1.142268041,5.000000000,1,1,0,103,0
169,0.000169000,-2.000000000,-1.134020619,5.000000000,1,1,0,104,0
170,0.000170000,-2.000000000,-1.125773196,5.000000000,1,1,0,105,0
171,0.000171000,-2.000000000,-1.117525773,5.000000000,1,1,0,106,0
172,0.000172000,-2.000000000,-1.109278351,5.000000000,1,1,0,107,0
173,0.000173000,-2.000000000,-1.101030928,5.000000000,1,1,0,108,0
174,0.000174000,-2.000000000,-1.092783505,5.000000000,1,1,0,109,0
175,0.000175000,-2.000000000,-1.084536082,5.000000000,1,1,0,110,0
176,0.000176000,-2.000000000,-1.076288660,5.000000000,1,1,0,111,0
177,0.000177000,-2.000000000,-1.068041237,5.000000000,1,1,0,112,0
178,0.000178000,-2.000000000,-1.059793814,5.000000000,1,1,0,113,0
179,0.000179000,-2.000000000,-1.051546392,5.000000000,1,1,0,114,0
180,0.000180000,-2.000000000,-1.043298969,5.000000000,1,1,0,115,0
181,0.000181000,-2.000000000,-1.035051546,5.000000000,1,1,0,116,0
182,0.000182000,-2.000000000,-1.026804124,5.000000000,1,1,0,117,0
183,0.000183000,-2.000000000,-1.018556701,5.000000000,1,1,0,118,0
184,0.000184000,-2.000000000,-1.010309278,5.000000000,1,1,0,119,0
185,0.000185000,-2.000000000,-1.002061856,5.000000000,1,1,0,120,0
186,0.000186000,-2.000000000,-0.993814433,5.000000000,1,1,0,121,0
187,0.000187000,-2.000000000,-0.985567010,5.000000000,1,1,0,122,0
188,0.000188000,-2.000000000,-0.977319588,5.000000000,1,1,0,123,0
189,0.000189000,-2.000000000,-0.969072165,5.000000000,1,1,0,124,0
190,0.000190000,-2.000000000,-0.960824742,5.000000000,1,1,0,125,0
191,0.000191000,-2.000000000,-0.952577320,5.000000000,1,1,0,126,0
192,0.000192000,-2.000000000,-0.944329897,5.000000000,1,1,0,127,0
193,0.000193000,-2.000000000,-0.936082474,5.000000000,1,1,0,128,0
194,0.000194000,-2.000000000,-0.927835052,5.000000000,1,1,0,129,0
195,0.000195000,-2.000000000,-0.919587629,5.000000000,1,1,0,130,0
196,0.000196000,-2.000000000,-0.911340206,5.000000000,1,1,0,131,0
197,0.000197000,-2.000000000,-0.903092784,5.000000000,1,1,0,132,0
198,0.000198000,-2.000000000,-0.894845361,5.000000000,1,1,0,133,0
199,0.000199000,-2.000000000,-0.886597938,5.000000000,1,1,0,134,0
200,0.000200000,-2.000000000,-0.878350515,5.000000000,1,1,0,135,0
201,0.000201000,-2.000000000,-0.870103093,5.000000000,1,1,0,136,0
202,0.000202000,-2.000000000,-0.861855670,5.000000000,1,1,0,137,0
203,0.000203000,-2.000000000,-0.853608247,5.000000000,1,1,0,138,0
204,0.000204000,-2.000000000,-0.845360825,5.000000000,1,1,0,139,0
205,0.000205000,-2.000000000,-0.837113402,5.000000000,1,1,0,140,0
206,0.000206000,-2.000000000,-0.828865979,5.000000000,1,1,0,141,0
207,0.000207000,-2.000000000,-0.820618557,5.000000000,1,1,0,142,0
208,0.000208000,-2.000000000,-0.812371134,5.000000000,1,1,0,143,0
209,0.000209000,-2.000000000,-0.804123711,5.000000000,1,1,0,144,0
210,0.000210000,-2.000000000,-0.795876289,5.000000000,1,1,0,145,0
211,0.000211000,-2.000000000,-0.787628866,5.000000000,1,1,0,146,0
212,0.000212000,-2.000000000,-0.779381443,5.000000000,1,1,0,147,0
213,0.000213000,-2.000000000,-0.771134021,5.000000000,1,1,0,148,0
214,0.000214000,-2.000000000,-0.762886598,5.000000000,1,1,0,149,0
215,0.000215000,-2.000000000,-0.754639175,5.000000000,1,1,0,150,0
216,0.000216000,-2.000000000,-0.746391753,5.000000000,1,1,0,151,0
217,0.000217000,-2.000000000,-0.738144330,5.000000000,1,1,0,152,0
218,0.000218000,-2.000000000,-0.729896907,5.000000000,1,1,0,153,0
219,0.000219000,-2.000000000,-0.721649485,5.000000000,1,1,0,154,0
220,0.000220000,-2.000000000,-0.713402062,5.000000000,1,1,0,155,0
221,0.000221000,-2.000000000,-0.705154639,5.000000000,1,1,0,156,0
222,0.000222000,-2.000000000,-0.696907216,5.000000000,1,1,0,157,0
223,0.000223000,-2.000000000,-0.688659794,5.000000000,1,1,0,158,0
224,0.000224000,-2.000000000,-0.680412371,5.000000000,1,1,0,159,0
225,0.000225000,-2.000000000,-0.672164948,5.000000000,1,1,0,160,0
226,0.000226000,-2.000000000,-0.663917526,5.000000000,1,1,0,161,0
227,0.000227000,-2.000000000,-0.655670103,5.000000000,1,1,0,162,0
228,0.000228000,-2.000000000,-0.647422680,5.000000000,1,1,0,163,0
229,0.000229000,-2.000000000,-0.639175258,5.000000000,1,1,0,164,0
230,0.000230000,-2.000000000,-0.630927835,5.000000000,1,1,0,165,0
231,0.000231000,-2.000000000,-0.622680412,5.000000000,1,1,0,166,0
232,0.000232000,-2.000000000,-0.614432990,5.000000000,1,1,0,167,0
233,0.000233000,-2.000000000,-0.606185567,5.000000000,1,1,0,168,0
234,0.000234000,-2.000000000,-0.597938144,5.000000000,1,1,0,169,0
235,0.000235000,-2.000000000,-0.589690722,5.000000000,1,1,0,170,0
236,0.000236000,-2.000000000,-0.581443299,5.000000000,1,1,0,171,0
237,0.000237000,-2.000000000,-0.573195876,5.000000000,1,1,0,172,0
238,0.000238000,-2.000000000,-0.564948454,5.000000000,1,1,0,173,0
239,0.000239000,-2.000000000,-0.556701031,5.000000000,1,1,0,174,0
240,0.000240000,-2.000000000,-0.548453608,5.000000000,1,1,0,175,0
241,0.000241000,-2.000000000,-0.540206186,5.000000000,1,1,0,176,0
242,0.000242000,-2.000000000,-0.531958763,5.000000000,1,1,0,177,0
243,0.000243000,-2.000000000,-0.523711340,5.000000000,1,1,0,178,0
244,0.000244000,-2.000000000,-0.515463918,5.000000000,1,1,0,179,0
245,0.000245000,-2.000000000,-0.507216495,5.000000000,1,1,0,180,0
246,0.000246000,-2.000000000,-0.498969072,5.000000000,1,1,0,181,0
247,0.000247000,-2.000000000,-0.490721649,5.000000000,1,1,0,182,0
248,0.000248000,-2.000000000,-0.482474227,5.000000000,1,1,0,183,0
249,0.000249000,-2.000000000,-0.474226804,5.000000000,1,1,0,184,0
250,0.000250000,-2.000000000,-0.465979381,5.000000000,1,1,0,185,0
251,0.000251000,-2.000000000,-0.457731959,5.000000000,1,1,0,186,0
252,0.000252000,-2.000000000,-0.449484536,5.000000000,1,1,0,187,0
253,0.000253000,-2.000000000,-0.441237113,5.000000000,1,1,0,188,0
254,0.000254000,-2.000000000,-0.432989691,5.000000000,1,1,0,189,0
255,0.000255000,-2.000000000,-0.424742268,5.000000000,1,1,0,190,0
256,0.000256000,-2.000000000,-0.416494845,5.000000000,1,1,0,191,0
257,0.000257000,-2.000000000,-0.408247423,5.000000000,1,1,0,192,0
258,0.000258000,-2.000000000,-0.400000000,5.000000000,1,1,0,193,0
259,0.000259000,-2.000000000,-0.391752577,5.000000000,1,1,0,194,0
260,0.000260000,-2.000000000,-0.383505155,5.000000000,1,1,0,195,0
261,0.000261000,-2.000000000,-0.375257732,5.000000000,1,1,0,196,0
262,0.000262000,-2.000000000,-0.367010309,5.000000000,1,1,0,197,0
263,0.000263000,-2.000000000,-0.358762887,5.000000000,1,1,0,198,0
264,0.000264000,-2.000000000,-0.350515464,5.000000000,1,1,0,199,0
265,0.000265000,-2.000000000,-0.342268041,5.000000000,1,1,0,200,0
266,0.000266000,-2.000000000,-0.334020619,5.000000000,1,1,0,201,0
267,0.000267000,-2.000000000,-0.325773196,5.000000000,1,1,0,202,0
268,0.000268000,-2.000000000,-0.317525773,5.000000000,1,1,0,203,0
269,0.000269000,-2.000000000,-0.309278351,5.000000000,1,1,0,204,0
270,0.000270000,-2.000000000,-0.301030928,5.000000000,1,1,0,205,0
271,0.000271000,-2.000000000,-0.292783505,5.000000000,1,1,0,206,0
272,0.000272000,-2.000000000,-0.284536082,5.000000000,1,1,0,207,0
273,0.000273000,-2.000000000,-0.276288660,5.000000000,1,1,0,208,0
274,0.000274000,-2.000000000,-0.268041237,5.000000000,1,1,0,209,0
275,0.000275000,-2.000000000,-0.259793814,5.000000000,1,1,0,210,0
276,0.000276000,-2.000000000,-0.251546392,5.000000000,1,1,0,211,0
277,0.000277000,-2.000000000,-0.243298969,5.000000000,1,1,0,212,0
278,0.000278000,-2.000000000,-0.235051546,5.000000000,1,1,0,213,0
279,0.000279000,-2.000000000,-0.226804124,5.000000000,1,1,0,214,0
280,0.000280000,-2.000000000,-0.218556701,5.000000000,1,1,0,215,0
281,0.000281000,-2.000000000,-0.210309278,5.000000000,1,1,0,216,0
282,0.000282000,-2.000000000,-0.202061856,5.000000000,1,1,0,217,0
283,0.000283000,-2.000000000,-0.193814433,5.000000000,1,1,0,218,0
284,0.000284000,-2.000000000,-0.185567010,5.000000000,1,1,0,219,0
285,0.000285000,-2.000000000,-0.177319588,5.000000000,1,1,0,220,0
286,0.000286000,-2.000000000,-0.169072165,5.000000000,1,1,0,221,0
287,0.000287000,-2.000000000,-0.160824742,5.000000000,1,1,0,222,0
288,0.000288000,-2.000000000,-0.152577320,5.000000000,1,1,0,223,0
289,0.000289000,-2.000000000,-0.144329897,5.000000000,1,1,0,224,0
290,0.000290000,-2.000000000,-0.136082474,5.000000000,1,1,0,225,0
291,0.000291000,-2.000000000,-0.127835052,5.000000000,1,1,0,226,0
292,0.000292000,-2.000000000,-0.119587629,5.000000000,1,1,0,227,0
293,0.000293000,-2.000000000,-0.111340206,5.000000000,1,1,0,228,0
294,0.000294000,-2.000000000,-0.103092784,5.000000000,1,1,0,229,0
295,0.000295000,-2.000000000,-0.094845361,5.000000000,1,1,0,230,0
296,0.000296000,-2.000000000,-0.086597938,5.000000000,1,1,0,231,0
297,0.000297000,-2.000000000,-0.078350515,5.000000000,1,1,0,232,0
298,0.000298000,-2.000000000,-0.070103093,5.000000000,1,1,0,233,0
299,0.000299000,-2.000000000,-0.061855670,5.000000000,1,1,0,234,0
300,0.000300000,-2.000000000,-0.053608247,5.000000000,1,1,0,235,0
301,0.000301000,-2.000000000,-0.045360825,5.000000000,1,1,0,236,0
302,0.000302000,-2.000000000,-0.037113402,5.000000000,1,1,0,237,0
303,0.000303000,-2.000000000,-0.028865979,5.000000000,1,1,0,238,0
304,0.000304000,-2.000000000,-0.020618557,5.000000000,1,1,0,239,0
305,0.000305000,-2.000000000,-0.012371134,5.000000000,1,1,0,240,0
306,0.000306000,-2.000000000,-0.004123711,5.000000000,1,1,0,241,0
307,0.000307000,-2.000000000,0.004123711,5.000000000,1,1,0,242,0
308,0.000308000,-2.000000000,0.012371134,5.000000000,1,1,0,243,0
309,0.000309000,-2.000000000,0.020618557,5.000000000,1,1,0,244,0
310,0.000310000,-2.000000000,0.028865979,5.000000000,1,1,0,245,0
311,0.000311000,-2.000000000,0.037113402,5.000000000,1,1,0,246,0
312,0.000312000,-2.000000000,0.045360825,5.000000000,1,1,0,247,0
313,0.000313000,-2.000000000,0.053608247,5.000000000,1,1,0,248,0
314,0.000314000,-2.000000000,0.061855670,5.000000000,1,1,0,249,0
315,0.000315000,-2.000000000,0.070103093,5.000000000,1,1,0,250,0
316,0.000316000,-2.000000000,0.078350515,5.000000000,1,1,0,251,0
317,0.000317000,-2.000000000,0.086597938,5.000000000,1,1,0,252,0
318,0.000318000,-2.000000000,0.094845361,5.000000000,1,1,0,253,0
319,0.000319000,-2.000000000,0.103092784,5.000000000,1,1,0,254,0
320,0.000320000,-2.000000000,0.111340206,5.000000000,1,1,0,255,0
321,0.000321000,-2.000000000,0.119587629,5.000000000,1,1,0,256,0
322,0.000322000,-2.000000000,0.127835052,5.000000000,1,1,0,257,0
323,0.000323000,-2.000000000,0.136082474,5.000000000,1,1,0,258,0
324,0.000324000,-2.000000000,0.144329897,5.000000000,1,1,0,259,0
325,0.000325000,-2.000000000,0.152577320,5.000000000,1,1,0,260,0
326,0.000326000,-2.000000000,0.160824742,5.000000000,1,1,0,261,0
327,0.000327000,-2.000000000,0.169072165,5.000000000,1,1,0,262,0
328,0.000328000,-2.000000000,0.177319588,5.000000000,1,1,0,263,0
329,0.000329000,-2.000000000,0.185567010,5.000000000,1,1,0,264,0
330,0.000330000,-2.000000000,0.193814433,5.000000000,1,1,0,265,0
331,0.000331000,-2.000000000,0.202061856,5.000000000,1,1,0,266,0
332,0.000332000,-2.000000000,0.210309278,5.000000000,1,1,0,267,0
333,0.000333000,-2.000000000,0.218556701,5.000000000,1,1,0,268,0
334,0.000334000,-2.000000000,0.226804124,5.000000000,1,1,0,269,0
335,0.000335000,-2.000000000,0.235051546,5.000000000,1,1,0,270,0
336,0.000336000,-2.000000000,0.243298969,5.000000000,1,1,0,271,0
337,0.000337000,-2.000000000,0.251546392,5.000000000,1,1,0,272,0
338,0.000338000,-2.000000000,0.259793814,5.000000000,1,1,0,273,0
339,0.000339000,-2.000000000,0.268041237,5.000000000,1,1,0,274,0
340,0.000340000,-2.000000000,0.276288660,5.000000000,1,1,0,275,0
341,0.000341000,-2.000000000,0.284536082,5.000000000,1,1,0,276,0
342,0.000342000,-2.000000000,0.292783505,5.000000000,1,1,0,277,0
343,0.000343000,-2.000000000,0.301030928,5.000000000,1,1,0,278,0
344,0.000344000,-2.000000000,0.309278351,5.000000000,1,1,0,279,0
345,0.000345000,-2.000000000,0.317525773,5.000000000,1,1,0,280,0
346,0.000346000,-2.000000000,0.325773196,5.000000000,1,1,0,281,0
347,0.000347000,-2.000000000,0.334020619,5.000000000,1,1,0,282,0
348,0.000348000,-2.000000000,0.342268041,5.000000000,1,1,0,283,0
349,0.000349000,-2.000000000,0.350515464,5.000000000,1,1,0,284,0
350,0.000350000,-2.000000000,0.358762887,5.000000000,1,1,0,285,0
351,0.000351000,-2.000000000,0.367010309,5.000000000,1,1,0,286,0
352,0.000352000,-2.000000000,0.375257732,5.000000000,1,1,0,287,0
353,0.000353000,-2.000000000,0.383505155,5.000000000,1,1,0,288,0
354,0.000354000,-2.000000000,0.391752577,5.000000000,1,1,0,289,0
355,0.000355000,-2.000000000,0.400000000,5.000000000,1,1,0,290,0
356,0.000356000,-2.000000000,0.408247423,5.000000000,1,1,0,291,0
357,0.000357000,-2.000000000,0.416494845,5.000000000,1,1,0,292,0
358,0.000358000,-2.000000000,0.424742268,5.000000000,1,1,0,293,0
359,0.000359000,-2.000000000,0.432989691,5.000000000,1,1,0,294,0
360,0.000360000,-2.000000000,0.441237113,5.000000000,1,1,0,295,0
361,0.000361000,-2.000000000,0.449484536,5.000000000,1,1,0,296,0
362,0.000362000,-2.000000000,0.457731959,5.000000000,1,1,0,297,0
363,0.000363000,-2.000000000,0.465979381,5.000000000,1,1,0,298,0
364,0.000364000,-2.000000000,0.474226804,5.000000000,1,1,0,299,0
365,0.000365000,-2.000000000,0.482474227,5.000000000,1,1,0,300,0
366,0.000366000,-2.000000000,0.490721649,5.000000000,1,1,0,301,0
367,0.000367000,-2.000000000,0.498969072,5.000000000,1,1,0,302,0
368,0.000368000,-2.000000000,0.507216495,5.000000000,1,1,0,303,0
369,0.000369000,-2.000000000,0.515463918,5.000000000,1,1,0,304,0
370,0.000370000,-2.000000000,0.523711340,5.000000000,1,1,0,305,0
371,0.000371000,-2.000000000,0.531958763,5.000000000,1,1,0,306,0
372,0.000372000,-2.000000000,0.540206186,5.000000000,1,1,0,307,0
373,0.000373000,-2.000000000,0.548453608,5.000000000,1,1,0,308,0
374,0.000374000,-2.000000000,0.556701031,5.000000000,1,1,0,309,0
375,0.000375000,-2.000000000,0.564948454,5.000000000,1,1,0,310,0
376,0.000376000,-2.000000000,0.573195876,5.000000000,1,1,0,311,0
377,0.000377000,-2.000000000,0.581443299,5.000000000,1,1,0,312,0
378,0.000378000,-2.000000000,0.589690722,5.000000000,1,1,0,313,0
379,0.000379000,-2.000000000,0.597938144,5.000000000,1,1,0,314,0
380,0.000380000,-2.000000000,0.606185567,5.000000000,1,1,0,315,0
381,0.000381000,-2.000000000,0.614432990,5.000000000,1,1,0,316,0
382,0.000382000,-2.000000000,0.622680412,5.000000000,1,1,0,317,0
383,0.000383000,-2.000000000,0.630927835,5.000000000,1,1,0,318,0
384,0.000384000,-2.000000000,0.639175258,5.000000000,1,1,0,319,0
385,0.000385000,-2.000000000,0.647422680,5.000000000,1,1,0,320,0
386,0.000386000,-2.000000000,0.655670103,5.000000000,1,1,0,321,0
387,0.000387000,-2.000000000,0.663917526,5.000000000,1,1,0,322,0
388,0.000388000,-2.000000000,0.672164948,5.000000000,1,1,0,323,0
389,0.000389000,-2.000000000,0.680412371,5.000000000,1,1,0,324,0
390,0.000390000,-2.000000000,0.688659794,5.000000000,1,1,0,325,0
391,0.000391000,-2.000000000,0.696907216,5.000000000,1,1,0,326,0
392,0.000392000,-2.000000000,0.705154639,5.000000000,1,1,0,327,0
393,0.000393000,-2.000000000,0.713402062,5.000000000,1,1,0,328,0
394,0.000394000,-2.000000000,0.721649485,5.000000000,1,1,0,329,0
395,0.000395000,-2.000000000,0.729896907,5.000000000,1,1,0,330,0
396,0.000396000,-2.000000000,0.738144330,5.000000000,1,1,0,331,0
397,0.000397000,-2.000000000,0.746391753,5.000000000,1,1,0,332,0
398,0.000398000,-2.000000000,0.754639175,5.000000000,1,1,0,333,0
399,0.000399000,-2.000000000,0.762886598,5.000000000,1,1,0,334,0
400,0.000400000,-2.000000000,0.771134021,5.000000000,1,1,0,335,0
401,0.000401000,-2.000000000,0.779381443,5.000000000,1,1,0,336,0
402,0.000402000,-2.000000000,0.787628866,5.000000000,1,1,0,337,0
403,0.000403000,-2.000000000,0.795876289,5.000000000,1,1,0,338,0
404,0.000404000,-2.000000000,0.804123711,5.000000000,1,1,0,339,0
405,0.000405000,-2.000000000,0.812371134,5.000000000,1,1,0,340,0
406,0.000406000,-2.000000000,0.820618557,5.000000000,1,1,0,341,0
407,0.000407000,-2.000000000,0.828865979,5.000000000,1,1,0,342,0
408,0.000408000,-2.000000000,0.837113402,5.000000000,1,1,0,343,0
409,0.000409000,-2.000000000,0.845360825,5.000000000,1,1,0,344,0
410,0.000410000,-2.000000000,0.853608247,5.000000000,1,1,0,345,0
411,0.000411000,-2.000000000,0.861855670,5.000000000,1,1,0,346,0
412,0.000412000,-2.000000000,0.870103093,5.000000000,1,1,0,347,0
413,0.000413000,-2.000000000,0.878350515,5.000000000,1,1,0,348,0
414,0.000414000,-2.000000000,0.886597938,5.000000000,1,1,0,349,0
415,0.000415000,-2.000000000,0.894845361,5.000000000,1,1,0,350,0
416,0.000416000,-2.000000000,0.903092784,5.000000000,1,1,0,351,0
417,0.000417000,-2.000000000,0.911340206,5.000000000,1,1,0,352,0
418,0.000418000,-2.000000000,0.919587629,5.000000000,1,1,0,353,0
419,0.000419000,-2.000000000,0.927835052,5.000000000,1,1,0,354,0
420,0.000420000,-2.000000000,0.936082474,5.000000000,1,1,0,355,0
421,0.000421000,-2.000000000,0.944329897,5.000000000,1,1,0,356,0
422,0.000422000,-2.000000000,0.952577320,5.000000000,1,1,0,357,0
423,0.000423000,-2.000000000,0.960824742,5.000000000,1,1,0,358,0
424,0.000424000,-2.000000000,0.969072165,5.000000000,1,1,0,359,0
425,0.000425000,-2.000000000,0.977319588,5.000000000,1,1,0,360,0
426,0.000426000,-2.000000000,0.985567010,5.000000000,1,1,0,361,0
427,0.000427000,-2.000000000,0.993814433,5.000000000,1,1,0,362,0
428,0.000428000,-2.000000000,1.002061856,5.000000000,1,1,0,363,0
429,0.000429000,-2.000000000,1.010309278,5.000000000,1,1,0,364,0
430,0.000430000,-2.000000000,1.018556701,5.000000000,1,1,0,365,0
431,0.000431000,-2.000000000,1.026804124,5.000000000,1,1,0,366,0
432,0.000432000,-2.000000000,1.035051546,5.000000000,1,1,0,367,0
433,0.000433000,-2.000000000,1.043298969,5.000000000,1,1,0,368,0
434,0.000434000,-2.000000000,1.051546392,5.000000000,1,1,0,369,0
435,0.000435000,-2.000000000,1.059793814,5.000000000,1,1,0,370,0
436,0.000436000,-2.000000000,1.068041237,5.000000000,1,1,0,371,0
437,0.000437000,-2.000000000,1.076288660,5.000000000,1,1,0,372,0
438,0.000438000,-2.000000000,1.084536082,5.000000000,1,1,0,373,0
439,0.000439000,-2.000000000,1.092783505,5.000000000,1,1,0,374,0
440,0.000440000,-2.000000000,1.101030928,5.000000000,1,1,0,375,0
441,0.000441000,-2.000000000,1.109278351,5.000000000,1,1,0,376,0
442,0.000442000,-2.000000000,1.117525773,5.000000000,1,1,0,377,0
443,0.000443000,-2.000000000,1.125773196,5.000000000,1,1,0,378,0
444,0.000444000,-2.000000000,1.134020619,5.000000000,1,1,0,379,0
445,0.000445000,-2.000000000,1.142268041,5.000000000,1,1,0,380,0
446,0.000446000,-2.000000000,1.150515464,5.000000000,1,1,0,381,0
447,0.000447000,-2.000000000,1.158762887,5.000000000,1,1,0,382,0
448,0.000448000,-2.000000000,1.167010309,5.000000000,1,1,0,383,0
449,0.000449000,-2.000000000,1.175257732,5.000000000,1,1,0,384,0
450,0.000450000,-2.000000000,1.183505155,5.000000000,1,1,0,385,0
451,0.000451000,-2.000000000,1.191752577,5.000000000,1,1,0,386,0
452,0.000452000,-2.000000000,1.200000000,5.000000000,1,1,0,387,0
453,0.000453000,-2.000000000,1.208247423,5.000000000,1,1,0,388,0
454,0.000454000,-2.000000000,1.216494845,5.000000000,1,1,0,389,0
455,0.000455000,-2.000000000,1.224742268,5.000000000,1,1,0,390,0
456,0.000456000,-2.000000000,1.232989691,5.000000000,1,1,0,391,0
457,0.000457000,-2.000000000,1.241237113,5.000000000,1,1,0,392,0
458,0.000458000,-2.000000000,1.249484536,5.000000000,1,1,0,393,0
459,0.000459000,-2.000000000,1.257731959,5.000000000,1,1,0,394,0
460,0.000460000,-2.000000000,1.265979381,5.000000000,1,1,0,395,0
461,0.000461000,-2.000000000,1.274226804,5.000000000,1,1,0,396,0
462,0.000462000,-2.000000000,1.282474227,5.000000000,1,1,0,397,0
463,0.000463000,-2.000000000,1.290721649,5.000000000,1,1,0,398,0
464,0.000464000,-2.000000000,1.298969072,5.000000000,1,1,0,399,0
465,0.000465000,-2.000000000,1.307216495,5.000000000,1,1,0,400,0
466,0.000466000,-2.000000000,1.315463918,5.000000000,1,1,0,401,0
467,0.000467000,-2.000000000,1.323711340,5.000000000,1,1,0,402,0
468,0.000468000,-2.000000000,1.331958763,5.000000000,1,1,0,403,0
469,0.000469000,-2.000000000,1.340206186,5.000000000,1,1,0,404,0
470,0.000470000,-2.000000000,1.348453608,5.000000000,1,1,0,405,0
471,0.000471000,-2.000000000,1.356701031,5.000000000,1,1,0,406,0
472,0.000472000,-2.000000000,1.364948454,5.000000000,1,1,0,407,0
473,0.000473000,-2.000000000,1.373195876,5.000000000,1,1,0,408,0
474,0.000474000,-2.000000000,1.381443299,5.000000000,1,1,0,409,0
475,0.000475000,-2.000000000,1.389690722,5.000000000,1,1,0,410,0
476,0.000476000,-2.000000000,1.397938144,5.000000000,1,1,0,411,0
477,0.000477000,-2.000000000,1.406185567,5.000000000,1,1,0,412,0
478,0.000478000,-2.000000000,1.414432990,5.000000000,1,1,0,413,0
479,0.000479000,-2.000000000,1.422680412,5.000000000,1,1,0,414,0
480,0.000480000,-2.000000000,1.430927835,5.000000000,1,1,0,415,0
481,0.000481000,-2.000000000,1.439175258,5.000000000,1,1,0,416,0
482,0.000482000,-2.000000000,1.447422680,5.000000000,1,1,0,417,0
483,0.000483000,-2.000000000,1.455670103,5.000000000,1,1,0,418,0
484,0.000484000,-2.000000000,1.463917526,5.000000000,1,1,0,419,0
485,0.000485000,-2.000000000,1.472164948,5.000000000,1,1,0,420,0
486,0.000486000,-2.000000000,1.480412371,5.000000000,1,1,0,421,0
487,0.000487000,-2.000000000,1.488659794,5.000000000,1,1,0,422,0
488,0.000488000,-2.000000000,1.496907216,5.000000000,1,1,0,423,0
489,0.000489000,-2.000000000,1.505154639,5.000000000,1,1,0,424,0
490,0.000490000,-2.000000000,1.513402062,5.000000000,1,1,0,425,0
491,0.000491000,-2.000000000,1.521649485,5.000000000,1,1,0,426,0
492,0.000492000,-2.000000000,1.529896907,5.000000000,1,1,0,427,0
493,0.000493000,-2.000000000,1.538144330,5.000000000,1,1,0,428,0
494,0.000494000,-2.000000000,1.546391753,5.000000000,1,1,0,429,0
495,0.000495000,-2.000000000,1.554639175,5.000000000,1,1,0,430,0
496,0.000496000,-2.000000000,1.562886598,5.000000000,1,1,0,431,0
497,0.000497000,-2.000000000,1.571134021,5.000000000,1,1,0,432,0
498,0.000498000,-2.000000000,1.579381443,5.000000000,1,1,0,433,0
499,0.000499000,-2.000000000,1.587628866,5.000000000,1,1,0,434,0
500,0.000500000,-2.000000000,1.595876289,5.000000000,1,1,0,435,0
501,0.000501000,-2.000000000,1.604123711,5.000000000,1,1,0,436,0
502,0.000502000,-2.000000000,1.612371134,5.000000000,1,1,0,437,0
503,0.000503000,-2.000000000,1.620618557,5.000000000,1,1,0,438,0
504,0.000504000,-2.000000000,1.628865979,5.000000000,1,1,0,439,0
505,0.000505000,-2.000000000,1.637113402,5.000000000,1,1,0,440,0
506,0.000506000,-2.000000000,1.645360825,5.000000000,1,1,0,441,0
507,0.000507000,-2.000000000,1.653608247,5.000000000,1,1,0,442,0
508,0.000508000,-2.000000000,1.661855670,5.000000000,1,1,0,443,0
509,0.000509000,-2.000000000,1.670103093,5.000000000,1,1,0,444,0
510,0.000510000,-2.000000000,1.678350515,5.000000000,1,1,0,445,0
511,0.000511000,-2.000000000,1.686597938,5.000000000,1,1,0,446,0
512,0.000512000,-2.000000000,1.694845361,5.000000000,1,1,0,447,0
513,0.000513000,-2.000000000,1.703092784,5.000000000,1,1,0,448,0
514,0.000514000,-2.000000000,1.711340206,5.000000000,1,1,0,449,0
515,0.000515000,-2.000000000,1.719587629,5.000000000,1,1,0,450,0
516,0.000516000,-2.000000000,1.727835052,5.000000000,1,1,0,451,0
517,0.000517000,-2.000000000,1.736082474,5.000000000,1,1,0,452,0
518,0.000518000,-2.000000000,1.744329897,5.000000000,1,1,0,453,0
519,0.000519000,-2.000000000,1.752577320,5.000000000,1,1,0,454,0
520,0.000520000,-2.000000000,1.760824742,5.000000000,1,1,0,455,0
521,0.000521000,-2.000000000,1.769072165,5.000000000,1,1,0,456,0
522,0.000522000,-2.000000000,1.777319588,5.000000000,1,1,0,457,0
523,0.000523000,-2.000000000,1.785567010,5.000000000,1,1,0,458,0
524,0.000524000,-2.000000000,1.793814433,5.000000000,1,1,0,459,0
525,0.000525000,-2.000000000,1.802061856,5.000000000,1,1,0,460,0
526,0.000526000,-2.000000000,1.810309278,5.000000000,1,1,0,461,0
527,0.000527000,-2.000000000,1.818556701,5.000000000,1,1,0,462,0
528,0.000528000,-2.000000000,1.826804124,5.000000000,1,1,0,463,0
529,0.000529000,-2.000000000,1.835051546,5.000000000,1,1,0,464,0
530,0.000530000,-2.000000000,1.843298969,5.000000000,1,1,0,465,0
531,0.000531000,-2.000000000,1.851546392,5.000000000,1,1,0,466,0
532,0.000532000,-2.000000000,1.859793814,5.000000000,1,1,0,467,0
533,0.000533000,-2.000000000,1.868041237,5.000000000,1,1,0,468,0
534,0.000534000,-2.000000000,1.876288660,5.000000000,1,1,0,469,0
535,0.000535000,-2.000000000,1.884536082,5.000000000,1,1,0,470,0
536,0.000536000,-2.000000000,1.892783505,5.000000000,1,1,0,471,0
537,0.000537000,-2.000000000,1.901030928,5.000000000,1,1,0,472,0
538,0.000538000,-2.000000000,1.909278351,5.000000000,1,1,0,473,0
539,0.000539000,-2.000000000,1.917525773,5.000000000,1,1,0,474,0
540,0.000540000,-2.000000000,1.925773196,5.000000000,1,1,0,475,0
541,0.000541000,-2.000000000,1.934020619,5.000000000,1,1,0,476,0
542,0.000542000,-2.000000000,1.942268041,5.000000000,1,1,0,477,0
543,0.000543000,-2.000000000,1.950515464,5.000000000,1,1,0,478,0
544,0.000544000,-2.000000000,1.958762887,5.000000000,1,1,0,479,0
545,0.000545000,-2.000000000,1.967010309,5.000000000,1,1,0,480,0
546,0.000546000,-2.000000000,1.975257732,5.000000000,1,1,0,481,0
547,0.000547000,-2.000000000,1.983505155,5.000000000,1,1,0,482,0
548,0.000548000,-2.000000000,1.991752577,5.000000000,1,1,0,483,0
549,0.000549000,-2.000000000,2.000000000,5.000000000,1,1,0,484,0
550,0.000550000,-1.990291262,2.000000000,5.000000000,1,0,0,484,1
551,0.000551000,-1.980582524,2.000000000,5.000000000,1,0,0,484,2
552,0.000552000,-1.970873786,2.000000000,5.000000000,1,0,0,484,3
553,0.000553000,-1.961165049,2.000000000,5.000000000,1,0,0,484,4
554,0.000554000,-1.951456311,2.000000000,5.000000000,1,0,0,484,5
555,0.000555000,-1.941747573,2.000000000,5.000000000,1,0,0,484,6
556,0.000556000,-1.932038835,2.000000000,5.000000000,1,0,0,484,7
557,0.000557000,-1.922330097,2.000000000,5.000000000,1,0,0,484,8
558,0.000558000,-1.912621359,2.000000000,5.000000000,1,0,0,484,9
559,0.000559000,-1.902912621,2.000000000,5.000000000,1,0,0,484,10
560,0.000560000,-1.893203883,2.000000000,5.000000000,1,0,0,484,11
561,0.000561000,-1.883495146,2.000000000,5.000000000,1,0,0,484,12
562,0.000562000,-1.873786408,2.000000000,5.000000000,1,0,0,484,13
563,0.000563000,-1.864077670,2.000000000,5.000000000,1,0,0,484,14
564,0.000564000,-1.854368932,2.000000000,5.000000000,1,0,0,484,15
565,0.000565000,-1.844660194,2.000000000,5.000000000,1,0,0,484,16
566,0.000566000,-1.834951456,2.000000000,5.000000000,1,0,0,484,17
567,0.000567000,-1.825242718,2.000000000,5.000000000,1,0,0,484,18
568,0.000568000,-1.815533981,2.000000000,5.000000000,1,0,0,484,19
569,0.000569000,-1.805825243,2.000000000,5.000000000,1,0,0,484,20
570,0.000570000,-1.796116505,2.000000000,5.000000000,1,0,0,484,21
571,0.000571000,-1.786407767,2.000000000,5.000000000,1,0,0,484,22
572,0.000572000,-1.776699029,2.000000000,5.000000000,1,0,0,484,23
573,0.000573000,-1.766990291,2.000000000,5.000000000,1,0,0,484,24
574,0.000574000,-1.757281553,2.000000000,5.000000000,1,0,0,484,25
575,0.000575000,-1.747572816,2.000000000,5.000000000,1,0,0,484,26
576,0.000576000,-1.737864078,2.000000000,5.000000000,1,0,0,484,27
577,0.000577000,-1.728155340,2.000000000,5.000000000,1,0,0,484,28
578,0.000578000,-1.718446602,2.000000000,5.000000000,1,0,0,484,29
579,0.000579000,-1.708737864,2.000000000,5.000000000,1,0,0,484,30
580,0.000580000,-1.699029126,2.000000000,5.000000000,1,0,0,484,31
581,0.000581000,-1.689320388,2.000000000,5.000000000,1,0,0,484,32
582,0.000582000,-1.679611650,2.000000000,5.000000000,1,0,0,484,33
583,0.000583000,-1.669902913,2.000000000,5.000000000,1,0,0,484,34
584,0.000584000,-1.660194175,2.000000000,5.000000000,1,0,0,484,35
585,0.000585000,-1.650485437,2.000000000,5.000000000,1,0,0,484,36
586,0.000586000,-1.640776699,2.000000000,5.000000000,1,0,0,484,37
587,0.000587000,-1.631067961,2.000000000,5.000000000,1,0,0,484,38
588,0.000588000,-1.621359223,2.000000000,5.000000000,1,0,0,484,39
589,0.000589000,-1.611650485,2.000000000,5.000000000,1,0,0,484,40
590,0.000590000,-1.601941748,2.000000000,5.000000000,1,0,0,484,41
591,0.000591000,-1.592233010,2.000000000,5.000000000,1,0,0,484,42
592,0.000592000,-1.582524272,2.000000000,5.000000000,1,0,0,484,43
593,0.000593000,-1.572815534,2.000000000,5.000000000,1,0,0,484,44
594,0.000594000,-1.563106796,2.000000000,5.000000000,1,0,0,484,45
595,0.000595000,-1.553398058,2.000000000,5.000000000,1,0,0,484,46
596,0.000596000,-1.543689320,2.000000000,5.000000000,1,0,0,484,47
597,0.000597000,-1.533980583,2.000000000,5.000000000,1,0,0,484,48
598,0.000598000,-1.524271845,2.000000000,5.000000000,1,0,0,484,49
599,0.000599000,-1.514563107,2.000000000,5.000000000,1,0,0,484,50
600,0.000600000,-1.504854369,2.000000000,5.000000000,1,0,0,484,51
601,0.000601000,-1.495145631,2.000000000,5.000000000,1,0,0,484,52
602,0.000602000,-1.485436893,2.000000000,5.000000000,1,0,0,484,53
603,0.000603000,-1.475728155,2.000000000,5.000000000,1,0,0,484,54
604,0.000604000,-1.466019417,2.000000000,5.000000000,1,0,0,484,55
605,0.000605000,-1.456310680,2.000000000,5.000000000,1,0,0,484,56
606,0.000606000,-1.446601942,2.000000000,5.000000000,1,0,0,484,57
607,0.000607000,-1.436893204,2.000000000,5.000000000,1,0,0,484,58
608,0.000608000,-1.427184466,2.000000000,5.000000000,1,0,0,484,59
609,0.000609000,-1.417475728,2.000000000,5.000000000,1,0,0,484,60
610,0.000610000,-1.407766990,2.000000000,5.000000000,1,0,0,484,61
611,0.000611000,-1.398058252,2.000000000,5.000000000,1,0,0,484,62
612,0.000612000,-1.388349515,2.000000000,5.000000000,1,0,0,484,63
613,0.000613000,-1.378640777,2.000000000,5.000000000,1,0,0,484,64
614,0.000614000,-1.368932039,2.000000000,5.000000000,1,0,0,484,65
615,0.000615000,-1.359223301,2.000000000,5.000000000,1,0,0,484,66
616,0.000616000,-1.349514563,2.000000000,5.000000000,1,0,0,484,67
617,0.000617000,-1.339805825,2.000000000,5.000000000,1,0,0,484,68
618,0.000618000,-1.330097087,2.000000000,5.000000000,1,0,0,484,69
619,0.000619000,-1.320388350,2.000000000,5.000000000,1,0,0,484,70
620,0.000620000,-1.310679612,2.000000000,5.000000000,1,0,0,484,71
621,0.000621000,-1.300970874,2.000000000,5.000000000,1,0,0,484,72
622,0.000622000,-1.291262136,2.000000000,5.000000000,1,0,0,484,73
623,0.000623000,-1.281553398,2.000000000,5.000000000,1,0,0,484,74
624,0.000624000,-1.271844660,2.000000000,5.000000000,1,0,0,484,75
625,0.000625000,-1.262135922,2.000000000,5.000000000,1,0,0,484,76
626,0.000626000,-1.252427184,2.000000000,5.000000000,1,0,0,484,77
627,0.000627000,-1.242718447,2.000000000,5.000000000,1,0,0,484,78
628,0.000628000,-1.233009709,2.000000000,5.000000000,1,0,0,484,79
629,0.000629000,-1.223300971,2.000000000,5.000000000,1,0,0,484,80
630,0.000630000,-1.213592233,2.000000000,5.000000000,1,0,0,484,81
631,0.000631000,-1.203883495,2.000000000,5.000000000,1,0,0,484,82
632,0.000632000,-1.194174757,2.000000000,5.000000000,1,0,0,484,83
633,0.000633000,-1.184466019,2.000000000,5.000000000,1,0,0,484,84
634,0.000634000,-1.174757282,2.000000000,5.000000000,1,0,0,484,85
635,0.000635000,-1.165048544,2.000000000,5.000000000,1,0,0,484,86
636,0.000636000,-1.155339806,2.000000000,5.000000000,1,0,0,484,87
637,0.000637000,-1.145631068,2.000000000,5.000000000,1,0,0,484,88
638,0.000638000,-1.135922330,2.000000000,5.000000000,1,0,0,484,89
639,0.000639000,-1.126213592,2.000000000,5.000000000,1,0,0,484,90
640,0.000640000,-1.116504854,2.000000000,5.000000000,1,0,0,484,91
641,0.000641000,-1.106796117,2.000000000,5.000000000,1,0,0,484,92
642,0.000642000,-1.097087379,2.000000000,5.000000000,1,0,0,484,93
643,0.000643000,-1.087378641,2.000000000,5.000000000,1,0,0,484,94
644,0.000644000,-1.077669903,2.000000000,5.000000000,1,0,0,484,95
645,0.000645000,-1.067961165,2.000000000,5.000000000,1,0,0,484,96
646,0.000646000,-1.058252427,2.000000000,5.000000000,1,0,0,484,97
647,0.000647000,-1.048543689,2.000000000,5.000000000,1,0,0,484,98
648,0.000648000,-1.038834951,2.000000000,5.000000000,1,0,0,484,99
649,0.000649000,-1.029126214,2.000000000,5.000000000,1,0,0,484,100
650,0.000650000,-1.019417476,2.000000000,5.000000000,1,0,0,484,101
651,0.000651000,-1.009708738,2.000000000,5.000000000,1,0,0,484,102
652,0.000652000,-1.000000000,2.000000000,5.000000000,1,0,0,484,103
653,0.000653000,-0.990291262,2.000000000,5.000000000,1,0,0,484,104
654,0.000654000,-0.980582524,2.000000000,5.000000000,1,0,0,484,105
655,0.000655000,-0.970873786,2.000000000,5.000000000,1,0,0,484,106
656,0.000656000,-0.961165049,2.000000000,5.000000000,1,0,0,484,107
657,0.000657000,-0.951456311,2.000000000,5.000000000,1,0,0,484,108
658,0.000658000,-0.941747573,2.000000000,5.000000000,1,0,0,484,109
659,0.000659000,-0.932038835,2.000000000,5.000000000,1,0,0,484,110
660,0.000660000,-0.922330097,2.000000000,5.000000000,1,0,0,484,111
661,0.000661000,-0.912621359,2.000000000,5.000000000,1,0,0,484,112
662,0.000662000,-0.902912621,2.000000000,5.000000000,1,0,0,484,113
663,0.000663000,-0.893203883,2.000000000,5.000000000,1,0,0,484,114
664,0.000664000,-0.883495146,2.000000000,5.000000000,1,0,0,484,115
665,0.000665000,-0.873786408,2.000000000,5.000000000,1,0,0,484,116
666,0.000666000,-0.864077670,2.000000000,5.000000000,1,0,0,484,117
667,0.000667000,-0.854368932,2.000000000,5.000000000,1,0,0,484,118
668,0.000668000,-0.844660194,2.000000000,5.000000000,1,0,0,484,119
669,0.000669000,-0.834951456,2.000000000,5.000000000,1,0,0,484,120
670,0.000670000,-0.825242718,2.000000000,5.000000000,1,0,0,484,121
671,0.000671000,-0.815533981,2.000000000,5.000000000,1,0,0,484,122
672,0.000672000,-0.805825243,2.000000000,5.000000000,1,0,0,484,123
673,0.000673000,-0.796116505,2.000000000,5.000000000,1,0,0,484,124
674,0.000674000,-0.786407767,2.000000000,5.000000000,1,0,0,484,125
675,0.000675000,-0.776699029,2.000000000,5.000000000,1,0,0,484,126
676,0.000676000,-0.766990291,2.000000000,5.000000000,1,0,0,484,127
677,0.000677000,-0.757281553,2.000000000,5.000000000,1,0,0,484,128
678,0.000678000,-0.747572816,2.000000000,5.000000000,1,0,0,484,129
679,0.000679000,-0.737864078,2.000000000,5.000000000,1,0,0,484,130
680,0.000680000,-0.728155340,2.000000000,5.000000000,1,0,0,484,131
681,0.000681000,-0.718446602,2.000000000,5.000000000,1,0,0,484,132
682,0.000682000,-0.708737864,2.000000000,5.000000000,1,0,0,484,133
683,0.000683000,-0.699029126,2.000000000,5.000000000,1,0,0,484,134
684,0.000684000,-0.689320388,2.000000000,5.000000000,1,0,0,484,135
685,0.000685000,-0.679611650,2.000000000,5.000000000,1,0,0,484,136
686,0.000686000,-0.669902913,2.000000000,5.000000000,1,0,0,484,137
687,0.000687000,-0.660194175,2.000000000,5.000000000,1,0,0,484,138
688,0.000688000,-0.650485437,2.000000000,5.000000000,1,0,0,484,139
689,0.000689000,-0.640776699,2.000000000,5.000000000,1,0,0,484,140
690,0.000690000,-0.631067961,2.000000000,5.000000000,1,0,0,484,141
691,0.000691000,-0.621359223,2.000000000,5.000000000,1,0,0,484,142
692,0.000692000,-0.611650485,2.000000000,5.000000000,1,0,0,484,143
693,0.000693000,-0.601941748,2.000000000,5.000000000,1,0,0,484,144
694,0.000694000,-0.592233010,2.000000000,5.000000000,1,0,0,484,145
695,0.000695000,-0.582524272,2.000000000,5.000000000,1,0,0,484,146
696,0.000696000,-0.572815534,2.000000000,5.000000000,1,0,0,484,147
697,0.000697000,-0.563106796,2.000000000,5.000000000,1,0,0,484,148
698,0.000698000,-0.553398058,2.000000000,5.000000000,1,0,0,484,149
699,0.000699000,-0.543689320,2.000000000,5.000000000,1,0,0,484,150
700,0.000700000,-0.533980583,2.000000000,5.000000000,1,0,0,484,151
701,0.000701000,-0.524271845,2.000000000,5.000000000,1,0,0,484,152
702,0.000702000,-0.514563107,2.000000000,5.000000000,1,0,0,484,153
703,0.000703000,-0.504854369,2.000000000,5.000000000,1,0,0,484,154
704,0.000704000,-0.495145631,2.000000000,5.000000000,1,0,0,484,155
705,0.000705000,-0.485436893,2.000000000,5.000000000,1,0,0,484,156
706,0.000706000,-0.475728155,2.000000000,5.000000000,1,0,0,484,157
707,0.000707000,-0.466019417,2.000000000,5.000000000,1,0,0,484,158
708,0.000708000,-0.456310680,2.000000000,5.000000000,1,0,0,484,159
709,0.000709000,-0.446601942,2.000000000,5.000000000,1,0,0,484,160
710,0.000710000,-0.436893204,2.000000000,5.000000000,1,0,0,484,161
711,0.000711000,-0.427184466,2.000000000,5.000000000,1,0,0,484,162
712,0.000712000,-0.417475728,2.000000000,5.000000000,1,0,0,484,163
713,0.000713000,-0.407766990,2.000000000,5.000000000,1,0,0,484,164
714,0.000714000,-0.398058252,2.000000000,5.000000000,1,0,0,484,165
715,0.000715000,-0.388349515,2.000000000,5.000000000,1,0,0,484,166
716,0.000716000,-0.378640777,2.000000000,5.000000000,1,0,0,484,167
717,0.000717000,-0.368932039,2.000000000,5.000000000,1,0,0,484,168
718,0.000718000,-0.359223301,2.000000000,5.000000000,1,0,0,484,169
719,0.000719000,-0.349514563,2.000000000,5.000000000,1,0,0,484,170
720,0.000720000,-0.339805825,2.000000000,5.000000000,1,0,0,484,171
721,0.000721000,-0.330097087,2.000000000,5.000000000,1,0,0,484,172
722,0.000722000,-0.320388350,2.000000000,5.000000000,1,0,0,484,173
723,0.000723000,-0.310679612,2.000000000,5.000000000,1,0,0,484,174
724,0.000724000,-0.300970874,2.000000000,5.000000000,1,0,0,484,175
725,0.000725000,-0.291262136,2.000000000,5.000000000,1,0,0,484,176
726,0.000726000,-0.281553398,2.000000000,5.000000000,1,0,0,484,177
727,0.000727000,-0.271844660,2.000000000,5.000000000,1,0,0,484,178
728,0.000728000,-0.262135922,2.000000000,5.000000000,1,0,0,484,179
729,0.000729000,-0.252427184,2.000000000,5.000000000,1,0,0,484,180
730,0.000730000,-0.242718447,2.000000000,5.000000000,1,0,0,484,181
731,0.000731000,-0.233009709,2.000000000,5.000000000,1,0,0,484,182
732,0.000732000,-0.223300971,2.000000000,5.000000000,1,0,0,484,183
733,0.000733000,-0.213592233,2.000000000,5.000000000,1,0,0,484,184
734,0.000734000,-0.203883495,2.000000000,5.000000000,1,0,0,484,185
735,0.000735000,-0.194174757,2.000000000,5.000000000,1,0,0,484,186
736,0.000736000,-0.184466019,2.000000000,5.000000000,1,0,0,484,187
737,0.000737000,-0.174757282,2.000000000,5.000000000,1,0,0,484,188
738,0.000738000,-0.165048544,2.000000000,5.000000000,1,0,0,484,189
739,0.000739000,-0.155339806,2.000000000,5.000000000,1,0,0,484,190
740,0.000740000,-0.145631068,2.000000000,5.000000000,1,0,0,484,191
741,0.000741000,-0.135922330,2.000000000,5.000000000,1,0,0,484,192
742,0.000742000,-0.126213592,2.000000000,5.000000000,1,0,0,484,193
743,0.000743000,-0.116504854,2.000000000,5.000000000,1,0,0,484,194
744,0.000744000,-0.106796117,2.000000000,5.000000000,1,0,0,484,195
745,0.000745000,-0.097087379,2.000000000,5.000000000,1,0,0,484,196
746,0.000746000,-0.087378641,2.000000000,5.000000000,1,0,0,484,197
747,0.000747000,-0.077669903,2.000000000,5.000000000,1,0,0,484,198
748,0.000748000,-0.067961165,2.000000000,5.000000000,1,0,0,484,199
749,0.000749000,-0.058252427,2.000000000,5.000000000,1,0,0,484,200
750,0.000750000,-0.048543689,2.000000000,5.000000000,1,0,0,484,201
751,0.000751000,-0.038834951,2.000000000,5.000000000,1,0,0,484,202
752,0.000752000,-0.029126214,2.000000000,5.000000000,1,0,0,484,203
753,0.000753000,-0.019417476,2.000000000,5.000000000,1,0,0,484,204
754,0.000754000,-0.009708738,2.000000000,5.000000000,1,0,0,484,205
755,0.000755000,0.000000000,2.000000000,5.000000000,1,0,0,484,206
756,0.000756000,0.009708738,2.000000000,5.000000000,1,0,0,484,207
757,0.000757000,0.019417476,2.000000000,5.000000000,1,0,0,484,208
758,0.000758000,0.029126214,2.000000000,5.000000000,1,0,0,484,209
759,0.000759000,0.038834951,2.000000000,5.000000000,1,0,0,484,210
760,0.000760000,0.048543689,2.000000000,5.000000000,1,0,0,484,211
761,0.000761000,0.058252427,2.000000000,5.000000000,1,0,0,484,212
762,0.000762000,0.067961165,2.000000000,5.000000000,1,0,0,484,213
763,0.000763000,0.077669903,2.000000000,5.000000000,1,0,0,484,214
764,0.000764000,0.087378641,2.000000000,5.000000000,1,0,0,484,215
765,0.000765000,0.097087379,2.000000000,5.000000000,1,0,0,484,216
766,0.000766000,0.106796117,2.000000000,5.000000000,1,0,0,484,217
767,0.000767000,0.116504854,2.000000000,5.000000000,1,0,0,484,218
768,0.000768000,0.126213592,2.000000000,5.000000000,1,0,0,484,219
769,0.000769000,0.135922330,2.000000000,5.000000000,1,0,0,484,220
770,0.000770000,0.145631068,2.000000000,5.000000000,1,0,0,484,221
771,0.000771000,0.155339806,2.000000000,5.000000000,1,0,0,484,222
772,0.000772000,0.165048544,2.000000000,5.000000000,1,0,0,484,223
773,0.000773000,0.174757282,2.000000000,5.000000000,1,0,0,484,224
774,0.000774000,0.184466019,2.000000000,5.000000000,1,0,0,484,225
775,0.000775000,0.194174757,2.000000000,5.000000000,1,0,0,484,226
776,0.000776000,0.203883495,2.000000000,5.000000000,1,0,0,484,227
777,0.000777000,0.213592233,2.000000000,5.000000000,1,0,0,484,228
778,0.000778000,0.223300971,2.000000000,5.000000000,1,0,0,484,229
779,0.000779000,0.233009709,2.000000000,5.000000000,1,0,0,484,230
780,0.000780000,0.242718447,2.000000000,5.000000000,1,0,0,484,231
781,0.000781000,0.252427184,2.000000000,5.000000000,1,0,0,484,232
782,0.000782000,0.262135922,2.000000000,5.000000000,1,0,0,484,233
783,0.000783000,0.271844660,2.000000000,5.000000000,1,0,0,484,234
784,0.000784000,0.281553398,2.000000000,5.000000000,1,0,0,484,235
785,0.000785000,0.291262136,2.000000000,5.000000000,1,0,0,484,236
786,0.000786000,0.300970874,2.000000000,5.000000000,1,0,0,484,237
787,0.000787000,0.310679612,2.000000000,5.000000000,1,0,0,484,238
788,0.000788000,0.320388350,2.000000000,5.000000000,1,0,0,484,239
789,0.000789000,0.330097087,2.000000000,5.000000000,1,0,0,484,240
790,0.000790000,0.339805825,2.000000000,5.000000000,1,0,0,484,241
791,0.000791000,0.349514563,2.000000000,5.000000000,1,0,0,484,242
792,0.000792000,0.359223301,2.000000000,5.000000000,1,0,0,484,243
793,0.000793000,0.368932039,2.000000000,5.000000000,1,0,0,484,244
794,0.000794000,0.378640777,2.000000000,5.000000000,1,0,0,484,245
795,0.000795000,0.388349515,2.000000000,5.000000000,1,0,0,484,246
796,0.000796000,0.398058252,2.000000000,5.000000000,1,0,0,484,247
797,0.000797000,0.407766990,2.000000000,5.000000000,1,0,0,484,248
798,0.000798000,0.417475728,2.000000000,5.000000000,1,0,0,484,249
799,0.000799000,0.427184466,2.000000000,5.000000000,1,0,0,484,250
800,0.000800000,0.436893204,2.000000000,5.000000000,1,0,0,484,251
801,0.000801000,0.446601942,2.000000000,5.000000000,1,0,0,484,252
802,0.000802000,0.456310680,2.000000000,5.000000000,1,0,0,484,253
803,0.000803000,0.466019417,2.000000000,5.000000000,1,0,0,484,254
804,0.000804000,0.475728155,2.000000000,5.000000000,1,0,0,484,255
805,0.000805000,0.485436893,2.000000000,5.000000000,1,0,0,484,256
806,0.000806000,0.495145631,2.000000000,5.000000000,1,0,0,484,257
807,0.000807000,0.504854369,2.000000000,5.000000000,1,0,0,484,258
808,0.000808000,0.514563107,2.000000000,5.000000000,1,0,0,484,259
809,0.000809000,0.524271845,2.000000000,5.000000000,1,0,0,484,260
810,0.000810000,0.533980583,2.000000000,5.000000000,1,0,0,484,261
811,0.000811000,0.543689320,2.000000000,5.000000000,1,0,0,484,262
812,0.000812000,0.553398058,2.000000000,5.000000000,1,0,0,484,263
813,0.000813000,0.563106796,2.000000000,5.000000000,1,0,0,484,264
814,0.000814000,0.572815534,2.000000000,5.000000000,1,0,0,484,265
815,0.000815000,0.582524272,2.000000000,5.000000000,1,0,0,484,266
816,0.000816000,0.592233010,2.000000000,5.000000000,1,0,0,484,267
817,0.000817000,0.601941748,2.000000000,5.000000000,1,0,0,484,268
818,0.000818000,0.611650485,2.000000000,5.000000000,1,0,0,484,269
819,0.000819000,0.621359223,2.000000000,5.000000000,1,0,0,484,270
820,0.000820000,0.631067961,2.000000000,5.000000000,1,0,0,484,271
821,0.000821000,0.640776699,2.000000000,5.000000000,1,0,0,484,272
822,0.000822000,0.650485437,2.000000000,5.000000000,1,0,0,484,273
823,0.000823000,0.660194175,2.000000000,5.000000000,1,0,0,484,274
824,0.000824000,0.669902913,2.000000000,5.000000000,1,0,0,484,275
825,0.000825000,0.679611650,2.000000000,5.000000000,1,0,0,484,276
826,0.000826000,0.689320388,2.000000000,5.000000000,1,0,0,484,277
827,0.000827000,0.699029126,2.000000000,5.000000000,1,0,0,484,278
828,0.000828000,0.708737864,2.000000000,5.000000000,1,0,0,484,279
829,0.000829000,0.718446602,2.000000000,5.000000000,1,0,0,484,280
830,0.000830000,0.728155340,2.000000000,5.000000000,1,0,0,484,281
831,0.000831000,0.737864078,2.000000000,5.000000000,1,0,0,484,282
832,0.000832000,0.747572816,2.000000000,5.000000000,1,0,0,484,283
833,0.000833000,0.757281553,2.000000000,5.000000000,1,0,0,484,284
834,0.000834000,0.766990291,2.000000000,5.000000000,1,0,0,484,285
835,0.000835000,0.776699029,2.000000000,5.000000000,1,0,0,484,286
836,0.000836000,0.786407767,2.000000000,5.000000000,1,0,0,484,287
837,0.000837000,0.796116505,2.000000000,5.000000000,1,0,0,484,288
838,0.000838000,0.805825243,2.000000000,5.000000000,1,0,0,484,289
839,0.000839000,0.815533981,2.000000000,5.000000000,1,0,0,484,290
840,0.000840000,0.825242718,2.000000000,5.000000000,1,0,0,484,291
841,0.000841000,0.834951456,2.000000000,5.000000000,1,0,0,484,292
842,0.000842000,0.844660194,2.000000000,5.000000000,1,0,0,484,293
843,0.000843000,0.854368932,2.000000000,5.000000000,1,0,0,484,294
844,0.000844000,0.864077670,2.000000000,5.000000000,1,0,0,484,295
845,0.000845000,0.873786408,2.000000000,5.000000000,1,0,0,484,296
846,0.000846000,0.883495146,2.000000000,5.000000000,1,0,0,484,297
847,0.000847000,0.893203883,2.000000000,5.000000000,1,0,0,484,298
848,0.000848000,0.902912621,2.000000000,5.000000000,1,0,0,484,299
849,0.000849000,0.912621359,2.000000000,5.000000000,1,0,0,484,300
850,0.000850000,0.922330097,2.000000000,5.000000000,1,0,0,484,301
851,0.000851000,0.932038835,2.000000000,5.000000000,1,0,0,484,302
852,0.000852000,0.941747573,2.000000000,5.000000000,1,0,0,484,303
853,0.000853000,0.951456311,2.000000000,5.000000000,1,0,0,484,304
854,0.000854000,0.961165049,2.000000000,5.000000000,1,0,0,484,305
855,0.000855000,0.970873786,2.000000000,5.000000000,1,0,0,484,306
856,0.000856000,0.980582524,2.000000000,5.000000000,1,0,0,484,307
857,0.000857000,0.990291262,2.000000000,5.000000000,1,0,0,484,308
858,0.000858000,1.000000000,2.000000000,5.000000000,1,0,0,484,309
859,0.000859000,1.009708738,2.000000000,5.000000000,1,0,0,484,310
860,0.000860000,1.019417476,2.000000000,5.000000000,1,0,0,484,311
861,0.000861000,1.029126214,2.000000000,5.000000000,1,0,0,484,312
862,0.000862000,1.038834951,2.000000000,5.000000000,1,0,0,484,313
863,0.000863000,1.048543689,2.000000000,5.000000000,1,0,0,484,314
864,0.000864000,1.058252427,2.000000000,5.000000000,1,0,0,484,315
865,0.000865000,1.067961165,2.000000000,5.000000000,1,0,0,484,316
866,0.000866000,1.077669903,2.000000000,5.000000000,1,0,0,484,317
867,0.000867000,1.087378641,2.000000000,5.000000000,1,0,0,484,318
868,0.000868000,1.097087379,2.000000000,5.000000000,1,0,0,484,319
869,0.000869000,1.106796117,2.000000000,5.000000000,1,0,0,484,320
870,0.000870000,1.116504854,2.000000000,5.000000000,1,0,0,484,321
871,0.000871000,1.126213592,2.000000000,5.000000000,1,0,0,484,322
872,0.000872000,1.135922330,2.000000000,5.000000000,1,0,0,484,323
873,0.000873000,1.145631068,2.000000000,5.000000000,1,0,0,484,324
874,0.000874000,1.155339806,2.000000000,5.000000000,1,0,0,484,325
875,0.000875000,1.165048544,2.000000000,5.000000000,1,0,0,484,326
876,0.000876000,1.174757282,2.000000000,5.000000000,1,0,0,484,327
877,0.000877000,1.184466019,2.000000000,5.000000000,1,0,0,484,328
878,0.000878000,1.194174757,2.000000000,5.000000000,1,0,0,484,329
879,0.000879000,1.203883495,2.000000000,5.000000000,1,0,0,484,330
880,0.000880000,1.213592233,2.000000000,5.000000000,1,0,0,484,331
881,0.000881000,1.223300971,2.000000000,5.000000000,1,0,0,484,332
882,0.000882000,1.233009709,2.000000000,5.000000000,1,0,0,484,333
883,0.000883000,1.242718447,2.000000000,5.000000000,1,0,0,484,334
884,0.000884000,1.252427184,2.000000000,5.000000000,1,0,0,484,335
885,0.000885000,1.262135922,2.000000000,5.000000000,1,0,0,484,336
886,0.000886000,1.271844660,2.000000000,5.000000000,1,0,0,484,337
887,0.000887000,1.281553398,2.000000000,5.000000000,1,0,0,484,338
888,0.000888000,1.291262136,2.000000000,5.000000000,1,0,0,484,339
889,0.000889000,1.300970874,2.000000000,5.000000000,1,0,0,484,340
890,0.000890000,1.310679612,2.000000000,5.000000000,1,0,0,484,341
891,0.000891000,1.320388350,2.000000000,5.000000000,1,0,0,484,342
892,0.000892000,1.330097087,2.000000000,5.000000000,1,0,0,484,343
893,0.000893000,1.339805825,2.000000000,5.000000000,1,0,0,484,344
894,0.000894000,1.349514563,2.000000000,5.000000000,1,0,0,484,345
895,0.000895000,1.359223301,2.000000000,5.000000000,1,0,0,484,346
896,0.000896000,1.368932039,2.000000000,5.000000000,1,0,0,484,347
897,0.000897000,1.378640777,2.000000000,5.000000000,1,0,0,484,348
898,0.000898000,1.388349515,2.000000000,5.000000000,1,0,0,484,349
899,0.000899000,1.398058252,2.000000000,5.000000000,1,0,0,484,350
900,0.000900000,1.407766990,2.000000000,5.000000000,1,0,0,484,351
901,0.000901000,1.417475728,2.000000000,5.000000000,1,0,0,484,352
902,0.000902000,1.427184466,2.000000000,5.000000000,1,0,0,484,353
903,0.000903000,1.436893204,2.000000000,5.000000000,1,0,0,484,354
904,0.000904000,1.446601942,2.000000000,5.000000000,1,0,0,484,355
905,0.000905000,1.456310680,2.000000000,5.000000000,1,0,0,484,356
906,0.000906000,1.466019417,2.000000000,5.000000000,1,0,0,484,357
907,0.000907000,1.475728155,2.000000000,5.000000000,1,0,0,484,358
908,0.000908000,1.485436893,2.000000000,5.000000000,1,0,0,484,359
909,0.000909000,1.495145631,2.000000000,5.000000000,1,0,0,484,360
910,0.000910000,1.504854369,2.000000000,5.000000000,1,0,0,484,361
911,0.000911000,1.514563107,2.000000000,5.000000000,1,0,0,484,362
912,0.000912000,1.524271845,2.000000000,5.000000000,1,0,0,484,363
913,0.000913000,1.533980583,2.000000000,5.000000000,1,0,0,484,364
914,0.000914000,1.543689320,2.000000000,5.000000000,1,0,0,484,365
915,0.000915000,1.553398058,2.000000000,5.000000000,1,0,0,484,366
916,0.000916000,1.563106796,2.000000000,5.000000000,1,0,0,484,367
917,0.000917000,1.572815534,2.000000000,5.000000000,1,0,0,484,368
918,0.000918000,1.582524272,2.000000000,5.000000000,1,0,0,484,369
919,0.000919000,1.592233010,2.000000000,5.000000000,1,0,0,484,370
920,0.000920000,1.601941748,2.000000000,5.000000000,1,0,0,484,371
921,0.000921000,1.611650485,2.000000000,5.000000000,1,0,0,484,372
922,0.000922000,1.621359223,2.000000000,5.000000000,1,0,0,484,373
923,0.000923000,1.631067961,2.000000000,5.000000000,1,0,0,484,374
924,0.000924000,1.640776699,2.000000000,5.000000000,1,0,0,484,375
925,0.000925000,1.650485437,2.000000000,5.000000000,1,0,0,484,376
926,0.000926000,1.660194175,2.000000000,5.000000000,1,0,0,484,377
927,0.000927000,1.669902913,2.000000000,5.000000000,1,0,0,484,378
928,0.000928000,1.679611650,2.000000000,5.000000000,1,0,0,484,379
929,0.000929000,1.689320388,2.000000000,5.000000000,1,0,0,484,380
930,0.000930000,1.699029126,2.000000000,5.000000000,1,0,0,484,381
931,0.000931000,1.708737864,2.000000000,5.000000000,1,0,0,484,382
932,0.000932000,1.718446602,2.000000000,5.000000000,1,0,0,484,383
933,0.000933000,1.728155340,2.000000000,5.000000000,1,0,0,484,384
934,0.000934000,1.737864078,2.000000000,5.000000000,1,0,0,484,385
935,0.000935000,1.747572816,2.000000000,5.000000000,1,0,0,484,386
936,0.000936000,1.757281553,2.000000000,5.000000000,1,0,0,484,387
937,0.000937000,1.766990291,2.000000000,5.000000000,1,0,0,484,388
938,0.000938000,1.776699029,2.000000000,5.000000000,1,0,0,484,389
939,0.000939000,1.786407767,2.000000000,5.000000000,1,0,0,484,390
940,0.000940000,1.796116505,2.000000000,5.000000000,1,0,0,484,391
941,0.000941000,1.805825243,2.000000000,5.000000000,1,0,0,484,392
942,0.000942000,1.815533981,2.000000000,5.000000000,1,0,0,484,393
943,0.000943000,1.825242718,2.000000000,5.000000000,1,0,0,484,394
944,0.000944000,1.834951456,2.000000000,5.000000000,1,0,0,484,395
945,0.000945000,1.844660194,2.000000000,5.000000000,1,0,0,484,396
946,0.000946000,1.854368932,2.000000000,5.000000000,1,0,0,484,397
947,0.000947000,1.864077670,2.000000000,5.000000000,1,0,0,484,398
948,0.000948000,1.873786408,2.000000000,5.000000000,1,0,0,484,399
949,0.000949000,1.883495146,2.000000000,5.000000000,1,0,0,484,400
950,0.000950000,1.893203883,2.000000000,5.000000000,1,0,0,484,401
951,0.000951000,1.902912621,2.000000000,5.000000000,1,0,0,484,402
952,0.000952000,1.912621359,2.000000000,5.000000000,1,0,0,484,403
953,0.000953000,1.922330097,2.000000000,5.000000000,1,0,0,484,404
954,0.000954000,1.932038835,2.000000000,5.000000000,1,0,0,484,405
955,0.000955000,1.941747573,2.000000000,5.000000000,1,0,0,484,406
956,0.000956000,1.951456311,2.000000000,5.000000000,1,0,0,484,407
957,0.000957000,1.961165049,2.000000000,5.000000000,1,0,0,484,408
958,0.000958000,1.970873786,2.000000000,5.000000000,1,0,0,484,409
959,0.000959000,1.980582524,2.000000000,5.000000000,1,0,0,484,410
960,0.000960000,1.990291262,2.000000000,5.000000000,1,0,0,484,411
961,0.000961000,2.000000000,1.991752577,5.000000000,1,1,0,485,0
962,0.000962000,2.000000000,1.983505155,5.000000000,1,1,0,486,0
963,0.000963000,2.000000000,1.975257732,5.000000000,1,1,0,487,0
964,0.000964000,2.000000000,1.967010309,5.000000000,1,1,0,488,0
965,0.000965000,2.000000000,1.958762887,5.000000000,1,1,0,489,0
966,0.000966000,2.000000000,1.950515464,5.000000000,1,1,0,490,0
967,0.000967000,2.000000000,1.942268041,5.000000000,1,1,0,491,0
968,0.000968000,2.000000000,1.934020619,5.000000000,1,1,0,492,0
969,0.000969000,2.000000000,1.925773196,5.000000000,1,1,0,493,0
970,0.000970000,2.000000000,1.917525773,5.000000000,1,1,0,494,0
971,0.000971000,2.000000000,1.909278351,5.000000000,1,1,0,495,0
972,0.000972000,2.000000000,1.901030928,5.000000000,1,1,0,496,0
973,0.000973000,2.000000000,1.892783505,5.000000000,1,1,0,497,0
974,0.000974000,2.000000000,1.884536082,5.000000000,1,1,0,498,0
975,0.000975000,2.000000000,1.876288660,5.000000000,1,1,0,499,0
976,0.000976000,2.000000000,1.868041237,5.000000000,1,1,0,500,0
977,0.000977000,2.000000000,1.859793814,5.000000000,1,1,0,501,0
978,0.000978000,2.000000000,1.851546392,5.000000000,1,1,0,502,0
979,0.000979000,2.000000000,1.843298969,5.000000000,1,1,0,503,0
980,0.000980000,2.000000000,1.835051546,5.000000000,1,1,0,504,0
981,0.000981000,2.000000000,1.826804124,5.000000000,1,1,0,505,0
982,0.000982000,2.000000000,1.818556701,5.000000000,1,1,0,506,0
983,0.000983000,2.000000000,1.810309278,5.000000000,1,1,0,507,0
984,0.000984000,2.000000000,1.802061856,5.000000000,1,1,0,508,0
985,0.000985000,2.000000000,1.793814433,5.000000000,1,1,0,509,0
986,0.000986000,2.000000000,1.785567010,5.000000000,1,1,0,510,0
987,0.000987000,2.000000000,1.777319588,5.000000000,1,1,0,511,0
988,0.000988000,2.000000000,1.769072165,5.000000000,1,1,0,512,0
989,0.000989000,2.000000000,1.760824742,5.000000000,1,1,0,513,0
990,0.000990000,2.000000000,1.752577320,5.000000000,1,1,0,514,0
991,0.000991000,2.000000000,1.744329897,5.000000000,1,1,0,515,0
992,0.000992000,2.000000000,1.736082474,5.000000000,1,1,0,516,0
993,0.000993000,2.000000000,1.727835052,5.000000000,1,1,0,517,0
994,0.000994000,2.000000000,1.719587629,5.000000000,1,1,0,518,0
995,0.000995000,2.000000000,1.711340206,5.000000000,1,1,0,519,0
996,0.000996000,2.000000000,1.703092784,5.000000000,1,1,0,520,0
997,0.000997000,2.000000000,1.694845361,5.000000000,1,1,0,521,0
998,0.000998000,2.000000000,1.686597938,5.000000000,1,1,0,522,0
999,0.000999000,2.000000000,1.678350515,5.000000000,1,1,0,523,0
1000,0.001000000,2.000000000,1.670103093,5.000000000,1,1,0,524,0
1001,0.001001000,2.000000000,1.661855670,5.000000000,1,1,0,525,0
1002,0.001002000,2.000000000,1.653608247,5.000000000,1,1,0,526,0
1003,0.001003000,2.000000000,1.645360825,5.000000000,1,1,0,527,0
1004,0.001004000,2.000000000,1.637113402,5.000000000,1,1,0,528,0
1005,0.001005000,2.000000000,1.628865979,5.000000000,1,1,0,529,0
1006,0.001006000,2.000000000,1.620618557,5.000000000,1,1,0,530,0
1007,0.001007000,2.000000000,1.612371134,5.000000000,1,1,0,531,0
1008,0.001008000,2.000000000,1.604123711,5.000000000,1,1,0,532,0
1009,0.001009000,2.000000000,1.595876289,5.000000000,1,1,0,533,0
1010,0.001010000,2.000000000,1.587628866,5.000000000,1,1,0,534,0
1011,0.001011000,2.000000000,1.579381443,5.000000000,1,1,0,535,0
1012,0.001012000,2.000000000,1.571134021,5.000000000,1,1,0,536,0
1013,0.001013000,2.000000000,1.562886598,5.000000000,1,1,0,537,0
1014,0.001014000,2.000000000,1.554639175,5.000000000,1,1,0,538,0
1015,0.001015000,2.000000000,1.546391753,5.000000000,1,1,0,539,0
1016,0.001016000,2.000000000,1.538144330,5.000000000,1,1,0,540,0
1017,0.001017000,2.000000000,1.529896907,5.000000000,1,1,0,541,0
1018,0.001018000,2.000000000,1.521649485,5.000000000,1,1,0,542,0
1019,0.001019000,2.000000000,1.513402062,5.000000000,1,1,0,543,0
1020,0.001020000,2.000000000,1.505154639,5.000000000,1,1,0,544,0
1021,0.001021000,2.000000000,1.496907216,5.000000000,1,1,0,545,0
1022,0.001022000,2.000000000,1.488659794,5.000000000,1,1,0,546,0
1023,0.001023000,2.000000000,1.480412371,5.000000000,1,1,0,547,0
1024,0.001024000,2.000000000,1.472164948,5.000000000,1,1,0,548,0
1025,0.001025000,2.000000000,1.463917526,5.000000000,1,1,0,549,0
1026,0.001026000,2.000000000,1.455670103,5.000000000,1,1,0,550,0
1027,0.001027000,2.000000000,1.447422680,5.000000000,1,1,0,551,0
1028,0.001028000,2.000000000,1.439175258,5.000000000,1,1,0,552,0
1029,0.001029000,2.000000000,1.430927835,5.000000000,1,1,0,553,0
1030,0.001030000,2.000000000,1.422680412,5.000000000,1,1,0,554,0
1031,0.001031000,2.000000000,1.414432990,5.000000000,1,1,0,555,0
1032,0.001032000,2.000000000,1.406185567,5.000000000,1,1,0,556,0
1033,0.001033000,2.000000000,1.397938144,5.000000000,1,1,0,557,0
1034,0.001034000,2.000000000,1.389690722,5.000000000,1,1,0,558,0
1035,0.001035000,2.000000000,1.381443299,5.000000000,1,1,0,559,0
1036,0.001036000,2.000000000,1.373195876,5.000000000,1,1,0,560,0
1037,0.001037000,2.000000000,1.364948454,5.000000000,1,1,0,561,0
1038,0.001038000,2.000000000,1.356701031,5.000000000,1,1,0,562,0
1039,0.001039000,2.000000000,1.348453608,5.000000000,1,1,0,563,0
1040,0.001040000,2.000000000,1.340206186,5.000000000,1,1,0,564,0
1041,0.001041000,2.000000000,1.331958763,5.000000000,1,1,0,565,0
1042,0.001042000,2.000000000,1.323711340,5.000000000,1,1,0,566,0
1043,0.001043000,2.000000000,1.315463918,5.000000000,1,1,0,567,0
1044,0.001044000,2.000000000,1.307216495,5.000000000,1,1,0,568,0
1045,0.001045000,2.000000000,1.298969072,5.000000000,1,1,0,569,0
1046,0.001046000,2.000000000,1.290721649,5.000000000,1,1,0,570,0
1047,0.001047000,2.000000000,1.282474227,5.000000000,1,1,0,571,0
1048,0.001048000,2.000000000,1.274226804,5.000000000,1,1,0,572,0
1049,0.001049000,2.000000000,1.265979381,5.000000000,1,1,0,573,0
1050,0.001050000,2.000000000,1.257731959,5.000000000,1,1,0,574,0
1051,0.001051000,2.000000000,1.249484536,5.000000000,1,1,0,575,0
1052,0.001052000,2.000000000,1.241237113,5.000000000,1,1,0,576,0
1053,0.001053000,2.000000000,1.232989691,5.000000000,1,1,0,577,0
1054,0.001054000,2.000000000,1.224742268,5.000000000,1,1,0,578,0
1055,0.001055000,2.000000000,1.216494845,5.000000000,1,1,0,579,0
1056,0.001056000,2.000000000,1.208247423,5.000000000,1,1,0,580,0
1057,0.001057000,2.000000000,1.200000000,5.000000000,1,1,0,581,0
1058,0.001058000,2.000000000,1.191752577,5.000000000,1,1,0,582,0
1059,0.001059000,2.000000000,1.183505155,5.000000000,1,1,0,583,0
1060,0.001060000,2.000000000,1.175257732,5.000000000,1,1,0,584,0
1061,0.001061000,2.000000000,1.167010309,5.000000000,1,1,0,585,0
1062,0.001062000,2.000000000,1.158762887,5.000000000,1,1,0,586,0
1063,0.001063000,2.000000000,1.150515464,5.000000000,1,1,0,587,0
1064,0.001064000,2.000000000,1.142268041,5.000000000,1,1,0,588,0
1065,0.001065000,2.000000000,1.134020619,5.000000000,1,1,0,589,0
1066,0.001066000,2.000000000,1.125773196,5.000000000,1,1,0,590,0
1067,0.001067000,2.000000000,1.117525773,5.000000000,1,1,0,591,0
1068,0.001068000,2.000000000,1.109278351,5.000000000,1,1,0,592,0
1069,0.001069000,2.000000000,1.101030928,5.000000000,1,1,0,593,0
1070,0.001070000,2.000000000,1.092783505,5.000000000,1,1,0,594,0
1071,0.001071000,2.000000000,1.084536082,5.000000000,1,1,0,595,0
1072,0.001072000,2.000000000,1.076288660,5.000000000,1,1,0,596,0
1073,0.001073000,2.000000000,1.068041237,5.000000000,1,1,0,597,0
1074,0.001074000,2.000000000,1.059793814,5.000000000,1,1,0,598,0
1075,0.001075000,2.000000000,1.051546392,5.000000000,1,1,0,599,0
1076,0.001076000,2.000000000,1.043298969,5.000000000,1,1,0,600,0
1077,0.001077000,2.000000000,1.035051546,5.000000000,1,1,0,601,0
1078,0.001078000,2.000000000,1.026804124,5.000000000,1,1,0,602,0
1079,0.001079000,2.000000000,1.018556701,5.000000000,1,1,0,603,0
1080,0.001080000,2.000000000,1.010309278,5.000000000,1,1,0,604,0
1081,0.001081000,2.000000000,1.002061856,5.000000000,1,1,0,605,0
1082,0.001082000,2.000000000,0.993814433,5.000000000,1,1,0,606,0
1083,0.001083000,2.000000000,0.985567010,5.000000000,1,1,0,607,0
1084,0.001084000,2.000000000,0.977319588,5.000000000,1,1,0,608,0
1085,0.001085000,2.000000000,0.969072165,5.000000000,1,1,0,609,0
1086,0.001086000,2.000000000,0.960824742,5.000000000,1,1,0,610,0
1087,0.001087000,2.000000000,0.952577320,5.000000000,1,1,0,611,0
1088,0.001088000,2.000000000,0.944329897,5.000000000,1,1,0,612,0
1089,0.001089000,2.000000000,0.936082474,5.000000000,1,1,0,613,0
1090,0.001090000,2.000000000,0.927835052,5.000000000,1,1,0,614,0
1091,0.001091000,2.000000000,0.919587629,5.000000000,1,1,0,615,0
1092,0.001092000,2.000000000,0.911340206,5.000000000,1,1,0,616,0
1093,0.001093000,2.000000000,0.903092784,5.000000000,1,1,0,617,0
1094,0.001094000,2.000000000,0.894845361,5.000000000,1,1,0,618,0
1095,0.001095000,2.000000000,0.886597938,5.000000000,1,1,0,619,0
1096,0.001096000,2.000000000,0.878350515,5.000000000,1,1,0,620,0
1097,0.001097000,2.000000000,0.870103093,5.000000000,1,1,0,621,0
1098,0.001098000,2.000000000,0.861855670,5.000000000,1,1,0,622,0
1099,0.001099000,2.000000000,0.853608247,5.000000000,1,1,0,623,0
1100,0.001100000,2.000000000,0.845360825,5.000000000,1,1,0,624,0
1101,0.001101000,2.000000000,0.837113402,5.000000000,1,1,0,625,0
1102,0.001102000,2.000000000,0.828865979,5.000000000,1,1,0,626,0
1103,0.001103000,2.000000000,0.820618557,5.000000000,1,1,0,627,0
1104,0.001104000,2.000000000,0.812371134,5.000000000,1,1,0,628,0
1105,0.001105000,2.000000000,0.804123711,5.000000000,1,1,0,629,0
1106,0.001106000,2.000000000,0.795876289,5.000000000,1,1,0,630,0
1107,0.001107000,2.000000000,0.787628866,5.000000000,1,1,0,631,0
1108,0.001108000,2.000000000,0.779381443,5.000000000,1,1,0,632,0
1109,0.001109000,2.000000000,0.771134021,5.000000000,1,1,0,633,0
1110,0.001110000,2.000000000,0.762886598,5.000000000,1,1,0,634,0
1111,0.001111000,2.000000000,0.754639175,5.000000000,1,1,0,635,0
1112,0.001112000,2.000000000,0.746391753,5.000000000,1,1,0,636,0
1113,0.001113000,2.000000000,0.738144330,5.000000000,1,1,0,637,0
1114,0.001114000,2.000000000,0.729896907,5.000000000,1,1,0,638,0
1115,0.001115000,2.000000000,0.721649485,5.000000000,1,1,0,639,0
1116,0.001116000,2.000000000,0.713402062,5.000000000,1,1,0,640,0
1117,0.001117000,2.000000000,0.705154639,5.000000000,1,1,0,641,0
1118,0.001118000,2.000000000,0.696907216,5.000000000,1,1,0,642,0
1119,0.001119000,2.000000000,0.688659794,5.000000000,1,1,0,643,0
1120,0.001120000,2.000000000,0.680412371,5.000000000,1,1,0,644,0
1121,0.001121000,2.000000000,0.672164948,5.000000000,1,1,0,645,0
1122,0.001122000,2.000000000,0.663917526,5.000000000,1,1,0,646,0
1123,0.001123000,2.000000000,0.655670103,5.000000000,1,1,0,647,0
1124,0.001124000,2.000000000,0.647422680,5.000000000,1,1,0,648,0
1125,0.001125000,2.000000000,0.639175258,5.000000000,1,1,0,649,0
1126,0.001126000,2.000000000,0.630927835,5.000000000,1,1,0,650,0
1127,0.001127000,2.000000000,0.622680412,5.000000000,1,1,0,651,0
1128,0.001128000,2.000000000,0.614432990,5.000000000,1,1,0,652,0
1129,0.001129000,2.000000000,0.606185567,5.000000000,1,1,0,653,0
1130,0.001130000,2.000000000,0.597938144,5.000000000,1,1,0,654,0
1131,0.001131000,2.000000000,0.589690722,5.000000000,1,1,0,655,0
1132,0.001132000,2.000000000,0.581443299,5.000000000,1,1,0,656,0
1133,0.001133000,2.000000000,0.573195876,5.000000000,1,1,0,657,0
1134,0.001134000,2.000000000,0.564948454,5.000000000,1,1,0,658,0
1135,0.001135000,2.000000000,0.556701031,5.000000000,1,1,0,659,0
1136,0.001136000,2.000000000,0.548453608,5.000000000,1,1,0,660,0
1137,0.001137000,2.000000000,0.540206186,5.000000000,1,1,0,661,0
1138,0.001138000,2.000000000,0.531958763,5.000000000,1,1,0,662,0
1139,0.001139000,2.000000000,0.523711340,5.000000000,1,1,0,663,0
1140,0.001140000,2.000000000,0.515463918,5.000000000,1,1,0,664,0
1141,0.001141000,2.000000000,0.507216495,5.000000000,1,1,0,665,0
1142,0.001142000,2.000000000,0.498969072,5.000000000,1,1,0,666,0
1143,0.001143000,2.000000000,0.490721649,5.000000000,1,1,0,667,0
1144,0.001144000,2.000000000,0.482474227,5.000000000,1,1,0,668,0
1145,0.001145000,2.000000000,0.474226804,5.000000000,1,1,0,669,0
1146,0.001146000,2.000000000,0.465979381,5.000000000,1,1,0,670,0
1147,0.001147000,2.000000000,0.457731959,5.000000000,1,1,0,671,0
1148,0.001148000,2.000000000,0.449484536,5.000000000,1,1,0,672,0
1149,0.001149000,2.000000000,0.441237113,5.000000000,1,1,0,673,0
1150,0.001150000,2.000000000,0.432989691,5.000000000,1,1,0,674,0
1151,0.001151000,2.000000000,0.424742268,5.000000000,1,1,0,675,0
1152,0.001152000,2.000000000,0.416494845,5.000000000,1,1,0,676,0
1153,0.001153000,2.000000000,0.408247423,5.000000000,1,1,0,677,0
1154,0.001154000,2.000000000,0.400000000,5.000000000,1,1,0,678,0
1155,0.001155000,2.000000000,0.391752577,5.000000000,1,1,0,679,0
1156,0.001156000,2.000000000,0.383505155,5.000000000,1,1,0,680,0
1157,0.001157000,2.000000000,0.375257732,5.000000000,1,1,0,681,0
1158,0.001158000,2.000000000,0.367010309,5.000000000,1,1,0,682,0
1159,0.001159000,2.000000000,0.358762887,5.000000000,1,1,0,683,0
1160,0.001160000,2.000000000,0.350515464,5.000000000,1,1,0,684,0
1161,0.001161000,2.000000000,0.342268041,5.000000000,1,1,0,685,0
1162,0.001162000,2.000000000,0.334020619,5.000000000,1,1,0,686,0
1163,0.001163000,2.000000000,0.325773196,5.000000000,1,1,0,687,0
1164,0.001164000,2.000000000,0.317525773,5.000000000,1,1,0,688,0
1165,0.001165000,2.000000000,0.309278351,5.000000000,1,1,0,689,0
1166,0.001166000,2.000000000,0.301030928,5.000000000,1,1,0,690,0
1167,0.001167000,2.000000000,0.292783505,5.000000000,1,1,0,691,0
1168,0.001168000,2.000000000,0.284536082,5.000000000,1,1,0,692,0
1169,0.001169000,2.000000000,0.276288660,5.000000000,1,1,0,693,0
1170,0.001170000,2.000000000,0.268041237,5.000000000,1,1,0,694,0
1171,0.001171000,2.000000000,0.259793814,5.000000000,1,1,0,695,0
1172,0.001172000,2.000000000,0.251546392,5.000000000,1,1,0,696,0
1173,0.001173000,2.000000000,0.243298969,5.000000000,1,1,0,697,0
1174,0.001174000,2.000000000,0.235051546,5.000000000,1,1,0,698,0
1175,0.001175000,2.000000000,0.226804124,5.000000000,1,1,0,699,0
1176,0.001176000,2.000000000,0.218556701,5.000000000,1,1,0,700,0
1177,0.001177000,2.000000000,0.210309278,5.000000000,1,1,0,701,0
1178,0.001178000,2.000000000,0.202061856,5.000000000,1,1,0,702,0
1179,0.001179000,2.000000000,0.193814433,5.000000000,1,1,0,703,0
1180,0.001180000,2.000000000,0.185567010,5.000000000,1,1,0,704,0
1181,0.001181000,2.000000000,0.177319588,5.000000000,1,1,0,705,0
1182,0.001182000,2.000000000,0.169072165,5.000000000,1,1,0,706,0
1183,0.001183000,2.000000000,0.160824742,5.000000000,1,1,0,707,0
1184,0.001184000,2.000000000,0.152577320,5.000000000,1,1,0,708,0
1185,0.001185000,2.000000000,0.144329897,5.000000000,1,1,0,709,0
1186,0.001186000,2.000000000,0.136082474,5.000000000,1,1,0,710,0
1187,0.001187000,2.000000000,0.127835052,5.000000000,1,1,0,711,0
1188,0.001188000,2.000000000,0.119587629,5.000000000,1,1,0,712,0
1189,0.001189000,2.000000000,0.111340206,5.000000000,1,1,0,713,0
1190,0.001190000,2.000000000,0.103092784,5.000000000,1,1,0,714,0
1191,0.001191000,2.000000000,0.094845361,5.000000000,1,1,0,715,0
1192,0.001192000,2.000000000,0.086597938,5.000000000,1,1,0,716,0
1193,0.001193000,2.000000000,0.078350515,5.000000000,1,1,0,717,0
1194,0.001194000,2.000000000,0.070103093,5.000000000,1,1,0,718,0
1195,0.001195000,2.000000000,0.061855670,5.000000000,1,1,0,719,0
1196,0.001196000,2.000000000,0.053608247,5.000000000,1,1,0,720,0
1197,0.001197000,2.000000000,0.045360825,5.000000000,1,1,0,721,0
1198,0.001198000,2.000000000,0.037113402,5.000000000,1,1,0,722,0
1199,0.001199000,2.000000000,0.028865979,5.000000000,1,1,0,723,0
1200,0.001200000,2.000000000,0.020618557,5.000000000,1,1,0,724,0
1201,0.001201000,2.000000000,0.012371134,5.000000000,1,1,0,725,0
1202,0.001202000,2.000000000,0.004123711,5.000000000,1,1,0,726,0
1203,0.001203000,2.000000000,-0.004123711,5.000000000,1,1,0,727,0
1204,0.001204000,2.000000000,-0.012371134,5.000000000,1,1,0,728,0
1205,0.001205000,2.000000000,-0.020618557,5.000000000,1,1,0,729,0
1206,0.001206000,2.000000000,-0.028865979,5.000000000,1,1,0,730,0
1207,0.001207000,2.000000000,-0.037113402,5.000000000,1,1,0,731,0
1208,0.001208000,2.000000000,-0.045360825,5.000000000,1,1,0,732,0
1209,0.001209000,2.000000000,-0.053608247,5.000000000,1,1,0,733,0
1210,0.001210000,2.000000000,-0.061855670,5.000000000,1,1,0,734,0
1211,0.001211000,2.000000000,-0.070103093,5.000000000,1,1,0,735,0
1212,0.001212000,2.000000000,-0.078350515,5.000000000,1,1,0,736,0
1213,0.001213000,2.000000000,-0.086597938,5.000000000,1,1,0,737,0
1214,0.001214000,2.000000000,-0.094845361,5.000000000,1,1,0,738,0
1215,0.001215000,2.000000000,-0.103092784,5.000000000,1,1,0,739,0
1216,0.001216000,2.000000000,-0.111340206,5.000000000,1,1,0,740,0
1217,0.001217000,2.000000000,-0.119587629,5.000000000,1,1,0,741,0
1218,0.001218000,2.000000000,-0.127835052,5.000000000,1,1,0,742,0
1219,0.001219000,2.000000000,-0.136082474,5.000000000,1,1,0,743,0
1220,0.001220000,2.000000000,-0.144329897,5.000000000,1,1,0,744,0
1221,0.001221000,2.000000000,-0.152577320,5.000000000,1,1,0,745,0
1222,0.001222000,2.000000000,-0.160824742,5.000000000,1,1,0,746,0
1223,0.001223000,2.000000000,-0.169072165,5.000000000,1,1,0,747,0
1224,0.001224000,2.000000000,-0.177319588,5.000000000,1,1,0,748,0
1225,0.001225000,2.000000000,-0.185567010,5.000000000,1,1,0,749,0
1226,0.001226000,2.000000000,-0.193814433,5.000000000,1,1,0,750,0
1227,0.001227000,2.000000000,-0.202061856,5.000000000,1,1,0,751,0
1228,0.001228000,2.000000000,-0.210309278,5.000000000,1,1,0,752,0
1229,0.001229000,2.000000000,-0.218556701,5.000000000,1,1,0,753,0
1230,0.001230000,2.000000000,-0.226804124,5.000000000,1,1,0,754,0
1231,0.001231000,2.000000000,-0.235051546,5.000000000,1,1,0,755,0
1232,0.001232000,2.000000000,-0.243298969,5.000000000,1,1,0,756,0
1233,0.001233000,2.000000000,-0.251546392,5.000000000,1,1,0,757,0
1234,0.001234000,2.000000000,-0.259793814,5.000000000,1,1,0,758,0
1235,0.001235000,2.000000000,-0.268041237,5.000000000,1,1,0,759,0
1236,0.001236000,2.000000000,-0.276288660,5.000000000,1,1,0,760,0
1237,0.001237000,2.000000000,-0.284536082,5.000000000,1,1,0,761,0
1238,0.001238000,2.000000000,-0.292783505,5.000000000,1,1,0,762,0
1239,0.001239000,2.000000000,-0.301030928,5.000000000,1,1,0,763,0
1240,0.001240000,2.000000000,-0.309278351,5.000000000,1,1,0,764,0
1241,0.001241000,2.000000000,-0.317525773,5.000000000,1,1,0,765,0
1242,0.001242000,2.000000000,-0.325773196,5.000000000,1,1,0,766,0
1243,0.001243000,2.000000000,-0.334020619,5.000000000,1,1,0,767,0
1244,0.001244000,2.000000000,-0.342268041,5.000000000,1,1,0,768,0
1245,0.001245000,2.000000000,-0.350515464,5.000000000,1,1,0,769,0
1246,0.001246000,2.000000000,-0.358762887,5.000000000,1,1,0,770,0
1247,0.001247000,2.000000000,-0.367010309,5.000000000,1,1,0,771,0
1248,0.001248000,2.000000000,-0.375257732,5.000000000,1,1,0,772,0
1249,0.001249000,2.000000000,-0.383505155,5.000000000,1,1,0,773,0
1250,0.001250000,2.000000000,-0.391752577,5.000000000,1,1,0,774,0
1251,0.001251000,2.000000000,-0.400000000,5.000000000,1,1,0,775,0
1252,0.001252000,2.000000000,-0.408247423,5.000000000,1,1,0,776,0
1253,0.001253000,2.000000000,-0.416494845,5.000000000,1,1,0,777,0
1254,0.001254000,2.000000000,-0.424742268,5.000000000,1,1,0,778,0
1255,0.001255000,2.000000000,-0.432989691,5.000000000,1,1,0,779,0
1256,0.001256000,2.000000000,-0.441237113,5.000000000,1,1,0,780,0
1257,0.001257000,2.000000000,-0.449484536,5.000000000,1,1,0,781,0
1258,0.001258000,2.000000000,-0.457731959,5.000000000,1,1,0,782,0
1259,0.001259000,2.000000000,-0.465979381,5.000000000,1,1,0,783,0
1260,0.001260000,2.000000000,-0.474226804,5.000000000,1,1,0,784,0
1261,0.001261000,2.000000000,-0.482474227,5.000000000,1,1,0,785,0
1262,0.001262000,2.000000000,-0.490721649,5.000000000,1,1,0,786,0
1263,0.001263000,2.000000000,-0.498969072,5.000000000,1,1,0,787,0
1264,0.001264000,2.000000000,-0.507216495,5.000000000,1,1,0,788,0
1265,0.001265000,2.000000000,-0.515463918,5.000000000,1,1,0,789,0
1266,0.001266000,2.000000000,-0.523711340,5.000000000,1,1,0,790,0
1267,0.001267000,2.000000000,-0.531958763,5.000000000,1,1,0,791,0
1268,0.001268000,2.000000000,-0.540206186,5.000000000,1,1,0,792,0
1269,0.001269000,2.000000000,-0.548453608,5.000000000,1,1,0,793,0
1270,0.001270000,2.000000000,-0.556701031,5.000000000,1,1,0,794,0
1271,0.001271000,2.000000000,-0.564948454,5.000000000,1,1,0,795,0
1272,0.001272000,2.000000000,-0.573195876,5.000000000,1,1,0,796,0
1273,0.001273000,2.000000000,-0.581443299,5.000000000,1,1,0,797,0
1274,0.001274000,2.000000000,-0.589690722,5.000000000,1,1,0,798,0
1275,0.001275000,2.000000000,-0.597938144,5.000000000,1,1,0,799,0
1276,0.001276000,2.000000000,-0.606185567,5.000000000,1,1,0,800,0
1277,0.001277000,2.000000000,-0.614432990,5.000000000,1,1,0,801,0
1278,0.001278000,2.000000000,-0.622680412,5.000000000,1,1,0,802,0
1279,0.001279000,2.000000000,-0.630927835,5.000000000,1,1,0,803,0
1280,0.001280000,2.000000000,-0.639175258,5.000000000,1,1,0,804,0
1281,0.001281000,2.000000000,-0.647422680,5.000000000,1,1,0,805,0
1282,0.001282000,2.000000000,-0.655670103,5.000000000,1,1,0,806,0
1283,0.001283000,2.000000000,-0.663917526,5.000000000,1,1,0,807,0
1284,0.001284000,2.000000000,-0.672164948,5.000000000,1,1,0,808,0
1285,0.001285000,2.000000000,-0.680412371,5.000000000,1,1,0,809,0
1286,0.001286000,2.000000000,-0.688659794,5.000000000,1,1,0,810,0
1287,0.001287000,2.000000000,-0.696907216,5.000000000,1,1,0,811,0
1288,0.001288000,2.000000000,-0.705154639,5.000000000,1,1,0,812,0
1289,0.001289000,2.000000000,-0.713402062,5.000000000,1,1,0,813,0
1290,0.001290000,2.000000000,-0.721649485,5.000000000,1,1,0,814,0
1291,0.001291000,2.000000000,-0.729896907,5.000000000,1,1,0,815,0
1292,0.001292000,2.000000000,-0.738144330,5.000000000,1,1,0,816,0
1293,0.001293000,2.000000000,-0.746391753,5.000000000,1,1,0,817,0
1294,0.001294000,2.000000000,-0.754639175,5.000000000,1,1,0,818,0
1295,0.001295000,2.000000000,-0.762886598,5.000000000,1,1,0,819,0
1296,0.001296000,2.000000000,-0.771134021,5.000000000,1,1,0,820,0
1297,0.001297000,2.000000000,-0.779381443,5.000000000,1,1,0,821,0
1298,0.001298000,2.000000000,-0.787628866,5.000000000,1,1,0,822,0
1299,0.001299000,2.000000000,-0.795876289,5.000000000,1,1,0,823,0
1300,0.001300000,2.000000000,-0.804123711,5.000000000,1,1,0,824,0
1301,0.001301000,2.000000000,-0.812371134,5.000000000,1,1,0,825,0
1302,0.001302000,2.000000000,-0.820618557,5.000000000,1,1,0,826,0
1303,0.001303000,2.000000000,-0.828865979,5.000000000,1,1,0,827,0
1304,0.001304000,2.000000000,-0.837113402,5.000000000,1,1,0,828,0
1305,0.001305000,2.000000000,-0.845360825,5.000000000,1,1,0,829,0
1306,0.001306000,2.000000000,-0.853608247,5.000000000,1,1,0,830,0
1307,0.001307000,2.000000000,-0.861855670,5.000000000,1,1,0,831,0
1308,0.001308000,2.000000000,-0.870103093,5.000000000,1,1,0,832,0
1309,0.001309000,2.000000000,-0.878350515,5.000000000,1,1,0,833,0
1310,0.001310000,2.000000000,-0.886597938,5.000000000,1,1,0,834,0
1311,0.001311000,2.000000000,-0.894845361,5.000000000,1,1,0,835,0
1312,0.001312000,2.000000000,-0.903092784,5.000000000,1,1,0,836,0
1313,0.001313000,2.000000000,-0.911340206,5.000000000,1,1,0,837,0
1314,0.001314000,2.000000000,-0.919587629,5.000000000,1,1,0,838,0
1315,0.001315000,2.000000000,-0.927835052,5.000000000,1,1,0,839,0
1316,0.001316000,2.000000000,-0.936082474,5.000000000,1,1,0,840,0
1317,0.001317000,2.000000000,-0.944329897,5.000000000,1,1,0,841,0
1318,0.001318000,2.000000000,-0.952577320,5.000000000,1,1,0,842,0
1319,0.001319000,2.000000000,-0.960824742,5.000000000,1,1,0,843,0
1320,0.001320000,2.000000000,-0.969072165,5.000000000,1,1,0,844,0
1321,0.001321000,2.000000000,-0.977319588,5.000000000,1,1,0,845,0
1322,0.001322000,2.000000000,-0.985567010,5.000000000,1,1,0,846,0
1323,0.001323000,2.000000000,-0.993814433,5.000000000,1,1,0,847,0
1324,0.001324000,2.000000000,-1.002061856,5.000000000,1,1,0,848,0
1325,0.001325000,2.000000000,-1.010309278,5.000000000,1,1,0,849,0
1326,0.001326000,2.000000000,-1.018556701,5.000000000,1,1,0,850,0
1327,0.001327000,2.000000000,-1.026804124,5.000000000,1,1,0,851,0
1328,0.001328000,2.000000000,-1.035051546,5.000000000,1,1,0,852,0
1329,0.001329000,2.000000000,-1.043298969,5.000000000,1,1,0,853,0
1330,0.001330000,2.000000000,-1.051546392,5.000000000,1,1,0,854,0
1331,0.001331000,2.000000000,-1.059793814,5.000000000,1,1,0,855,0
1332,0.001332000,2.000000000,-1.068041237,5.000000000,1,1,0,856,0
1333,0.001333000,2.000000000,-1.076288660,5.000000000,1,1,0,857,0
1334,0.001334000,2.000000000,-1.084536082,5.000000000,1,1,0,858,0
1335,0.001335000,2.000000000,-1.092783505,5.000000000,1,1,0,859,0
1336,0.001336000,2.000000000,-1.101030928,5.000000000,1,1,0,860,0
1337,0.001337000,2.000000000,-1.109278351,5.000000000,1,1,0,861,0
1338,0.001338000,2.000000000,-1.117525773,5.000000000,1,1,0,862,0
1339,0.001339000,2.000000000,-1.125773196,5.000000000,1,1,0,863,0
1340,0.001340000,2.000000000,-1.134020619,5.000000000,1,1,0,864,0
1341,0.001341000,2.000000000,-1.142268041,5.000000000,1,1,0,865,0
1342,0.001342000,2.000000000,-1.150515464,5.000000000,1,1,0,866,0
1343,0.001343000,2.000000000,-1.158762887,5.000000000,1,1,0,867,0
1344,0.001344000,2.000000000,-1.167010309,5.000000000,1,1,0,868,0
1345,0.001345000,2.000000000,-1.175257732,5.000000000,1,1,0,869,0
1346,0.001346000,2.000000000,-1.183505155,5.000000000,1,1,0,870,0
1347,0.001347000,2.000000000,-1.191752577,5.000000000,1,1,0,871,0
1348,0.001348000,2.000000000,-1.200000000,5.000000000,1,1,0,872,0
1349,0.001349000,2.000000000,-1.208247423,5.000000000,1,1,0,873,0
1350,0.001350000,2.000000000,-1.216494845,5.000000000,1,1,0,874,0
1351,0.001351000,2.000000000,-1.224742268,5.000000000,1,1,0,875,0
1352,0.001352000,2.000000000,-1.232989691,5.000000000,1,1,0,876,0
1353,0.001353000,2.000000000,-1.241237113,5.000000000,1,1,0,877,0
1354,0.001354000,2.000000000,-1.249484536,5.000000000,1,1,0,878,0
1355,0.001355000,2.000000000,-1.257731959,5.000000000,1,1,0,879,0
1356,0.001356000,2.000000000,-1.265979381,5.000000000,1,1,0,880,0
1357,0.001357000,2.000000000,-1.274226804,5.000000000,1,1,0,881,0
1358,0.001358000,2.000000000,-1.282474227,5.000000000,1,1,0,882,0
1359,0.001359000,2.000000000,-1.290721649,5.000000000,1,1,0,883,0
1360,0.001360000,2.000000000,-1.298969072,5.000000000,1,1,0,884,0
1361,0.001361000,2.000000000,-1.307216495,5.000000000,1,1,0,885,0
1362,0.001362000,2.000000000,-1.315463918,5.000000000,1,1,0,886,0
1363,0.001363000,2.000000000,-1.323711340,5.000000000,1,1,0,887,0
1364,0.001364000,2.000000000,-1.331958763,5.000000000,1,1,0,888,0
1365,0.001365000,2.000000000,-1.340206186,5.000000000,1,1,0,889,0
1366,0.001366000,2.000000000,-1.348453608,5.000000000,1,1,0,890,0
1367,0.001367000,2.000000000,-1.356701031,5.000000000,1,1,0,891,0
1368,0.001368000,2.000000000,-1.364948454,5.000000000,1,1,0,892,0
1369,0.001369000,2.000000000,-1.373195876,5.000000000,1,1,0,893,0
1370,0.001370000,2.000000000,-1.381443299,5.000000000,1,1,0,894,0
1371,0.001371000,2.000000000,-1.389690722,5.000000000,1,1,0,895,0
1372,0.001372000,2.000000000,-1.397938144,5.000000000,1,1,0,896,0
1373,0.001373000,2.000000000,-1.406185567,5.000000000,1,1,0,897,0
1374,0.001374000,2.000000000,-1.414432990,5.000000000,1,1,0,898,0
1375,0.001375000,2.000000000,-1.422680412,5.000000000,1,1,0,899,0
1376,0.001376000,2.000000000,-1.430927835,5.000000000,1,1,0,900,0
1377,0.001377000,2.000000000,-1.439175258,5.000000000,1,1,0,901,0
1378,0.001378000,2.000000000,-1.447422680,5.000000000,1,1,0,902,0
1379,0.001379000,2.000000000,-1.455670103,5.000000000,1,1,0,903,0
1380,0.001380000,2.000000000,-1.463917526,5.000000000,1,1,0,904,0
1381,0.001381000,2.000000000,-1.472164948,5.000000000,1,1,0,905,0
1382,0.001382000,2.000000000,-1.480412371,5.000000000,1,1,0,906,0
1383,0.001383000,2.000000000,-1.488659794,5.000000000,1,1,0,907,0
1384,0.001384000,2.000000000,-1.496907216,5.000000000,1,1,0,908,0
1385,0.001385000,2.000000000,-1.505154639,5.000000000,1,1,0,909,0
1386,0.001386000,2.000000000,-1.513402062,5.000000000,1,1,0,910,0
1387,0.001387000,2.000000000,-1.521649485,5.000000000,1,1,0,911,0
1388,0.001388000,2.000000000,-1.529896907,5.000000000,1,1,0,912,0
1389,0.001389000,2.000000000,-1.538144330,5.000000000,1,1,0,913,0
1390,0.001390000,2.000000000,-1.546391753,5.000000000,1,1,0,914,0
1391,0.001391000,2.000000000,-1.554639175,5.000000000,1,1,0,915,0
1392,0.001392000,2.000000000,-1.562886598,5.000000000,1,1,0,916,0
1393,0.001393000,2.000000000,-1.571134021,5.000000000,1,1,0,917,0
1394,0.001394000,2.000000000,-1.579381443,5.000000000,1,1,0,918,0
1395,0.001395000,2.000000000,-1.587628866,5.000000000,1,1,0,919,0
1396,0.001396000,2.000000000,-1.595876289,5.000000000,1,1,0,920,0
1397,0.001397000,2.000000000,-1.604123711,5.000000000,1,1,0,921,0
1398,0.001398000,2.000000000,-1.612371134,5.000000000,1,1,0,922,0
1399,0.001399000,2.000000000,-1.620618557,5.000000000,1,1,0,923,0
1400,0.001400000,2.000000000,-1.628865979,5.000000000,1,1,0,924,0
1401,0.001401000,2.000000000,-1.637113402,5.000000000,1,1,0,925,0
1402,0.001402000,2.000000000,-1.645360825,5.000000000,1,1,0,926,0
1403,0.001403000,2.000000000,-1.653608247,5.000000000,1,1,0,927,0
1404,0.001404000,2.000000000,-1.661855670,5.000000000,1,1,0,928,0
1405,0.001405000,2.000000000,-1.670103093,5.000000000,1,1,0,929,0
1406,0.001406000,2.000000000,-1.678350515,5.000000000,1,1,0,930,0
1407,0.001407000,2.000000000,-1.686597938,5.000000000,1,1,0,931,0
1408,0.001408000,2.000000000,-1.694845361,5.000000000,1,1,0,932,0
1409,0.001409000,2.000000000,-1.703092784,5.000000000,1,1,0,933,0
1410,0.001410000,2.000000000,-1.711340206,5.000000000,1,1,0,934,0
1411,0.001411000,2.000000000,-1.719587629,5.000000000,1,1,0,935,0
1412,0.001412000,2.000000000,-1.727835052,5.000000000,1,1,0,936,0
1413,0.001413000,2.000000000,-1.736082474,5.000000000,1,1,0,937,0
1414,0.001414000,2.000000000,-1.752577320,5.000000000,1,1,0,938,0
1415,0.001415000,2.000000000,-1.760824742,5.000000000,1,1,0,939,0
1416,0.001416000,2.000000000,-1.769072165,5.000000000,1,1,0,940,0
1417,0.001417000,2.000000000,-1.777319588,5.000000000,1,1,0,941,0
1418,0.001418000,2.000000000,-1.785567010,5.000000000,1,1,0,942,0
1419,0.001419000,2.000000000,-1.793814433,5.000000000,1,1,0,943,0
1420,0.001420000,2.000000000,-1.802061856,5.000000000,1,1,0,944,0
1421,0.001421000,2.000000000,-1.810309278,5.000000000,1,1,0,945,0
1422,0.001422000,1.990291262,-1.810309278,5.000000000,1,0,0,945,1
1423,0.001423000,1.990291262,-1.802061856,5.000000000,1,1,0,946,0
1424,0.001424000,1.990291262,-1.793814433,5.000000000,1,1,0,947,0
1425,0.001425000,1.990291262,-1.785567010,5.000000000,1,1,0,948,0
1426,0.001426000,1.990291262,-1.777319588,5.000000000,1,1,0,949,0
1427,0.001427000,1.990291262,-1.769072165,5.000000000,1,1,0,950,0
1428,0.001428000,1.990291262,-1.760824742,5.000000000,1,1,0,951,0
1429,0.001429000,1.990291262,-1.752577320,5.000000000,1,1,0,952,0
1430,0.001430000,1.980582524,-1.818556701,5.000000000,1,1,0,953,0
1431,0.001431000,1.980582524,-1.826804124,5.000000000,1,1,0,954,0
1432,0.001432000,1.980582524,-1.835051546,5.000000000,1,1,0,955,0
1433,0.001433000,1.980582524,-1.843298969,5.000000000,1,1,0,956,0
1434,0.001434000,1.980582524,-1.851546392,5.000000000,1,1,0,957,0
1435,0.001435000,1.970873786,-1.851546392,5.000000000,1,0,0,957,1
1436,0.001436000,1.970873786,-1.843298969,5.000000000,1,1,0,958,0
1437,0.001437000,1.970873786,-1.835051546,5.000000000,1,1,0,959,0
1438,0.001438000,1.970873786,-1.826804124,5.000000000,1,1,0,960,0
1439,0.001439000,1.970873786,-1.818556701,5.000000000,1,1,0,961,0
1440,0.001440000,1.961165049,-1.859793814,5.000000000,1,1,0,962,0
1441,0.001441000,1.961165049,-1.868041237,5.000000000,1,1,0,963,0
1442,0.001442000,1.961165049,-1.876288660,5.000000000,1,1,0,964,0
1443,0.001443000,1.961165049,-1.884536082,5.000000000,1,1,0,965,0
1444,0.001444000,1.951456311,-1.884536082,5.000000000,1,0,0,965,1
1445,0.001445000,1.951456311,-1.876288660,5.000000000,1,1,0,966,0
1446,0.001446000,1.951456311,-1.868041237,5.000000000,1,1,0,967,0
1447,0.001447000,1.951456311,-1.859793814,5.000000000,1,1,0,968,0
1448,0.001448000,1.941747573,-1.892783505,5.000000000,1,1,0,969,0
1449,0.001449000,1.941747573,-1.901030928,5.000000000,1,1,0,970,0
1450,0.001450000,1.932038835,-1.909278351,5.000000000,1,1,0,971,0
1451,0.001451000,1.932038835,-1.917525773,5.000000000,1,1,0,972,0
1452,0.001452000,1.922330097,-1.917525773,5.000000000,1,0,0,972,1
1453,0.001453000,1.922330097,-1.909278351,5.000000000,1,1,0,973,0
1454,0.001454000,1.912621359,-1.925773196,5.000000000,1,1,0,974,0
1455,0.001455000,1.912621359,-1.934020619,5.000000000,1,1,0,975,0
1456,0.001456000,1.902912621,-1.934020619,5.000000000,1,0,0,975,1
1457,0.001457000,1.902912621,-1.925773196,5.000000000,1,1,0,976,0
1458,0.001458000,1.893203883,-1.942268041,5.000000000,1,1,0,977,0
1459,0.001459000,1.893203883,-1.950515464,5.000000000,1,1,0,978,0
1460,0.001460000,1.883495146,-1.950515464,5.000000000,1,0,0,978,1
1461,0.001461000,1.883495146,-1.942268041,5.000000000,1,1,0,979,0
1462,0.001462000,1.873786408,-1.958762887,5.000000000,1,1,0,980,0
1463,0.001463000,1.873786408,-1.967010309,5.000000000,1,1,0,981,0
1464,0.001464000,1.864077670,-1.967010309,5.000000000,1,0,0,981,1
1465,0.001465000,1.854368932,-1.967010309,5.000000000,1,0,0,981,2
1466,0.001466000,1.844660194,-1.967010309,5.000000000,1,0,0,981,3
1467,0.001467000,1.844660194,-1.958762887,5.000000000,1,1,0,982,0
1468,0.001468000,1.854368932,-1.958762887,5.000000000,1,0,0,982,1
1469,0.001469000,1.864077670,-1.958762887,5.000000000,1,0,0,982,2
1470,0.001470000,1.834951456,-1.975257732,5.000000000,1,1,0,983,0
1471,0.001471000,1.834951456,-1.983505155,5.000000000,1,1,0,984,0
1472,0.001472000,1.825242718,-1.983505155,5.000000000,1,0,0,984,1
1473,0.001473000,1.815533981,-1.983505155,5.000000000,1,0,0,984,2
1474,0.001474000,1.805825243,-1.983505155,5.000000000,1,0,0,984,3
1475,0.001475000,1.796116505,-1.983505155,5.000000000,1,0,0,984,4
1476,0.001476000,1.786407767,-1.983505155,5.000000000,1,0,0,984,5
1477,0.001477000,1.786407767,-1.975257732,5.000000000,1,1,0,985,0
1478,0.001478000,1.796116505,-1.975257732,5.000000000,1,0,0,985,1
1479,0.001479000,1.805825243,-1.975257732,5.000000000,1,0,0,985,2
1480,0.001480000,1.815533981,-1.975257732,5.000000000,1,0,0,985,3
1481,0.001481000,1.825242718,-1.975257732,5.000000000,1,0,0,985,4
1482,0.001482000,1.776699029,-1.991752577,5.000000000,1,1,0,986,0
1483,0.001483000,1.766990291,-1.991752577,5.000000000,1,0,0,986,1
1484,0.001484000,1.757281553,-1.991752577,5.000000000,1,0,0,986,2
1485,0.001485000,1.747572816,-1.991752577,5.000000000,1,0,0,986,3
1486,0.001486000,1.737864078,-1.991752577,5.000000000,1,0,0,986,4
1487,0.001487000,1.728155340,-1.991752577,5.000000000,1,0,0,986,5
1488,0.001488000,1.718446602,-1.991752577,5.000000000,1,0,0,986,6
1489,0.001489000,1.708737864,-1.991752577,5.000000000,1,0,0,986,7
1490,0.001490000,1.699029126,-1.991752577,5.000000000,1,0,0,986,8
1491,0.001491000,1.689320388,-1.991752577,5.000000000,1,0,0,986,9
1492,0.001492000,1.679611650,-1.991752577,5.000000000,1,0,0,986,10
1493,0.001493000,1.669902913,-1.991752577,5.000000000,1,0,0,986,11
1494,0.001494000,1.660194175,-1.991752577,5.000000000,1,0,0,986,12
1495,0.001495000,1.650485437,-1.983505155,5.000000000,1,1,0,987,0
1496,0.001496000,1.640776699,-1.983505155,5.000000000,1,0,0,987,1
1497,0.001497000,1.631067961,-1.983505155,5.000000000,1,0,0,987,2
1498,0.001498000,1.621359223,-1.983505155,5.000000000,1,0,0,987,3
1499,0.001499000,1.611650485,-1.983505155,5.000000000,1,0,0,987,4
1500,0.001500000,1.601941748,-1.983505155,5.000000000,1,0,0,987,5
1501,0.001501000,1.601941748,-1.975257732,5.000000000,1,1,0,988,0
1502,0.001502000,1.611650485,-1.975257732,5.000000000,1,0,0,988,1
1503,0.001503000,1.621359223,-1.975257732,5.000000000,1,0,0,988,2
1504,0.001504000,1.631067961,-1.975257732,5.000000000,1,0,0,988,3
1505,0.001505000,1.640776699,-1.975257732,5.000000000,1,0,0,988,4
1506,0.001506000,1.650485437,-1.975257732,5.000000000,1,0,0,988,5
1507,0.001507000,1.592233010,-1.967010309,5.000000000,1,1,0,989,0
1508,0.001508000,1.582524272,-1.967010309,5.000000000,1,0,0,989,1
1509,0.001509000,1.572815534,-1.967010309,5.000000000,1,0,0,989,2
1510,0.001510000,1.563106796,-1.967010309,5.000000000,1,0,0,989,3
1511,0.001511000,1.563106796,-1.958762887,5.000000000,1,1,0,990,0
1512,0.001512000,1.572815534,-1.958762887,5.000000000,1,0,0,990,1
1513,0.001513000,1.582524272,-1.958762887,5.000000000,1,0,0,990,2
1514,0.001514000,1.592233010,-1.958762887,5.000000000,1,0,0,990,3
1515,0.001515000,1.553398058,-1.950515464,5.000000000,1,1,0,991,0
1516,0.001516000,1.543689320,-1.950515464,5.000000000,1,0,0,991,1
1517,0.001517000,1.543689320,-1.942268041,5.000000000,1,1,0,992,0
1518,0.001518000,1.553398058,-1.942268041,5.000000000,1,0,0,992,1
1519,0.001519000,1.533980583,-1.934020619,5.000000000,1,1,0,993,0
1520,0.001520000,1.524271845,-1.934020619,5.000000000,1,0,0,993,1
1521,0.001521000,1.524271845,-1.925773196,5.000000000,1,1,0,994,0
1522,0.001522000,1.533980583,-1.925773196,5.000000000,1,0,0,994,1
1523,0.001523000,1.514563107,-1.917525773,5.000000000,1,1,0,995,0
1524,0.001524000,1.514563107,-1.909278351,5.000000000,1,1,0,996,0
1525,0.001525000,1.504854369,-1.901030928,5.000000000,1,1,0,997,0
1526,0.001526000,1.495145631,-1.901030928,5.000000000,1,0,0,997,1
1527,0.001527000,1.495145631,-1.892783505,5.000000000,1,1,0,998,0
1528,0.001528000,1.504854369,-1.892783505,5.000000000,1,0,0,998,1
1529,0.001529000,1.485436893,-1.884536082,5.000000000,1,1,0,999,0
1530,0.001530000,1.475728155,-1.884536082,5.000000000,1,0,0,999,1
1531,0.001531000,1.475728155,-1.876288660,5.000000000,1,1,0,1000,0
1532,0.001532000,1.485436893,-1.876288660,5.000000000,1,0,0,1000,1
1533,0.001533000,1.485436893,-1.868041237,5.000000000,1,1,0,1001,0
1534,0.001534000,1.475728155,-1.868041237,5.000000000,1,0,0,1001,1
1535,0.001535000,1.475728155,-1.859793814,5.000000000,1,1,0,1002,0
1536,0.001536000,1.485436893,-1.859793814,5.000000000,1,0,0,1002,1
1537,0.001537000,1.466019417,-1.851546392,5.000000000,1,1,0,1003,0
1538,0.001538000,1.456310680,-1.851546392,5.000000000,1,0,0,1003,1
1539,0.001539000,1.456310680,-1.843298969,5.000000000,1,1,0,1004,0
1540,0.001540000,1.466019417,-1.843298969,5.000000000,1,0,0,1004,1
1541,0.001541000,1.466019417,-1.835051546,5.000000000,1,1,0,1005,0
1542,0.001542000,1.456310680,-1.835051546,5.000000000,1,0,0,1005,1
1543,0.001543000,1.456310680,-1.826804124,5.000000000,1,1,0,1006,0
1544,0.001544000,1.466019417,-1.826804124,5.000000000,1,0,0,1006,1
1545,0.001545000,1.466019417,-1.818556701,5.000000000,1,1,0,1007,0
1546,0.001546000,1.456310680,-1.818556701,5.000000000,1,0,0,1007,1
1547,0.001547000,1.446601942,-1.810309278,5.000000000,1,1,0,1008,0
1548,0.001548000,1.436893204,-1.810309278,5.000000000,1,0,0,1008,1
1549,0.001549000,1.436893204,-1.802061856,5.000000000,1,1,0,1009,0
1550,0.001550000,1.446601942,-1.802061856,5.000000000,1,0,0,1009,1
1551,0.001551000,1.446601942,-1.793814433,5.000000000,1,1,0,1010,0
1552,0.001552000,1.436893204,-1.793814433,5.000000000,1,0,0,1010,1
1553,0.001553000,1.436893204,-1.785567010,5.000000000,1,1,0,1011,0
1554,0.001554000,1.446601942,-1.785567010,5.000000000,1,0,0,1011,1
1555,0.001555000,1.446601942,-1.777319588,5.000000000,1,1,0,1012,0
1556,0.001556000,1.436893204,-1.777319588,5.000000000,1,0,0,1012,1
1557,0.001557000,1.436893204,-1.769072165,5.000000000,1,1,0,1013,0
1558,0.001558000,1.446601942,-1.769072165,5.000000000,1,0,0,1013,1
1559,0.001559000,1.446601942,-1.760824742,5.000000000,1,1,0,1014,0
1560,0.001560000,1.436893204,-1.760824742,5.000000000,1,0,0,1014,1
1561,0.001561000,1.436893204,-1.752577320,5.000000000,1,1,0,1015,0
1562,0.001562000,1.446601942,-1.752577320,5.000000000,1,0,0,1015,1
1563,0.001563000,1.427184466,-1.736082474,5.000000000,1,1,0,1016,0
1564,0.001564000,1.427184466,-1.727835052,5.000000000,1,1,0,1017,0
1565,0.001565000,1.427184466,-1.719587629,5.000000000,1,1,0,1018,0
1566,0.001566000,1.427184466,-1.711340206,5.000000000,1,1,0,1019,0
1567,0.001567000,1.427184466,-1.703092784,5.000000000,1,1,0,1020,0
1568,0.001568000,1.427184466,-1.694845361,5.000000000,1,1,0,1021,0
1569,0.001569000,1.427184466,-1.686597938,5.000000000,1,1,0,1022,0
1570,0.001570000,1.427184466,-1.678350515,5.000000000,1,1,0,1023,0
1571,0.001571000,1.427184466,-1.670103093,5.000000000,1,1,0,1024,0
1572,0.001572000,1.427184466,-1.661855670,5.000000000,1,1,0,1025,0
1573,0.001573000,1.427184466,-1.653608247,5.000000000,1,1,0,1026,0
1574,0.001574000,1.427184466,-1.645360825,5.000000000,1,1,0,1027,0
1575,0.001575000,1.427184466,-1.637113402,5.000000000,1,1,0,1028,0
1576,0.001576000,1.427184466,-1.628865979,5.000000000,1,1,0,1029,0
1577,0.001577000,1.427184466,-1.620618557,5.000000000,1,1,0,1030,0
1578,0.001578000,1.427184466,-1.612371134,5.000000000,1,1,0,1031,0
1579,0.001579000,1.427184466,-1.604123711,5.000000000,1,1,0,1032,0
1580,0.001580000,1.427184466,-1.595876289,5.000000000,1,1,0,1033,0
1581,0.001581000,1.427184466,-1.587628866,5.000000000,1,1,0,1034,0
1582,0.001582000,1.427184466,-1.579381443,5.000000000,1,1,0,1035,0
1583,0.001583000,1.427184466,-1.571134021,5.000000000,1,1,0,1036,0
1584,0.001584000,1.427184466,-1.562886598,5.000000000,1,1,0,1037,0
1585,0.001585000,1.427184466,-1.554639175,5.000000000,1,1,0,1038,0
1586,0.001586000,1.427184466,-1.546391753,5.000000000,1,1,0,1039,0
1587,0.001587000,1.427184466,-1.538144330,5.000000000,1,1,0,1040,0
1588,0.001588000,1.427184466,-1.529896907,5.000000000,1,1,0,1041,0
1589,0.001589000,1.427184466,-1.521649485,5.000000000,1,1,0,1042,0
1590,0.001590000,1.427184466,-1.513402062,5.000000000,1,1,0,1043,0
1591,0.001591000,1.427184466,-1.505154639,5.000000000,1,1,0,1044,0
1592,0.001592000,1.427184466,-1.496907216,5.000000000,1,1,0,1045,0
1593,0.001593000,1.427184466,-1.488659794,5.000000000,1,1,0,1046,0
1594,0.001594000,1.427184466,-1.480412371,5.000000000,1,1,0,1047,0
1595,0.001595000,1.427184466,-1.472164948,5.000000000,1,1,0,1048,0
1596,0.001596000,1.427184466,-1.463917526,5.000000000,1,1,0,1049,0
1597,0.001597000,1.427184466,-1.455670103,5.000000000,1,1,0,1050,0
1598,0.001598000,1.427184466,-1.447422680,5.000000000,1,1,0,1051,0
1599,0.001599000,1.427184466,-1.439175258,5.000000000,1,1,0,1052,0
1600,0.001600000,1.427184466,-1.430927835,5.000000000,1,1,0,1053,0
1601,0.001601000,1.427184466,-1.422680412,5.000000000,1,1,0,1054,0
1602,0.001602000,1.427184466,-1.414432990,5.000000000,1,1,0,1055,0
1603,0.001603000,1.427184466,-1.406185567,5.000000000,1,1,0,1056,0
1604,0.001604000,1.427184466,-1.397938144,5.000000000,1,1,0,1057,0
1605,0.001605000,1.427184466,-1.389690722,5.000000000,1,1,0,1058,0
1606,0.001606000,1.427184466,-1.381443299,5.000000000,1,1,0,1059,0
1607,0.001607000,1.427184466,-1.373195876,5.000000000,1,1,0,1060,0
1608,0.001608000,1.427184466,-1.364948454,5.000000000,1,1,0,1061,0
1609,0.001609000,1.427184466,-1.356701031,5.000000000,1,1,0,1062,0
1610,0.001610000,1.427184466,-1.348453608,5.000000000,1,1,0,1063,0
1611,0.001611000,1.427184466,-1.340206186,5.000000000,1,1,0,1064,0
1612,0.001612000,1.427184466,-1.331958763,5.000000000,1,1,0,1065,0
1613,0.001613000,1.427184466,-1.323711340,5.000000000,1,1,0,1066,0
1614,0.001614000,1.427184466,-1.315463918,5.000000000,1,1,0,1067,0
1615,0.001615000,1.427184466,-1.307216495,5.000000000,1,1,0,1068,0
1616,0.001616000,1.427184466,-1.298969072,5.000000000,1,1,0,1069,0
1617,0.001617000,1.427184466,-1.290721649,5.000000000,1,1,0,1070,0
1618,0.001618000,1.427184466,-1.282474227,5.000000000,1,1,0,1071,0
1619,0.001619000,1.427184466,-1.274226804,5.000000000,1,1,0,1072,0
1620,0.001620000,1.427184466,-1.265979381,5.000000000,1,1,0,1073,0
1621,0.001621000,1.427184466,-1.257731959,5.000000000,1,1,0,1074,0
1622,0.001622000,1.427184466,-1.249484536,5.000000000,1,1,0,1075,0
1623,0.001623000,1.427184466,-1.241237113,5.000000000,1,1,0,1076,0
1624,0.001624000,1.427184466,-1.232989691,5.000000000,1,1,0,1077,0
1625,0.001625000,1.427184466,-1.224742268,5.000000000,1,1,0,1078,0
1626,0.001626000,1.427184466,-1.216494845,5.000000000,1,1,0,1079,0
1627,0.001627000,1.427184466,-1.208247423,5.000000000,1,1,0,1080,0
1628,0.001628000,1.427184466,-1.200000000,5.000000000,1,1,0,1081,0
1629,0.001629000,1.427184466,-1.191752577,5.000000000,1,1,0,1082,0
1630,0.001630000,1.427184466,-1.183505155,5.000000000,1,1,0,1083,0
1631,0.001631000,1.427184466,-1.175257732,5.000000000,1,1,0,1084,0
1632,0.001632000,1.427184466,-1.167010309,5.000000000,1,1,0,1085,0
1633,0.001633000,1.427184466,-1.158762887,5.000000000,1,1,0,1086,0
1634,0.001634000,1.427184466,-1.150515464,5.000000000,1,1,0,1087,0
1635,0.001635000,1.427184466,-1.142268041,5.000000000,1,1,0,1088,0
1636,0.001636000,1.427184466,-1.134020619,5.000000000,1,1,0,1089,0
1637,0.001637000,1.427184466,-1.125773196,5.000000000,1,1,0,1090,0
1638,0.001638000,1.427184466,-1.117525773,5.000000000,1,1,0,1091,0
1639,0.001639000,1.427184466,-1.109278351,5.000000000,1,1,0,1092,0
1640,0.001640000,1.427184466,-1.101030928,5.000000000,1,1,0,1093,0
1641,0.001641000,1.427184466,-1.092783505,5.000000000,1,1,0,1094,0
1642,0.001642000,1.427184466,-1.084536082,5.000000000,1,1,0,1095,0
1643,0.001643000,1.427184466,-1.076288660,5.000000000,1,1,0,1096,0
1644,0.001644000,1.427184466,-1.068041237,5.000000000,1,1,0,1097,0
1645,0.001645000,1.427184466,-1.059793814,5.000000000,1,1,0,1098,0
1646,0.001646000,1.427184466,-1.051546392,5.000000000,1,1,0,1099,0
1647,0.001647000,1.427184466,-1.043298969,5.000000000,1,1,0,1100,0
1648,0.001648000,1.427184466,-1.035051546,5.000000000,1,1,0,1101,0
1649,0.001649000,1.427184466,-1.026804124,5.000000000,1,1,0,1102,0
1650,0.001650000,1.427184466,-1.018556701,5.000000000,1,1,0,1103,0
1651,0.001651000,1.427184466,-1.010309278,5.000000000,1,1,0,1104,0
1652,0.001652000,1.427184466,-1.002061856,5.000000000,1,1,0,1105,0
1653,0.001653000,1.427184466,-0.993814433,5.000000000,1,1,0,1106,0
1654,0.001654000,1.427184466,-0.985567010,5.000000000,1,1,0,1107,0
1655,0.001655000,1.427184466,-0.977319588,5.000000000,1,1,0,1108,0
1656,0.001656000,1.427184466,-0.969072165,5.000000000,1,1,0,1109,0
1657,0.001657000,1.427184466,-0.960824742,5.000000000,1,1,0,1110,0
1658,0.001658000,1.427184466,-0.952577320,5.000000000,1,1,0,1111,0
1659,0.001659000,1.427184466,-0.944329897,5.000000000,1,1,0,1112,0
1660,0.001660000,1.427184466,-0.936082474,5.000000000,1,1,0,1113,0
1661,0.001661000,1.427184466,-0.927835052,5.000000000,1,1,0,1114,0
1662,0.001662000,1.427184466,-0.919587629,5.000000000,1,1,0,1115,0
1663,0.001663000,1.427184466,-0.911340206,5.000000000,1,1,0,1116,0
1664,0.001664000,1.427184466,-0.903092784,5.000000000,1,1,0,1117,0
1665,0.001665000,1.427184466,-0.894845361,5.000000000,1,1,0,1118,0
1666,0.001666000,1.427184466,-0.886597938,5.000000000,1,1,0,1119,0
1667,0.001667000,1.427184466,-0.878350515,5.000000000,1,1,0,1120,0
1668,0.001668000,1.427184466,-0.870103093,5.000000000,1,1,0,1121,0
1669,0.001669000,1.427184466,-0.861855670,5.000000000,1,1,0,1122,0
1670,0.001670000,1.427184466,-0.853608247,5.000000000,1,1,0,1123,0
1671,0.001671000,1.427184466,-0.845360825,5.000000000,1,1,0,1124,0
1672,0.001672000,1.427184466,-0.837113402,5.000000000,1,1,0,1125,0
1673,0.001673000,1.427184466,-0.828865979,5.000000000,1,1,0,1126,0
1674,0.001674000,1.427184466,-0.820618557,5.000000000,1,1,0,1127,0
1675,0.001675000,1.427184466,-0.812371134,5.000000000,1,1,0,1128,0
1676,0.001676000,1.427184466,-0.804123711,5.000000000,1,1,0,1129,0
1677,0.001677000,1.427184466,-0.795876289,5.000000000,1,1,0,1130,0
1678,0.001678000,1.427184466,-0.787628866,5.000000000,1,1,0,1131,0
1679,0.001679000,1.427184466,-0.779381443,5.000000000,1,1,0,1132,0
1680,0.001680000,1.427184466,-0.771134021,5.000000000,1,1,0,1133,0
1681,0.001681000,1.427184466,-0.762886598,5.000000000,1,1,0,1134,0
1682,0.001682000,1.427184466,-0.754639175,5.000000000,1,1,0,1135,0
1683,0.001683000,1.427184466,-0.746391753,5.000000000,1,1,0,1136,0
1684,0.001684000,1.427184466,-0.738144330,5.000000000,1,1,0,1137,0
1685,0.001685000,1.427184466,-0.729896907,5.000000000,1,1,0,1138,0
1686,0.001686000,1.427184466,-0.721649485,5.000000000,1,1,0,1139,0
1687,0.001687000,1.427184466,-0.713402062,5.000000000,1,1,0,1140,0
1688,0.001688000,1.427184466,-0.705154639,5.000000000,1,1,0,1141,0
1689,0.001689000,1.427184466,-0.696907216,5.000000000,1,1,0,1142,0
1690,0.001690000,1.427184466,-0.688659794,5.000000000,1,1,0,1143,0
1691,0.001691000,1.427184466,-0.680412371,5.000000000,1,1,0,1144,0
1692,0.001692000,1.427184466,-0.672164948,5.000000000,1,1,0,1145,0
1693,0.001693000,1.427184466,-0.663917526,5.000000000,1,1,0,1146,0
1694,0.001694000,1.427184466,-0.655670103,5.000000000,1,1,0,1147,0
1695,0.001695000,1.427184466,-0.647422680,5.000000000,1,1,0,1148,0
1696,0.001696000,1.427184466,-0.639175258,5.000000000,1,1,0,1149,0
1697,0.001697000,1.427184466,-0.630927835,5.000000000,1,1,0,1150,0
1698,0.001698000,1.427184466,-0.622680412,5.000000000,1,1,0,1151,0
1699,0.001699000,1.427184466,-0.614432990,5.000000000,1,1,0,1152,0
1700,0.001700000,1.427184466,-0.606185567,5.000000000,1,1,0,1153,0
1701,0.001701000,1.427184466,-0.597938144,5.000000000,1,1,0,1154,0
1702,0.001702000,1.427184466,-0.589690722,5.000000000,1,1,0,1155,0
1703,0.001703000,1.427184466,-0.581443299,5.000000000,1,1,0,1156,0
1704,0.001704000,1.427184466,-0.573195876,5.000000000,1,1,0,1157,0
1705,0.001705000,1.427184466,-0.564948454,5.000000000,1,1,0,1158,0
1706,0.001706000,1.427184466,-0.556701031,5.000000000,1,1,0,1159,0
1707,0.001707000,1.427184466,-0.548453608,5.000000000,1,1,0,1160,0
1708,0.001708000,1.427184466,-0.540206186,5.000000000,1,1,0,1161,0
1709,0.001709000,1.427184466,-0.531958763,5.000000000,1,1,0,1162,0
1710,0.001710000,1.427184466,-0.523711340,5.000000000,1,1,0,1163,0
1711,0.001711000,1.427184466,-0.515463918,5.000000000,1,1,0,1164,0
1712,0.001712000,1.427184466,-0.507216495,5.000000000,1,1,0,1165,0
1713,0.001713000,1.427184466,-0.498969072,5.000000000,1,1,0,1166,0
1714,0.001714000,1.427184466,-0.490721649,5.000000000,1,1,0,1167,0
1715,0.001715000,1.427184466,-0.482474227,5.000000000,1,1,0,1168,0
1716,0.001716000,1.427184466,-0.474226804,5.000000000,1,1,0,1169,0
1717,0.001717000,1.427184466,-0.465979381,5.000000000,1,1,0,1170,0
1718,0.001718000,1.427184466,-0.457731959,5.000000000,1,1,0,1171,0
1719,0.001719000,1.427184466,-0.449484536,5.000000000,1,1,0,1172,0
1720,0.001720000,1.427184466,-0.441237113,5.000000000,1,1,0,1173,0
1721,0.001721000,1.427184466,-0.432989691,5.000000000,1,1,0,1174,0
1722,0.001722000,1.427184466,-0.424742268,5.000000000,1,1,0,1175,0
1723,0.001723000,1.427184466,-0.416494845,5.000000000,1,1,0,1176,0
1724,0.001724000,1.427184466,-0.408247423,5.000000000,1,1,0,1177,0
1725,0.001725000,1.427184466,-0.400000000,5.000000000,1,1,0,1178,0
1726,0.001726000,1.427184466,-0.391752577,5.000000000,1,1,0,1179,0
1727,0.001727000,1.427184466,-0.383505155,5.000000000,1,1,0,1180,0
1728,0.001728000,1.427184466,-0.375257732,5.000000000,1,1,0,1181,0
1729,0.001729000,1.427184466,-0.367010309,5.000000000,1,1,0,1182,0
1730,0.001730000,1.427184466,-0.358762887,5.000000000,1,1,0,1183,0
1731,0.001731000,1.427184466,-0.350515464,5.000000000,1,1,0,1184,0
1732,0.001732000,1.427184466,-0.342268041,5.000000000,1,1,0,1185,0
1733,0.001733000,1.427184466,-0.334020619,5.000000000,1,1,0,1186,0
1734,0.001734000,1.427184466,-0.325773196,5.000000000,1,1,0,1187,0
1735,0.001735000,1.427184466,-0.317525773,5.000000000,1,1,0,1188,0
1736,0.001736000,1.427184466,-0.309278351,5.000000000,1,1,0,1189,0
1737,0.001737000,1.427184466,-0.301030928,5.000000000,1,1,0,1190,0
1738,0.001738000,1.427184466,-0.292783505,5.000000000,1,1,0,1191,0
1739,0.001739000,1.427184466,-0.284536082,5.000000000,1,1,0,1192,0
1740,0.001740000,1.427184466,-0.276288660,5.000000000,1,1,0,1193,0
1741,0.001741000,1.427184466,-0.268041237,5.000000000,1,1,0,1194,0
1742,0.001742000,1.427184466,-0.259793814,5.000000000,1,1,0,1195,0
1743,0.001743000,1.427184466,-0.251546392,5.000000000,1,1,0,1196,0
1744,0.001744000,1.427184466,-0.243298969,5.000000000,1,1,0,1197,0
1745,0.001745000,1.427184466,-0.235051546,5.000000000,1,1,0,1198,0
1746,0.001746000,1.427184466,-0.226804124,5.000000000,1,1,0,1199,0
1747,0.001747000,1.427184466,-0.218556701,5.000000000,1,1,0,1200,0
1748,0.001748000,1.427184466,-0.210309278,5.000000000,1,1,0,1201,0
1749,0.001749000,1.427184466,-0.202061856,5.000000000,1,1,0,1202,0
1750,0.001750000,1.427184466,-0.193814433,5.000000000,1,1,0,1203,0
1751,0.001751000,1.427184466,-0.185567010,5.000000000,1,1,0,1204,0
1752,0.001752000,1.427184466,-0.177319588,5.000000000,1,1,0,1205,0
1753,0.001753000,1.427184466,-0.169072165,5.000000000,1,1,0,1206,0
1754,0.001754000,1.427184466,-0.160824742,5.000000000,1,1,0,1207,0
1755,0.001755000,1.427184466,-0.152577320,5.000000000,1,1,0,1208,0
1756,0.001756000,1.427184466,-0.144329897,5.000000000,1,1,0,1209,0
1757,0.001757000,1.427184466,-0.136082474,5.000000000,1,1,0,1210,0
1758,0.001758000,1.427184466,-0.127835052,5.000000000,1,1,0,1211,0
1759,0.001759000,1.427184466,-0.119587629,5.000000000,1,1,0,1212,0
1760,0.001760000,1.427184466,-0.111340206,5.000000000,1,1,0,1213,0
1761,0.001761000,1.427184466,-0.103092784,5.000000000,1,1,0,1214,0
1762,0.001762000,1.427184466,-0.094845361,5.000000000,1,1,0,1215,0
1763,0.001763000,1.427184466,-0.086597938,5.000000000,1,1,0,1216,0
1764,0.001764000,1.427184466,-0.078350515,5.000000000,1,1,0,1217,0
1765,0.001765000,1.427184466,-0.070103093,5.000000000,1,1,0,1218,0
1766,0.001766000,1.427184466,-0.061855670,5.000000000,1,1,0,1219,0
1767,0.001767000,1.427184466,-0.053608247,5.000000000,1,1,0,1220,0
1768,0.001768000,1.427184466,-0.045360825,5.000000000,1,1,0,1221,0
1769,0.001769000,1.427184466,-0.037113402,5.000000000,1,1,0,1222,0
1770,0.001770000,1.427184466,-0.028865979,5.000000000,1,1,0,1223,0
1771,0.001771000,1.427184466,-0.020618557,5.000000000,1,1,0,1224,0
1772,0.001772000,1.427184466,-0.012371134,5.000000000,1,1,0,1225,0
1773,0.001773000,1.427184466,-0.004123711,5.000000000,1,1,0,1226,0
1774,0.001774000,1.427184466,0.004123711,5.000000000,1,1,0,1227,0
1775,0.001775000,1.427184466,0.012371134,5.000000000,1,1,0,1228,0
1776,0.001776000,1.427184466,0.020618557,5.000000000,1,1,0,1229,0
1777,0.001777000,1.427184466,0.028865979,5.000000000,1,1,0,1230,0
1778,0.001778000,1.427184466,0.037113402,5.000000000,1,1,0,1231,0
1779,0.001779000,1.427184466,0.045360825,5.000000000,1,1,0,1232,0
1780,0.001780000,1.427184466,0.053608247,5.000000000,1,1,0,1233,0
1781,0.001781000,1.427184466,0.061855670,5.000000000,1,1,0,1234,0
1782,0.001782000,1.427184466,0.070103093,5.000000000,1,1,0,1235,0
1783,0.001783000,1.427184466,0.078350515,5.000000000,1,1,0,1236,0
1784,0.001784000,1.427184466,0.086597938,5.000000000,1,1,0,1237,0
1785,0.001785000,1.427184466,0.094845361,5.000000000,1,1,0,1238,0
1786,0.001786000,1.427184466,0.103092784,5.000000000,1,1,0,1239,0
1787,0.001787000,1.427184466,0.111340206,5.000000000,1,1,0,1240,0
1788,0.001788000,1.427184466,0.119587629,5.000000000,1,1,0,1241,0
1789,0.001789000,1.427184466,0.127835052,5.000000000,1,1,0,1242,0
1790,0.001790000,1.427184466,0.136082474,5.000000000,1,1,0,1243,0
1791,0.001791000,1.427184466,0.144329897,5.000000000,1,1,0,1244,0
1792,0.001792000,1.427184466,0.152577320,5.000000000,1,1,0,1245,0
1793,0.001793000,1.427184466,0.160824742,5.000000000,1,1,0,1246,0
1794,0.001794000,1.427184466,0.169072165,5.000000000,1,1,0,1247,0
1795,0.001795000,1.427184466,0.177319588,5.000000000,1,1,0,1248,0
1796,0.001796000,1.427184466,0.185567010,5.000000000,1,1,0,1249,0
1797,0.001797000,1.427184466,0.193814433,5.000000000,1,1,0,1250,0
1798,0.001798000,1.427184466,0.202061856,5.000000000,1,1,0,1251,0
1799,0.001799000,1.427184466,0.210309278,5.000000000,1,1,0,1252,0
1800,0.001800000,1.427184466,0.218556701,5.000000000,1,1,0,1253,0
1801,0.001801000,1.427184466,0.226804124,5.000000000,1,1,0,1254,0
1802,0.001802000,1.427184466,0.235051546,5.000000000,1,1,0,1255,0
1803,0.001803000,1.427184466,0.243298969,5.000000000,1,1,0,1256,0
1804,0.001804000,1.427184466,0.251546392,5.000000000,1,1,0,1257,0
1805,0.001805000,1.427184466,0.259793814,5.000000000,1,1,0,1258,0
1806,0.001806000,1.427184466,0.268041237,5.000000000,1,1,0,1259,0
1807,0.001807000,1.427184466,0.276288660,5.000000000,1,1,0,1260,0
1808,0.001808000,1.427184466,0.284536082,5.000000000,1,1,0,1261,0
1809,0.001809000,1.427184466,0.292783505,5.000000000,1,1,0,1262,0
1810,0.001810000,1.427184466,0.301030928,5.000000000,1,1,0,1263,0
1811,0.001811000,1.427184466,0.309278351,5.000000000,1,1,0,1264,0
1812,0.001812000,1.427184466,0.317525773,5.000000000,1,1,0,1265,0
1813,0.001813000,1.427184466,0.325773196,5.000000000,1,1,0,1266,0
1814,0.001814000,1.427184466,0.334020619,5.000000000,1,1,0,1267,0
1815,0.001815000,1.427184466,0.342268041,5.000000000,1,1,0,1268,0
1816,0.001816000,1.427184466,0.350515464,5.000000000,1,1,0,1269,0
1817,0.001817000,1.427184466,0.358762887,5.000000000,1,1,0,1270,0
1818,0.001818000,1.427184466,0.367010309,5.000000000,1,1,0,1271,0
1819,0.001819000,1.427184466,0.375257732,5.000000000,1,1,0,1272,0
1820,0.001820000,1.427184466,0.383505155,5.000000000,1,1,0,1273,0
1821,0.001821000,1.427184466,0.391752577,5.000000000,1,1,0,1274,0
1822,0.001822000,1.427184466,0.400000000,5.000000000,1,1,0,1275,0
1823,0.001823000,1.427184466,0.408247423,5.000000000,1,1,0,1276,0
1824,0.001824000,1.427184466,0.416494845,5.000000000,1,1,0,1277,0
1825,0.001825000,1.427184466,0.424742268,5.000000000,1,1,0,1278,0
1826,0.001826000,1.427184466,0.432989691,5.000000000,1,1,0,1279,0
1827,0.001827000,1.427184466,0.441237113,5.000000000,1,1,0,1280,0
1828,0.001828000,1.427184466,0.449484536,5.000000000,1,1,0,1281,0
1829,0.001829000,1.427184466,0.457731959,5.000000000,1,1,0,1282,0
1830,0.001830000,1.427184466,0.465979381,5.000000000,1,1,0,1283,0
1831,0.001831000,1.427184466,0.474226804,5.000000000,1,1,0,1284,0
1832,0.001832000,1.427184466,0.482474227,5.000000000,1,1,0,1285,0
1833,0.001833000,1.427184466,0.490721649,5.000000000,1,1,0,1286,0
1834,0.001834000,1.427184466,0.498969072,5.000000000,1,1,0,1287,0
1835,0.001835000,1.427184466,0.507216495,5.000000000,1,1,0,1288,0
1836,0.001836000,1.427184466,0.515463918,5.000000000,1,1,0,1289,0
1837,0.001837000,1.427184466,0.523711340,5.000000000,1,1,0,1290,0
1838,0.001838000,1.427184466,0.531958763,5.000000000,1,1,0,1291,0
1839,0.001839000,1.427184466,0.540206186,5.000000000,1,1,0,1292,0
1840,0.001840000,1.427184466,0.548453608,5.000000000,1,1,0,1293,0
1841,0.001841000,1.427184466,0.556701031,5.000000000,1,1,0,1294,0
1842,0.001842000,1.427184466,0.564948454,5.000000000,1,1,0,1295,0
1843,0.001843000,1.427184466,0.573195876,5.000000000,1,1,0,1296,0
1844,0.001844000,1.427184466,0.581443299,5.000000000,1,1,0,1297,0
1845,0.001845000,1.427184466,0.589690722,5.000000000,1,1,0,1298,0
1846,0.001846000,1.427184466,0.597938144,5.000000000,1,1,0,1299,0
1847,0.001847000,1.427184466,0.606185567,5.000000000,1,1,0,1300,0
1848,0.001848000,1.427184466,0.614432990,5.000000000,1,1,0,1301,0
1849,0.001849000,1.427184466,0.622680412,5.000000000,1,1,0,1302,0
1850,0.001850000,1.427184466,0.630927835,5.000000000,1,1,0,1303,0
1851,0.001851000,1.427184466,0.639175258,5.000000000,1,1,0,1304,0
1852,0.001852000,1.427184466,0.647422680,5.000000000,1,1,0,1305,0
1853,0.001853000,1.427184466,0.655670103,5.000000000,1,1,0,1306,0
1854,0.001854000,1.427184466,0.663917526,5.000000000,1,1,0,1307,0
1855,0.001855000,1.427184466,0.672164948,5.000000000,1,1,0,1308,0
1856,0.001856000,1.427184466,0.680412371,5.000000000,1,1,0,1309,0
1857,0.001857000,1.427184466,0.688659794,5.000000000,1,1,0,1310,0
1858,0.001858000,1.427184466,0.696907216,5.000000000,1,1,0,1311,0
1859,0.001859000,1.427184466,0.705154639,5.000000000,1,1,0,1312,0
1860,0.001860000,1.427184466,0.713402062,5.000000000,1,1,0,1313,0
1861,0.001861000,1.427184466,0.721649485,5.000000000,1,1,0,1314,0
1862,0.001862000,1.427184466,0.729896907,5.000000000,1,1,0,1315,0
1863,0.001863000,1.427184466,0.738144330,5.000000000,1,1,0,1316,0
1864,0.001864000,1.427184466,0.746391753,5.000000000,1,1,0,1317,0
1865,0.001865000,1.427184466,0.754639175,5.000000000,1,1,0,1318,0
1866,0.001866000,1.427184466,0.762886598,5.000000000,1,1,0,1319,0
1867,0.001867000,1.427184466,0.771134021,5.000000000,1,1,0,1320,0
1868,0.001868000,1.427184466,0.779381443,5.000000000,1,1,0,1321,0
1869,0.001869000,1.427184466,0.787628866,5.000000000,1,1,0,1322,0
1870,0.001870000,1.427184466,0.795876289,5.000000000,1,1,0,1323,0
1871,0.001871000,1.427184466,0.804123711,5.000000000,1,1,0,1324,0
1872,0.001872000,1.427184466,0.812371134,5.000000000,1,1,0,1325,0
1873,0.001873000,1.427184466,0.820618557,5.000000000,1,1,0,1326,0
1874,0.001874000,1.427184466,0.828865979,5.000000000,1,1,0,1327,0
1875,0.001875000,1.427184466,0.837113402,5.000000000,1,1,0,1328,0
1876,0.001876000,1.427184466,0.845360825,5.000000000,1,1,0,1329,0
1877,0.001877000,1.427184466,0.853608247,5.000000000,1,1,0,1330,0
1878,0.001878000,1.427184466,0.861855670,5.000000000,1,1,0,1331,0
1879,0.001879000,1.427184466,0.870103093,5.000000000,1,1,0,1332,0
1880,0.001880000,1.427184466,0.878350515,5.000000000,1,1,0,1333,0
1881,0.001881000,1.427184466,0.886597938,5.000000000,1,1,0,1334,0
1882,0.001882000,1.427184466,0.894845361,5.000000000,1,1,0,1335,0
1883,0.001883000,1.427184466,0.903092784,5.000000000,1,1,0,1336,0
1884,0.001884000,1.427184466,0.911340206,5.000000000,1,1,0,1337,0
1885,0.001885000,1.427184466,0.919587629,5.000000000,1,1,0,1338,0
1886,0.001886000,1.427184466,0.927835052,5.000000000,1,1,0,1339,0
1887,0.001887000,1.427184466,0.936082474,5.000000000,1,1,0,1340,0
1888,0.001888000,1.427184466,0.944329897,5.000000000,1,1,0,1341,0
1889,0.001889000,1.427184466,0.952577320,5.000000000,1,1,0,1342,0
1890,0.001890000,1.427184466,0.960824742,5.000000000,1,1,0,1343,0
1891,0.001891000,1.427184466,0.969072165,5.000000000,1,1,0,1344,0
1892,0.001892000,1.427184466,0.977319588,5.000000000,1,1,0,1345,0
1893,0.001893000,1.427184466,0.985567010,5.000000000,1,1,0,1346,0
1894,0.001894000,1.427184466,0.993814433,5.000000000,1,1,0,1347,0
1895,0.001895000,1.427184466,1.002061856,5.000000000,1,1,0,1348,0
1896,0.001896000,1.427184466,1.010309278,5.000000000,1,1,0,1349,0
1897,0.001897000,1.427184466,1.018556701,5.000000000,1,1,0,1350,0
1898,0.001898000,1.427184466,1.026804124,5.000000000,1,1,0,1351,0
1899,0.001899000,1.427184466,1.035051546,5.000000000,1,1,0,1352,0
1900,0.001900000,1.427184466,1.043298969,5.000000000,1,1,0,1353,0
1901,0.001901000,1.427184466,1.051546392,5.000000000,1,1,0,1354,0
1902,0.001902000,1.427184466,1.059793814,5.000000000,1,1,0,1355,0
1903,0.001903000,1.427184466,1.068041237,5.000000000,1,1,0,1356,0
1904,0.001904000,1.427184466,1.076288660,5.000000000,1,1,0,1357,0
1905,0.001905000,1.427184466,1.084536082,5.000000000,1,1,0,1358,0
1906,0.001906000,1.427184466,1.092783505,5.000000000,1,1,0,1359,0
1907,0.001907000,1.427184466,1.101030928,5.000000000,1,1,0,1360,0
1908,0.001908000,1.427184466,1.109278351,5.000000000,1,1,0,1361,0
1909,0.001909000,1.427184466,1.117525773,5.000000000,1,1,0,1362,0
1910,0.001910000,1.427184466,1.125773196,5.000000000,1,1,0,1363,0
1911,0.001911000,1.427184466,1.134020619,5.000000000,1,1,0,1364,0
1912,0.001912000,1.427184466,1.142268041,5.000000000,1,1,0,1365,0
1913,0.001913000,1.427184466,1.150515464,5.000000000,1,1,0,1366,0
1914,0.001914000,1.427184466,1.158762887,5.000000000,1,1,0,1367,0
1915,0.001915000,1.427184466,1.167010309,5.000000000,1,1,0,1368,0
1916,0.001916000,1.427184466,1.175257732,5.000000000,1,1,0,1369,0
1917,0.001917000,1.427184466,1.183505155,5.000000000,1,1,0,1370,0
1918,0.001918000,1.427184466,1.191752577,5.000000000,1,1,0,1371,0
1919,0.001919000,1.427184466,1.200000000,5.000000000,1,1,0,1372,0
1920,0.001920000,1.427184466,1.208247423,5.000000000,1,1,0,1373,0
1921,0.001921000,1.427184466,1.216494845,5.000000000,1,1,0,1374,0
1922,0.001922000,1.427184466,1.224742268,5.000000000,1,1,0,1375,0
1923,0.001923000,1.427184466,1.232989691,5.000000000,1,1,0,1376,0
1924,0.001924000,1.427184466,1.241237113,5.000000000,1,1,0,1377,0
1925,0.001925000,1.427184466,1.249484536,5.000000000,1,1,0,1378,0
1926,0.001926000,1.427184466,1.257731959,5.000000000,1,1,0,1379,0
1927,0.001927000,1.427184466,1.265979381,5.000000000,1,1,0,1380,0
1928,0.001928000,1.427184466,1.274226804,5.000000000,1,1,0,1381,0
1929,0.001929000,1.427184466,1.282474227,5.000000000,1,1,0,1382,0
1930,0.001930000,1.427184466,1.290721649,5.000000000,1,1,0,1383,0
1931,0.001931000,1.427184466,1.298969072,5.000000000,1,1,0,1384,0
1932,0.001932000,1.427184466,1.307216495,5.000000000,1,1,0,1385,0
1933,0.001933000,1.427184466,1.315463918,5.000000000,1,1,0,1386,0
1934,0.001934000,1.427184466,1.323711340,5.000000000,1,1,0,1387,0
1935,0.001935000,1.427184466,1.331958763,5.000000000,1,1,0,1388,0
1936,0.001936000,1.427184466,1.340206186,5.000000000,1,1,0,1389,0
1937,0.001937000,1.427184466,1.348453608,5.000000000,1,1,0,1390,0
1938,0.001938000,1.427184466,1.356701031,5.000000000,1,1,0,1391,0
1939,0.001939000,1.427184466,1.364948454,5.000000000,1,1,0,1392,0
1940,0.001940000,1.427184466,1.373195876,5.000000000,1,1,0,1393,0
1941,0.001941000,1.427184466,1.381443299,5.000000000,1,1,0,1394,0
1942,0.001942000,1.427184466,1.389690722,5.000000000,1,1,0,1395,0
1943,0.001943000,1.427184466,1.397938144,5.000000000,1,1,0,1396,0
1944,0.001944000,1.427184466,1.406185567,5.000000000,1,1,0,1397,0
1945,0.001945000,1.427184466,1.414432990,5.000000000,1,1,0,1398,0
1946,0.001946000,1.427184466,1.422680412,5.000000000,1,1,0,1399,0
1947,0.001947000,1.427184466,1.430927835,5.000000000,1,1,0,1400,0
1948,0.001948000,1.427184466,1.439175258,5.000000000,1,1,0,1401,0
1949,0.001949000,1.427184466,1.447422680,5.000000000,1,1,0,1402,0
1950,0.001950000,1.427184466,1.455670103,5.000000000,1,1,0,1403,0
1951,0.001951000,1.427184466,1.463917526,5.000000000,1,1,0,1404,0
1952,0.001952000,1.427184466,1.472164948,5.000000000,1,1,0,1405,0
1953,0.001953000,1.427184466,1.480412371,5.000000000,1,1,0,1406,0
1954,0.001954000,1.427184466,1.488659794,5.000000000,1,1,0,1407,0
1955,0.001955000,1.427184466,1.496907216,5.000000000,1,1,0,1408,0
1956,0.001956000,1.427184466,1.505154639,5.000000000,1,1,0,1409,0
1957,0.001957000,1.427184466,1.513402062,5.000000000,1,1,0,1410,0
1958,0.001958000,1.427184466,1.521649485,5.000000000,1,1,0,1411,0
1959,0.001959000,1.427184466,1.529896907,5.000000000,1,1,0,1412,0
1960,0.001960000,1.427184466,1.538144330,5.000000000,1,1,0,1413,0
1961,0.001961000,1.427184466,1.546391753,5.000000000,1,1,0,1414,0
1962,0.001962000,1.427184466,1.554639175,5.000000000,1,1,0,1415,0
1963,0.001963000,1.427184466,1.562886598,5.000000000,1,1,0,1416,0
1964,0.001964000,1.427184466,1.571134021,5.000000000,1,1,0,1417,0
1965,0.001965000,1.427184466,1.579381443,5.000000000,1,1,0,1418,0
1966,0.001966000,1.427184466,1.587628866,5.000000000,1,1,0,1419,0
1967,0.001967000,1.427184466,1.595876289,5.000000000,1,1,0,1420,0
1968,0.001968000,1.427184466,1.604123711,5.000000000,1,1,0,1421,0
1969,0.001969000,1.427184466,1.612371134,5.000000000,1,1,0,1422,0
1970,0.001970000,1.427184466,1.620618557,5.000000000,1,1,0,1423,0
1971,0.001971000,1.427184466,1.628865979,5.000000000,1,1,0,1424,0
1972,0.001972000,1.427184466,1.637113402,5.000000000,1,1,0,1425,0
1973,0.001973000,1.427184466,1.645360825,5.000000000,1,1,0,1426,0
1974,0.001974000,1.427184466,1.653608247,5.000000000,1,1,0,1427,0
1975,0.001975000,1.427184466,1.661855670,5.000000000,1,1,0,1428,0
1976,0.001976000,1.427184466,1.670103093,5.000000000,1,1,0,1429,0
1977,0.001977000,1.417475728,1.670103093,5.000000000,1,0,0,1429,1
1978,0.001978000,1.417475728,1.678350515,5.000000000,1,1,0,1430,0
1979,0.001979000,1.427184466,1.678350515,5.000000000,1,0,0,1430,1
1980,0.001980000,1.427184466,1.686597938,5.000000000,1,1,0,1431,0
1981,0.001981000,1.417475728,1.686597938,5.000000000,1,0,0,1431,1
1982,0.001982000,1.417475728,1.694845361,5.000000000,1,1,0,1432,0
1983,0.001983000,1.427184466,1.694845361,5.000000000,1,0,0,1432,1
1984,0.001984000,1.427184466,1.703092784,5.000000000,1,1,0,1433,0
1985,0.001985000,1.417475728,1.703092784,5.000000000,1,0,0,1433,1
1986,0.001986000,1.417475728,1.711340206,5.000000000,1,1,0,1434,0
1987,0.001987000,1.427184466,1.711340206,5.000000000,1,0,0,1434,1
1988,0.001988000,1.427184466,1.719587629,5.000000000,1,1,0,1435,0
1989,0.001989000,1.417475728,1.719587629,5.000000000,1,0,0,1435,1
1990,0.001990000,1.407766990,1.727835052,5.000000000,1,1,0,1436,0
1991,0.001991000,1.398058252,1.727835052,5.000000000,1,0,0,1436,1
1992,0.001992000,1.398058252,1.736082474,5.000000000,1,1,0,1437,0
1993,0.001993000,1.407766990,1.736082474,5.000000000,1,0,0,1437,1
1994,0.001994000,1.407766990,1.744329897,5.000000000,1,1,0,1438,0
1995,0.001995000,1.398058252,1.744329897,5.000000000,1,0,0,1438,1
1996,0.001996000,1.398058252,1.752577320,5.000000000,1,1,0,1439,0
1997,0.001997000,1.407766990,1.752577320,5.000000000,1,0,0,1439,1
1998,0.001998000,1.407766990,1.760824742,5.000000000,1,1,0,1440,0
1999,0.001999000,1.398058252,1.760824742,5.000000000,1,0,0,1440,1
2000,0.002000000,1.388349515,1.769072165,5.000000000,1,1,0,1441,0
2001,0.002001000,1.378640777,1.769072165,5.000000000,1,0,0,1441,1
2002,0.002002000,1.378640777,1.777319588,5.000000000,1,1,0,1442,0
2003,0.002003000,1.388349515,1.777319588,5.000000000,1,0,0,1442,1
2004,0.002004000,1.388349515,1.785567010,5.000000000,1,1,0,1443,0
2005,0.002005000,1.378640777,1.785567010,5.000000000,1,0,0,1443,1
2006,0.002006000,1.378640777,1.793814433,5.000000000,1,1,0,1444,0
2007,0.002007000,1.388349515,1.793814433,5.000000000,1,0,0,1444,1
2008,0.002008000,1.368932039,1.802061856,5.000000000,1,1,0,1445,0
2009,0.002009000,1.359223301,1.802061856,5.000000000,1,0,0,1445,1
2010,0.002010000,1.359223301,1.810309278,5.000000000,1,1,0,1446,0
2011,0.002011000,1.368932039,1.810309278,5.000000000,1,0,0,1446,1
2012,0.002012000,1.349514563,1.818556701,5.000000000,1,1,0,1447,0
2013,0.002013000,1.339805825,1.818556701,5.000000000,1,0,0,1447,1
2014,0.002014000,1.330097087,1.826804124,5.000000000,1,1,0,1448,0
2015,0.002015000,1.320388350,1.826804124,5.000000000,1,0,0,1448,1
2016,0.002016000,1.320388350,1.835051546,5.000000000,1,1,0,1449,0
2017,0.002017000,1.330097087,1.835051546,5.000000000,1,0,0,1449,1
2018,0.002018000,1.310679612,1.843298969,5.000000000,1,1,0,1450,0
2019,0.002019000,1.300970874,1.843298969,5.000000000,1,0,0,1450,1
2020,0.002020000,1.300970874,1.851546392,5.000000000,1,1,0,1451,0
2021,0.002021000,1.310679612,1.851546392,5.000000000,1,0,0,1451,1
2022,0.002022000,1.291262136,1.859793814,5.000000000,1,1,0,1452,0
2023,0.002023000,1.281553398,1.859793814,5.000000000,1,0,0,1452,1
2024,0.002024000,1.271844660,1.859793814,5.000000000,1,0,0,1452,2
2025,0.002025000,1.271844660,1.868041237,5.000000000,1,1,0,1453,0
2026,0.002026000,1.281553398,1.868041237,5.000000000,1,0,0,1453,1
2027,0.002027000,1.291262136,1.868041237,5.000000000,1,0,0,1453,2
2028,0.002028000,1.262135922,1.876288660,5.000000000,1,1,0,1454,0
2029,0.002029000,1.252427184,1.876288660,5.000000000,1,0,0,1454,1
2030,0.002030000,1.242718447,1.876288660,5.000000000,1,0,0,1454,2
2031,0.002031000,1.233009709,1.876288660,5.000000000,1,0,0,1454,3
2032,0.002032000,1.223300971,1.876288660,5.000000000,1,0,0,1454,4
2033,0.002033000,1.213592233,1.876288660,5.000000000,1,0,0,1454,5
2034,0.002034000,1.203883495,1.884536082,5.000000000,1,1,0,1455,0
2035,0.002035000,1.194174757,1.884536082,5.000000000,1,0,0,1455,1
2036,0.002036000,1.184466019,1.884536082,5.000000000,1,0,0,1455,2
2037,0.002037000,1.174757282,1.884536082,5.000000000,1,0,0,1455,3
2038,0.002038000,1.165048544,1.884536082,5.000000000,1,0,0,1455,4
2039,0.002039000,1.155339806,1.884536082,5.000000000,1,0,0,1455,5
2040,0.002040000,1.145631068,1.884536082,5.000000000,1,0,0,1455,6
2041,0.002041000,1.135922330,1.884536082,5.000000000,1,0,0,1455,7
2042,0.002042000,1.126213592,1.884536082,5.000000000,1,0,0,1455,8
2043,0.002043000,1.116504854,1.884536082,5.000000000,1,0,0,1455,9
2044,0.002044000,1.106796117,1.884536082,5.000000000,1,0,0,1455,10
2045,0.002045000,1.097087379,1.884536082,5.000000000,1,0,0,1455,11
2046,0.002046000,1.087378641,1.884536082,5.000000000,1,0,0,1455,12
2047,0.002047000,1.087378641,1.892783505,5.000000000,1,1,0,1456,0
2048,0.002048000,1.097087379,1.892783505,5.000000000,1,0,0,1456,1
2049,0.002049000,1.106796117,1.892783505,5.000000000,1,0,0,1456,2
2050,0.002050000,1.116504854,1.892783505,5.000000000,1,0,0,1456,3
2051,0.002051000,1.126213592,1.892783505,5.000000000,1,0,0,1456,4
2052,0.002052000,1.135922330,1.892783505,5.000000000,1,0,0,1456,5
2053,0.002053000,1.145631068,1.892783505,5.000000000,1,0,0,1456,6
2054,0.002054000,1.155339806,1.892783505,5.000000000,1,0,0,1456,7
2055,0.002055000,1.165048544,1.892783505,5.000000000,1,0,0,1456,8
2056,0.002056000,1.174757282,1.892783505,5.000000000,1,0,0,1456,9
2057,0.002057000,1.184466019,1.892783505,5.000000000,1,0,0,1456,10
2058,0.002058000,1.194174757,1.892783505,5.000000000,1,0,0,1456,11
2059,0.002059000,1.203883495,1.892783505,5.000000000,1,0,0,1456,12
2060,0.002060000,1.077669903,1.876288660,5.000000000,1,1,0,1457,0
2061,0.002061000,1.077669903,1.868041237,5.000000000,1,1,0,1458,0
2062,0.002062000,1.067961165,1.868041237,5.000000000,1,0,0,1458,1
2063,0.002063000,1.058252427,1.868041237,5.000000000,1,0,0,1458,2
2064,0.002064000,1.048543689,1.868041237,5.000000000,1,0,0,1458,3
2065,0.002065000,1.038834951,1.868041237,5.000000000,1,0,0,1458,4
2066,0.002066000,1.029126214,1.868041237,5.000000000,1,0,0,1458,5
2067,0.002067000,1.029126214,1.876288660,5.000000000,1,1,0,1459,0
2068,0.002068000,1.038834951,1.876288660,5.000000000,1,0,0,1459,1
2069,0.002069000,1.048543689,1.876288660,5.000000000,1,0,0,1459,2
2070,0.002070000,1.058252427,1.876288660,5.000000000,1,0,0,1459,3
2071,0.002071000,1.067961165,1.876288660,5.000000000,1,0,0,1459,4
2072,0.002072000,1.019417476,1.859793814,5.000000000,1,1,0,1460,0
2073,0.002073000,1.009708738,1.859793814,5.000000000,1,0,0,1460,1
2074,0.002074000,1.000000000,1.859793814,5.000000000,1,0,0,1460,2
2075,0.002075000,0.990291262,1.859793814,5.000000000,1,0,0,1460,3
2076,0.002076000,0.980582524,1.851546392,5.000000000,1,1,0,1461,0
2077,0.002077000,0.980582524,1.843298969,5.000000000,1,1,0,1462,0
2078,0.002078000,0.970873786,1.835051546,5.000000000,1,1,0,1463,0
2079,0.002079000,0.970873786,1.826804124,5.000000000,1,1,0,1464,0
2080,0.002080000,0.961165049,1.826804124,5.000000000,1,0,0,1464,1
2081,0.002081000,0.961165049,1.835051546,5.000000000,1,1,0,1465,0
2082,0.002082000,0.951456311,1.818556701,5.000000000,1,1,0,1466,0
2083,0.002083000,0.951456311,1.810309278,5.000000000,1,1,0,1467,0
2084,0.002084000,0.941747573,1.810309278,5.000000000,1,0,0,1467,1
2085,0.002085000,0.941747573,1.818556701,5.000000000,1,1,0,1468,0
2086,0.002086000,0.932038835,1.802061856,5.000000000,1,1,0,1469,0
2087,0.002087000,0.922330097,1.802061856,5.000000000,1,0,0,1469,1
2088,0.002088000,0.912621359,1.793814433,5.000000000,1,1,0,1470,0
2089,0.002089000,0.912621359,1.785567010,5.000000000,1,1,0,1471,0
2090,0.002090000,0.912621359,1.777319588,5.000000000,1,1,0,1472,0
2091,0.002091000,0.912621359,1.769072165,5.000000000,1,1,0,1473,0
2092,0.002092000,0.902912621,1.769072165,5.000000000,1,0,0,1473,1
2093,0.002093000,0.902912621,1.777319588,5.000000000,1,1,0,1474,0
2094,0.002094000,0.902912621,1.785567010,5.000000000,1,1,0,1475,0
2095,0.002095000,0.902912621,1.793814433,5.000000000,1,1,0,1476,0
2096,0.002096000,0.893203883,1.760824742,5.000000000,1,1,0,1477,0
2097,0.002097000,0.893203883,1.752577320,5.000000000,1,1,0,1478,0
2098,0.002098000,0.893203883,1.744329897,5.000000000,1,1,0,1479,0
2099,0.002099000,0.893203883,1.736082474,5.000000000,1,1,0,1480,0
2100,0.002100000,0.893203883,1.727835052,5.000000000,1,1,0,1481,0
2101,0.002101000,0.883495146,1.727835052,5.000000000,1,0,0,1481,1
2102,0.002102000,0.883495146,1.736082474,5.000000000,1,1,0,1482,0
2103,0.002103000,0.883495146,1.744329897,5.000000000,1,1,0,1483,0
2104,0.002104000,0.883495146,1.752577320,5.000000000,1,1,0,1484,0
2105,0.002105000,0.883495146,1.760824742,5.000000000,1,1,0,1485,0
2106,0.002106000,0.873786408,1.719587629,5.000000000,1,1,0,1486,0
2107,0.002107000,0.873786408,1.711340206,5.000000000,1,1,0,1487,0
2108,0.002108000,0.873786408,1.703092784,5.000000000,1,1,0,1488,0
2109,0.002109000,0.873786408,1.694845361,5.000000000,1,1,0,1489,0
2110,0.002110000,0.873786408,1.686597938,5.000000000,1,1,0,1490,0
2111,0.002111000,0.873786408,1.678350515,5.000000000,1,1,0,1491,0
2112,0.002112000,0.873786408,1.670103093,5.000000000,1,1,0,1492,0
2113,0.002113000,0.864077670,1.670103093,5.000000000,1,0,0,1492,1
2114,0.002114000,0.864077670,1.678350515,5.000000000,1,1,0,1493,0
2115,0.002115000,0.864077670,1.686597938,5.000000000,1,1,0,1494,0
2116,0.002116000,0.864077670,1.694845361,5.000000000,1,1,0,1495,0
2117,0.002117000,0.864077670,1.703092784,5.000000000,1,1,0,1496,0
2118,0.002118000,0.864077670,1.711340206,5.000000000,1,1,0,1497,0
2119,0.002119000,0.864077670,1.719587629,5.000000000,1,1,0,1498,0
2120,0.002120000,0.854368932,1.661855670,5.000000000,1,1,0,1499,0
2121,0.002121000,0.854368932,1.653608247,5.000000000,1,1,0,1500,0
2122,0.002122000,0.854368932,1.645360825,5.000000000,1,1,0,1501,0
2123,0.002123000,0.854368932,1.637113402,5.000000000,1,1,0,1502,0
2124,0.002124000,0.854368932,1.628865979,5.000000000,1,1,0,1503,0
2125,0.002125000,0.854368932,1.620618557,5.000000000,1,1,0,1504,0
2126,0.002126000,0.854368932,1.612371134,5.000000000,1,1,0,1505,0
2127,0.002127000,0.854368932,1.604123711,5.000000000,1,1,0,1506,0
2128,0.002128000,0.854368932,1.595876289,5.000000000,1,1,0,1507,0
2129,0.002129000,0.854368932,1.587628866,5.000000000,1,1,0,1508,0
2130,0.002130000,0.854368932,1.579381443,5.000000000,1,1,0,1509,0
2131,0.002131000,0.854368932,1.571134021,5.000000000,1,1,0,1510,0
2132,0.002132000,0.854368932,1.562886598,5.000000000,1,1,0,1511,0
2133,0.002133000,0.854368932,1.554639175,5.000000000,1,1,0,1512,0
2134,0.002134000,0.854368932,1.546391753,5.000000000,1,1,0,1513,0
2135,0.002135000,0.854368932,1.538144330,5.000000000,1,1,0,1514,0
2136,0.002136000,0.854368932,1.529896907,5.000000000,1,1,0,1515,0
2137,0.002137000,0.854368932,1.521649485,5.000000000,1,1,0,1516,0
2138,0.002138000,0.854368932,1.513402062,5.000000000,1,1,0,1517,0
2139,0.002139000,0.854368932,1.505154639,5.000000000,1,1,0,1518,0
2140,0.002140000,0.854368932,1.496907216,5.000000000,1,1,0,1519,0
2141,0.002141000,0.854368932,1.488659794,5.000000000,1,1,0,1520,0
2142,0.002142000,0.854368932,1.480412371,5.000000000,1,1,0,1521,0
2143,0.002143000,0.854368932,1.472164948,5.000000000,1,1,0,1522,0
2144,0.002144000,0.854368932,1.463917526,5.000000000,1,1,0,1523,0
2145,0.002145000,0.854368932,1.455670103,5.000000000,1,1,0,1524,0
2146,0.002146000,0.854368932,1.447422680,5.000000000,1,1,0,1525,0
2147,0.002147000,0.854368932,1.439175258,5.000000000,1,1,0,1526,0
2148,0.002148000,0.854368932,1.430927835,5.000000000,1,1,0,1527,0
2149,0.002149000,0.854368932,1.422680412,5.000000000,1,1,0,1528,0
2150,0.002150000,0.854368932,1.414432990,5.000000000,1,1,0,1529,0
2151,0.002151000,0.854368932,1.406185567,5.000000000,1,1,0,1530,0
2152,0.002152000,0.854368932,1.397938144,5.000000000,1,1,0,1531,0
2153,0.002153000,0.854368932,1.389690722,5.000000000,1,1,0,1532,0
2154,0.002154000,0.854368932,1.381443299,5.000000000,1,1,0,1533,0
2155,0.002155000,0.854368932,1.373195876,5.000000000,1,1,0,1534,0
2156,0.002156000,0.854368932,1.364948454,5.000000000,1,1,0,1535,0
2157,0.002157000,0.854368932,1.356701031,5.000000000,1,1,0,1536,0
2158,0.002158000,0.854368932,1.348453608,5.000000000,1,1,0,1537,0
2159,0.002159000,0.854368932,1.340206186,5.000000000,1,1,0,1538,0
2160,0.002160000,0.854368932,1.331958763,5.000000000,1,1,0,1539,0
2161,0.002161000,0.854368932,1.323711340,5.000000000,1,1,0,1540,0
2162,0.002162000,0.854368932,1.315463918,5.000000000,1,1,0,1541,0
2163,0.002163000,0.854368932,1.307216495,5.000000000,1,1,0,1542,0
2164,0.002164000,0.854368932,1.298969072,5.000000000,1,1,0,1543,0
2165,0.002165000,0.854368932,1.290721649,5.000000000,1,1,0,1544,0
2166,0.002166000,0.854368932,1.282474227,5.000000000,1,1,0,1545,0
2167,0.002167000,0.854368932,1.274226804,5.000000000,1,1,0,1546,0
2168,0.002168000,0.854368932,1.265979381,5.000000000,1,1,0,1547,0
2169,0.002169000,0.854368932,1.257731959,5.000000000,1,1,0,1548,0
2170,0.002170000,0.854368932,1.249484536,5.000000000,1,1,0,1549,0
2171,0.002171000,0.854368932,1.241237113,5.000000000,1,1,0,1550,0
2172,0.002172000,0.854368932,1.232989691,5.000000000,1,1,0,1551,0
2173,0.002173000,0.854368932,1.224742268,5.000000000,1,1,0,1552,0
2174,0.002174000,0.854368932,1.216494845,5.000000000,1,1,0,1553,0
2175,0.002175000,0.854368932,1.208247423,5.000000000,1,1,0,1554,0
2176,0.002176000,0.854368932,1.200000000,5.000000000,1,1,0,1555,0
2177,0.002177000,0.854368932,1.191752577,5.000000000,1,1,0,1556,0
2178,0.002178000,0.854368932,1.183505155,5.000000000,1,1,0,1557,0
2179,0.002179000,0.854368932,1.175257732,5.000000000,1,1,0,1558,0
2180,0.002180000,0.854368932,1.167010309,5.000000000,1,1,0,1559,0
2181,0.002181000,0.854368932,1.158762887,5.000000000,1,1,0,1560,0
2182,0.002182000,0.854368932,1.150515464,5.000000000,1,1,0,1561,0
2183,0.002183000,0.854368932,1.142268041,5.000000000,1,1,0,1562,0
2184,0.002184000,0.854368932,1.134020619,5.000000000,1,1,0,1563,0
2185,0.002185000,0.854368932,1.125773196,5.000000000,1,1,0,1564,0
2186,0.002186000,0.854368932,1.117525773,5.000000000,1,1,0,1565,0
2187,0.002187000,0.854368932,1.109278351,5.000000000,1,1,0,1566,0
2188,0.002188000,0.854368932,1.101030928,5.000000000,1,1,0,1567,0
2189,0.002189000,0.854368932,1.092783505,5.000000000,1,1,0,1568,0
2190,0.002190000,0.854368932,1.084536082,5.000000000,1,1,0,1569,0
2191,0.002191000,0.854368932,1.076288660,5.000000000,1,1,0,1570,0
2192,0.002192000,0.854368932,1.068041237,5.000000000,1,1,0,1571,0
2193,0.002193000,0.854368932,1.059793814,5.000000000,1,1,0,1572,0
2194,0.002194000,0.854368932,1.051546392,5.000000000,1,1,0,1573,0
2195,0.002195000,0.854368932,1.043298969,5.000000000,1,1,0,1574,0
2196,0.002196000,0.854368932,1.035051546,5.000000000,1,1,0,1575,0
2197,0.002197000,0.854368932,1.026804124,5.000000000,1,1,0,1576,0
2198,0.002198000,0.854368932,1.018556701,5.000000000,1,1,0,1577,0
2199,0.002199000,0.854368932,1.010309278,5.000000000,1,1,0,1578,0
2200,0.002200000,0.854368932,1.002061856,5.000000000,1,1,0,1579,0
2201,0.002201000,0.854368932,0.993814433,5.000000000,1,1,0,1580,0
2202,0.002202000,0.854368932,0.985567010,5.000000000,1,1,0,1581,0
2203,0.002203000,0.854368932,0.977319588,5.000000000,1,1,0,1582,0
2204,0.002204000,0.854368932,0.969072165,5.000000000,1,1,0,1583,0
2205,0.002205000,0.854368932,0.960824742,5.000000000,1,1,0,1584,0
2206,0.002206000,0.854368932,0.952577320,5.000000000,1,1,0,1585,0
2207,0.002207000,0.854368932,0.944329897,5.000000000,1,1,0,1586,0
2208,0.002208000,0.854368932,0.936082474,5.000000000,1,1,0,1587,0
2209,0.002209000,0.854368932,0.927835052,5.000000000,1,1,0,1588,0
2210,0.002210000,0.854368932,0.919587629,5.000000000,1,1,0,1589,0
2211,0.002211000,0.854368932,0.911340206,5.000000000,1,1,0,1590,0
2212,0.002212000,0.854368932,0.903092784,5.000000000,1,1,0,1591,0
2213,0.002213000,0.854368932,0.894845361,5.000000000,1,1,0,1592,0
2214,0.002214000,0.854368932,0.886597938,5.000000000,1,1,0,1593,0
2215,0.002215000,0.854368932,0.878350515,5.000000000,1,1,0,1594,0
2216,0.002216000,0.854368932,0.870103093,5.000000000,1,1,0,1595,0
2217,0.002217000,0.854368932,0.861855670,5.000000000,1,1,0,1596,0
2218,0.002218000,0.854368932,0.853608247,5.000000000,1,1,0,1597,0
2219,0.002219000,0.854368932,0.845360825,5.000000000,1,1,0,1598,0
2220,0.002220000,0.854368932,0.837113402,5.000000000,1,1,0,1599,0
2221,0.002221000,0.854368932,0.828865979,5.000000000,1,1,0,1600,0
2222,0.002222000,0.854368932,0.820618557,5.000000000,1,1,0,1601,0
2223,0.002223000,0.854368932,0.812371134,5.000000000,1,1,0,1602,0
2224,0.002224000,0.854368932,0.804123711,5.000000000,1,1,0,1603,0
2225,0.002225000,0.854368932,0.795876289,5.000000000,1,1,0,1604,0
2226,0.002226000,0.854368932,0.787628866,5.000000000,1,1,0,1605,0
2227,0.002227000,0.854368932,0.779381443,5.000000000,1,1,0,1606,0
2228,0.002228000,0.854368932,0.771134021,5.000000000,1,1,0,1607,0
2229,0.002229000,0.854368932,0.762886598,5.000000000,1,1,0,1608,0
2230,0.002230000,0.854368932,0.754639175,5.000000000,1,1,0,1609,0
2231,0.002231000,0.854368932,0.746391753,5.000000000,1,1,0,1610,0
2232,0.002232000,0.854368932,0.738144330,5.000000000,1,1,0,1611,0
2233,0.002233000,0.854368932,0.729896907,5.000000000,1,1,0,1612,0
2234,0.002234000,0.854368932,0.721649485,5.000000000,1,1,0,1613,0
2235,0.002235000,0.854368932,0.713402062,5.000000000,1,1,0,1614,0
2236,0.002236000,0.854368932,0.705154639,5.000000000,1,1,0,1615,0
2237,0.002237000,0.854368932,0.696907216,5.000000000,1,1,0,1616,0
2238,0.002238000,0.854368932,0.688659794,5.000000000,1,1,0,1617,0
2239,0.002239000,0.854368932,0.680412371,5.000000000,1,1,0,1618,0
2240,0.002240000,0.854368932,0.672164948,5.000000000,1,1,0,1619,0
2241,0.002241000,0.854368932,0.663917526,5.000000000,1,1,0,1620,0
2242,0.002242000,0.854368932,0.655670103,5.000000000,1,1,0,1621,0
2243,0.002243000,0.854368932,0.647422680,5.000000000,1,1,0,1622,0
2244,0.002244000,0.854368932,0.639175258,5.000000000,1,1,0,1623,0
2245,0.002245000,0.854368932,0.630927835,5.000000000,1,1,0,1624,0
2246,0.002246000,0.854368932,0.622680412,5.000000000,1,1,0,1625,0
2247,0.002247000,0.854368932,0.614432990,5.000000000,1,1,0,1626,0
2248,0.002248000,0.854368932,0.606185567,5.000000000,1,1,0,1627,0
2249,0.002249000,0.854368932,0.597938144,5.000000000,1,1,0,1628,0
2250,0.002250000,0.854368932,0.589690722,5.000000000,1,1,0,1629,0
2251,0.002251000,0.854368932,0.581443299,5.000000000,1,1,0,1630,0
2252,0.002252000,0.854368932,0.573195876,5.000000000,1,1,0,1631,0
2253,0.002253000,0.854368932,0.564948454,5.000000000,1,1,0,1632,0
2254,0.002254000,0.854368932,0.556701031,5.000000000,1,1,0,1633,0
2255,0.002255000,0.854368932,0.548453608,5.000000000,1,1,0,1634,0
2256,0.002256000,0.854368932,0.540206186,5.000000000,1,1,0,1635,0
2257,0.002257000,0.854368932,0.531958763,5.000000000,1,1,0,1636,0
2258,0.002258000,0.854368932,0.523711340,5.000000000,1,1,0,1637,0
2259,0.002259000,0.854368932,0.515463918,5.000000000,1,1,0,1638,0
2260,0.002260000,0.854368932,0.507216495,5.000000000,1,1,0,1639,0
2261,0.002261000,0.854368932,0.498969072,5.000000000,1,1,0,1640,0
2262,0.002262000,0.854368932,0.490721649,5.000000000,1,1,0,1641,0
2263,0.002263000,0.854368932,0.482474227,5.000000000,1,1,0,1642,0
2264,0.002264000,0.854368932,0.474226804,5.000000000,1,1,0,1643,0
2265,0.002265000,0.854368932,0.465979381,5.000000000,1,1,0,1644,0
2266,0.002266000,0.854368932,0.457731959,5.000000000,1,1,0,1645,0
2267,0.002267000,0.854368932,0.449484536,5.000000000,1,1,0,1646,0
2268,0.002268000,0.854368932,0.441237113,5.000000000,1,1,0,1647,0
2269,0.002269000,0.854368932,0.432989691,5.000000000,1,1,0,1648,0
2270,0.002270000,0.854368932,0.424742268,5.000000000,1,1,0,1649,0
2271,0.002271000,0.854368932,0.416494845,5.000000000,1,1,0,1650,0
2272,0.002272000,0.854368932,0.408247423,5.000000000,1,1,0,1651,0
2273,0.002273000,0.854368932,0.400000000,5.000000000,1,1,0,1652,0
2274,0.002274000,0.854368932,0.391752577,5.000000000,1,1,0,1653,0
2275,0.002275000,0.854368932,0.383505155,5.000000000,1,1,0,1654,0
2276,0.002276000,0.854368932,0.375257732,5.000000000,1,1,0,1655,0
2277,0.002277000,0.854368932,0.367010309,5.000000000,1,1,0,1656,0
2278,0.002278000,0.854368932,0.358762887,5.000000000,1,1,0,1657,0
2279,0.002279000,0.854368932,0.350515464,5.000000000,1,1,0,1658,0
2280,0.002280000,0.854368932,0.342268041,5.000000000,1,1,0,1659,0
2281,0.002281000,0.854368932,0.334020619,5.000000000,1,1,0,1660,0
2282,0.002282000,0.854368932,0.325773196,5.000000000,1,1,0,1661,0
2283,0.002283000,0.854368932,0.317525773,5.000000000,1,1,0,1662,0
2284,0.002284000,0.854368932,0.309278351,5.000000000,1,1,0,1663,0
2285,0.002285000,0.854368932,0.301030928,5.000000000,1,1,0,1664,0
2286,0.002286000,0.854368932,0.292783505,5.000000000,1,1,0,1665,0
2287,0.002287000,0.854368932,0.284536082,5.000000000,1,1,0,1666,0
2288,0.002288000,0.854368932,0.276288660,5.000000000,1,1,0,1667,0
2289,0.002289000,0.854368932,0.268041237,5.000000000,1,1,0,1668,0
2290,0.002290000,0.854368932,0.259793814,5.000000000,1,1,0,1669,0
2291,0.002291000,0.854368932,0.251546392,5.000000000,1,1,0,1670,0
2292,0.002292000,0.854368932,0.243298969,5.000000000,1,1,0,1671,0
2293,0.002293000,0.854368932,0.235051546,5.000000000,1,1,0,1672,0
2294,0.002294000,0.854368932,0.226804124,5.000000000,1,1,0,1673,0
2295,0.002295000,0.854368932,0.218556701,5.000000000,1,1,0,1674,0
2296,0.002296000,0.854368932,0.210309278,5.000000000,1,1,0,1675,0
2297,0.002297000,0.854368932,0.202061856,5.000000000,1,1,0,1676,0
2298,0.002298000,0.854368932,0.193814433,5.000000000,1,1,0,1677,0
2299,0.002299000,0.854368932,0.185567010,5.000000000,1,1,0,1678,0
2300,0.002300000,0.854368932,0.177319588,5.000000000,1,1,0,1679,0
2301,0.002301000,0.854368932,0.169072165,5.000000000,1,1,0,1680,0
2302,0.002302000,0.854368932,0.160824742,5.000000000,1,1,0,1681,0
2303,0.002303000,0.854368932,0.152577320,5.000000000,1,1,0,1682,0
2304,0.002304000,0.854368932,0.144329897,5.000000000,1,1,0,1683,0
2305,0.002305000,0.854368932,0.136082474,5.000000000,1,1,0,1684,0
2306,0.002306000,0.854368932,0.127835052,5.000000000,1,1,0,1685,0
2307,0.002307000,0.854368932,0.119587629,5.000000000,1,1,0,1686,0
2308,0.002308000,0.854368932,0.111340206,5.000000000,1,1,0,1687,0
2309,0.002309000,0.854368932,0.103092784,5.000000000,1,1,0,1688,0
2310,0.002310000,0.854368932,0.094845361,5.000000000,1,1,0,1689,0
2311,0.002311000,0.854368932,0.086597938,5.000000000,1,1,0,1690,0
2312,0.002312000,0.854368932,0.078350515,5.000000000,1,1,0,1691,0
2313,0.002313000,0.854368932,0.070103093,5.000000000,1,1,0,1692,0
2314,0.002314000,0.854368932,0.061855670,5.000000000,1,1,0,1693,0
2315,0.002315000,0.854368932,0.053608247,5.000000000,1,1,0,1694,0
2316,0.002316000,0.854368932,0.045360825,5.000000000,1,1,0,1695,0
2317,0.002317000,0.854368932,0.037113402,5.000000000,1,1,0,1696,0
2318,0.002318000,0.854368932,0.028865979,5.000000000,1,1,0,1697,0
2319,0.002319000,0.854368932,0.020618557,5.000000000,1,1,0,1698,0
2320,0.002320000,0.854368932,0.012371134,5.000000000,1,1,0,1699,0
2321,0.002321000,0.854368932,0.004123711,5.000000000,1,1,0,1700,0
2322,0.002322000,0.854368932,-0.004123711,5.000000000,1,1,0,1701,0
2323,0.002323000,0.854368932,-0.012371134,5.000000000,1,1,0,1702,0
2324,0.002324000,0.854368932,-0.020618557,5.000000000,1,1,0,1703,0
2325,0.002325000,0.854368932,-0.028865979,5.000000000,1,1,0,1704,0
2326,0.002326000,0.854368932,-0.037113402,5.000000000,1,1,0,1705,0
2327,0.002327000,0.854368932,-0.045360825,5.000000000,1,1,0,1706,0
2328,0.002328000,0.854368932,-0.053608247,5.000000000,1,1,0,1707,0
2329,0.002329000,0.854368932,-0.061855670,5.000000000,1,1,0,1708,0
2330,0.002330000,0.854368932,-0.070103093,5.000000000,1,1,0,1709,0
2331,0.002331000,0.854368932,-0.078350515,5.000000000,1,1,0,1710,0
2332,0.002332000,0.854368932,-0.086597938,5.000000000,1,1,0,1711,0
2333,0.002333000,0.854368932,-0.094845361,5.000000000,1,1,0,1712,0
2334,0.002334000,0.854368932,-0.103092784,5.000000000,1,1,0,1713,0
2335,0.002335000,0.854368932,-0.111340206,5.000000000,1,1,0,1714,0
2336,0.002336000,0.854368932,-0.119587629,5.000000000,1,1,0,1715,0
2337,0.002337000,0.854368932,-0.127835052,5.000000000,1,1,0,1716,0
2338,0.002338000,0.854368932,-0.136082474,5.000000000,1,1,0,1717,0
2339,0.002339000,0.854368932,-0.144329897,5.000000000,1,1,0,1718,0
2340,0.002340000,0.854368932,-0.152577320,5.000000000,1,1,0,1719,0
2341,0.002341000,0.854368932,-0.160824742,5.000000000,1,1,0,1720,0
2342,0.002342000,0.854368932,-0.169072165,5.000000000,1,1,0,1721,0
2343,0.002343000,0.854368932,-0.177319588,5.000000000,1,1,0,1722,0
2344,0.002344000,0.854368932,-0.185567010,5.000000000,1,1,0,1723,0
2345,0.002345000,0.854368932,-0.193814433,5.000000000,1,1,0,1724,0
2346,0.002346000,0.854368932,-0.202061856,5.000000000,1,1,0,1725,0
2347,0.002347000,0.854368932,-0.210309278,5.000000000,1,1,0,1726,0
2348,0.002348000,0.854368932,-0.218556701,5.000000000,1,1,0,1727,0
2349,0.002349000,0.854368932,-0.226804124,5.000000000,1,1,0,1728,0
2350,0.002350000,0.854368932,-0.235051546,5.000000000,1,1,0,1729,0
2351,0.002351000,0.854368932,-0.243298969,5.000000000,1,1,0,1730,0
2352,0.002352000,0.854368932,-0.251546392,5.000000000,1,1,0,1731,0
2353,0.002353000,0.854368932,-0.259793814,5.000000000,1,1,0,1732,0
2354,0.002354000,0.854368932,-0.268041237,5.000000000,1,1,0,1733,0
2355,0.002355000,0.854368932,-0.276288660,5.000000000,1,1,0,1734,0
2356,0.002356000,0.854368932,-0.284536082,5.000000000,1,1,0,1735,0
2357,0.002357000,0.854368932,-0.292783505,5.000000000,1,1,0,1736,0
2358,0.002358000,0.854368932,-0.301030928,5.000000000,1,1,0,1737,0
2359,0.002359000,0.854368932,-0.309278351,5.000000000,1,1,0,1738,0
2360,0.002360000,0.854368932,-0.317525773,5.000000000,1,1,0,1739,0
2361,0.002361000,0.854368932,-0.325773196,5.000000000,1,1,0,1740,0
2362,0.002362000,0.854368932,-0.334020619,5.000000000,1,1,0,1741,0
2363,0.002363000,0.854368932,-0.342268041,5.000000000,1,1,0,1742,0
2364,0.002364000,0.854368932,-0.350515464,5.000000000,1,1,0,1743,0
2365,0.002365000,0.854368932,-0.358762887,5.000000000,1,1,0,1744,0
2366,0.002366000,0.854368932,-0.367010309,5.000000000,1,1,0,1745,0
2367,0.002367000,0.854368932,-0.375257732,5.000000000,1,1,0,1746,0
2368,0.002368000,0.854368932,-0.383505155,5.000000000,1,1,0,1747,0
2369,0.002369000,0.854368932,-0.391752577,5.000000000,1,1,0,1748,0
2370,0.002370000,0.854368932,-0.400000000,5.000000000,1,1,0,1749,0
2371,0.002371000,0.854368932,-0.408247423,5.000000000,1,1,0,1750,0
2372,0.002372000,0.854368932,-0.416494845,5.000000000,1,1,0,1751,0
2373,0.002373000,0.854368932,-0.424742268,5.000000000,1,1,0,1752,0
2374,0.002374000,0.854368932,-0.432989691,5.000000000,1,1,0,1753,0
2375,0.002375000,0.854368932,-0.441237113,5.000000000,1,1,0,1754,0
2376,0.002376000,0.854368932,-0.449484536,5.000000000,1,1,0,1755,0
2377,0.002377000,0.854368932,-0.457731959,5.000000000,1,1,0,1756,0
2378,0.002378000,0.854368932,-0.465979381,5.000000000,1,1,0,1757,0
2379,0.002379000,0.854368932,-0.474226804,5.000000000,1,1,0,1758,0
2380,0.002380000,0.854368932,-0.482474227,5.000000000,1,1,0,1759,0
2381,0.002381000,0.854368932,-0.490721649,5.000000000,1,1,0,1760,0
2382,0.002382000,0.854368932,-0.498969072,5.000000000,1,1,0,1761,0
2383,0.002383000,0.854368932,-0.507216495,5.000000000,1,1,0,1762,0
2384,0.002384000,0.854368932,-0.515463918,5.000000000,1,1,0,1763,0
2385,0.002385000,0.854368932,-0.523711340,5.000000000,1,1,0,1764,0
2386,0.002386000,0.854368932,-0.531958763,5.000000000,1,1,0,1765,0
2387,0.002387000,0.854368932,-0.540206186,5.000000000,1,1,0,1766,0
2388,0.002388000,0.854368932,-0.548453608,5.000000000,1,1,0,1767,0
2389,0.002389000,0.854368932,-0.556701031,5.000000000,1,1,0,1768,0
2390,0.002390000,0.854368932,-0.564948454,5.000000000,1,1,0,1769,0
2391,0.002391000,0.854368932,-0.573195876,5.000000000,1,1,0,1770,0
2392,0.002392000,0.854368932,-0.581443299,5.000000000,1,1,0,1771,0
2393,0.002393000,0.854368932,-0.589690722,5.000000000,1,1,0,1772,0
2394,0.002394000,0.854368932,-0.597938144,5.000000000,1,1,0,1773,0
2395,0.002395000,0.854368932,-0.606185567,5.000000000,1,1,0,1774,0
2396,0.002396000,0.854368932,-0.614432990,5.000000000,1,1,0,1775,0
2397,0.002397000,0.854368932,-0.622680412,5.000000000,1,1,0,1776,0
2398,0.002398000,0.854368932,-0.630927835,5.000000000,1,1,0,1777,0
2399,0.002399000,0.854368932,-0.639175258,5.000000000,1,1,0,1778,0
2400,0.002400000,0.854368932,-0.647422680,5.000000000,1,1,0,1779,0
2401,0.002401000,0.854368932,-0.655670103,5.000000000,1,1,0,1780,0
2402,0.002402000,0.854368932,-0.663917526,5.000000000,1,1,0,1781,0
2403,0.002403000,0.854368932,-0.672164948,5.000000000,1,1,0,1782,0
2404,0.002404000,0.854368932,-0.680412371,5.000000000,1,1,0,1783,0
2405,0.002405000,0.854368932,-0.688659794,5.000000000,1,1,0,1784,0
2406,0.002406000,0.854368932,-0.696907216,5.000000000,1,1,0,1785,0
2407,0.002407000,0.854368932,-0.705154639,5.000000000,1,1,0,1786,0
2408,0.002408000,0.854368932,-0.713402062,5.000000000,1,1,0,1787,0
2409,0.002409000,0.854368932,-0.721649485,5.000000000,1,1,0,1788,0
2410,0.002410000,0.854368932,-0.729896907,5.000000000,1,1,0,1789,0
2411,0.002411000,0.854368932,-0.738144330,5.000000000,1,1,0,1790,0
2412,0.002412000,0.854368932,-0.746391753,5.000000000,1,1,0,1791,0
2413,0.002413000,0.854368932,-0.754639175,5.000000000,1,1,0,1792,0
2414,0.002414000,0.854368932,-0.762886598,5.000000000,1,1,0,1793,0
2415,0.002415000,0.854368932,-0.771134021,5.000000000,1,1,0,1794,0
2416,0.002416000,0.854368932,-0.779381443,5.000000000,1,1,0,1795,0
2417,0.002417000,0.854368932,-0.787628866,5.000000000,1,1,0,1796,0
2418,0.002418000,0.854368932,-0.795876289,5.000000000,1,1,0,1797,0
2419,0.002419000,0.854368932,-0.804123711,5.000000000,1,1,0,1798,0
2420,0.002420000,0.854368932,-0.812371134,5.000000000,1,1,0,1799,0
2421,0.002421000,0.854368932,-0.820618557,5.000000000,1,1,0,1800,0
2422,0.002422000,0.854368932,-0.828865979,5.000000000,1,1,0,1801,0
2423,0.002423000,0.854368932,-0.837113402,5.000000000,1,1,0,1802,0
2424,0.002424000,0.854368932,-0.845360825,5.000000000,1,1,0,1803,0
2425,0.002425000,0.854368932,-0.853608247,5.000000000,1,1,0,1804,0
2426,0.002426000,0.854368932,-0.861855670,5.000000000,1,1,0,1805,0
2427,0.002427000,0.854368932,-0.870103093,5.000000000,1,1,0,1806,0
2428,0.002428000,0.854368932,-0.878350515,5.000000000,1,1,0,1807,0
2429,0.002429000,0.854368932,-0.886597938,5.000000000,1,1,0,1808,0
2430,0.002430000,0.854368932,-0.894845361,5.000000000,1,1,0,1809,0
2431,0.002431000,0.854368932,-0.903092784,5.000000000,1,1,0,1810,0
2432,0.002432000,0.854368932,-0.911340206,5.000000000,1,1,0,1811,0
2433,0.002433000,0.854368932,-0.919587629,5.000000000,1,1,0,1812,0
2434,0.002434000,0.854368932,-0.927835052,5.000000000,1,1,0,1813,0
2435,0.002435000,0.854368932,-0.936082474,5.000000000,1,1,0,1814,0
2436,0.002436000,0.854368932,-0.944329897,5.000000000,1,1,0,1815,0
2437,0.002437000,0.854368932,-0.952577320,5.000000000,1,1,0,1816,0
2438,0.002438000,0.854368932,-0.960824742,5.000000000,1,1,0,1817,0
2439,0.002439000,0.854368932,-0.969072165,5.000000000,1,1,0,1818,0
2440,0.002440000,0.854368932,-0.977319588,5.000000000,1,1,0,1819,0
2441,0.002441000,0.854368932,-0.985567010,5.000000000,1,1,0,1820,0
2442,0.002442000,0.854368932,-0.993814433,5.000000000,1,1,0,1821,0
2443,0.002443000,0.854368932,-1.002061856,5.000000000,1,1,0,1822,0
2444,0.002444000,0.854368932,-1.010309278,5.000000000,1,1,0,1823,0
2445,0.002445000,0.854368932,-1.018556701,5.000000000,1,1,0,1824,0
2446,0.002446000,0.854368932,-1.026804124,5.000000000,1,1,0,1825,0
2447,0.002447000,0.854368932,-1.035051546,5.000000000,1,1,0,1826,0
2448,0.002448000,0.854368932,-1.043298969,5.000000000,1,1,0,1827,0
2449,0.002449000,0.854368932,-1.051546392,5.000000000,1,1,0,1828,0
2450,0.002450000,0.854368932,-1.059793814,5.000000000,1,1,0,1829,0
2451,0.002451000,0.854368932,-1.068041237,5.000000000,1,1,0,1830,0
2452,0.002452000,0.854368932,-1.076288660,5.000000000,1,1,0,1831,0
2453,0.002453000,0.854368932,-1.084536082,5.000000000,1,1,0,1832,0
2454,0.002454000,0.854368932,-1.092783505,5.000000000,1,1,0,1833,0
2455,0.002455000,0.854368932,-1.101030928,5.000000000,1,1,0,1834,0
2456,0.002456000,0.854368932,-1.109278351,5.000000000,1,1,0,1835,0
2457,0.002457000,0.854368932,-1.117525773,5.000000000,1,1,0,1836,0
2458,0.002458000,0.854368932,-1.125773196,5.000000000,1,1,0,1837,0
2459,0.002459000,0.854368932,-1.134020619,5.000000000,1,1,0,1838,0
2460,0.002460000,0.854368932,-1.142268041,5.000000000,1,1,0,1839,0
2461,0.002461000,0.854368932,-1.150515464,5.000000000,1,1,0,1840,0
2462,0.002462000,0.854368932,-1.158762887,5.000000000,1,1,0,1841,0
2463,0.002463000,0.854368932,-1.167010309,5.000000000,1,1,0,1842,0
2464,0.002464000,0.854368932,-1.175257732,5.000000000,1,1,0,1843,0
2465,0.002465000,0.854368932,-1.183505155,5.000000000,1,1,0,1844,0
2466,0.002466000,0.854368932,-1.191752577,5.000000000,1,1,0,1845,0
2467,0.002467000,0.854368932,-1.200000000,5.000000000,1,1,0,1846,0
2468,0.002468000,0.854368932,-1.208247423,5.000000000,1,1,0,1847,0
2469,0.002469000,0.854368932,-1.216494845,5.000000000,1,1,0,1848,0
2470,0.002470000,0.854368932,-1.224742268,5.000000000,1,1,0,1849,0
2471,0.002471000,0.854368932,-1.232989691,5.000000000,1,1,0,1850,0
2472,0.002472000,0.854368932,-1.241237113,5.000000000,1,1,0,1851,0
2473,0.002473000,0.854368932,-1.249484536,5.000000000,1,1,0,1852,0
2474,0.002474000,0.854368932,-1.257731959,5.000000000,1,1,0,1853,0
2475,0.002475000,0.854368932,-1.265979381,5.000000000,1,1,0,1854,0
2476,0.002476000,0.854368932,-1.274226804,5.000000000,1,1,0,1855,0
2477,0.002477000,0.854368932,-1.282474227,5.000000000,1,1,0,1856,0
2478,0.002478000,0.854368932,-1.290721649,5.000000000,1,1,0,1857,0
2479,0.002479000,0.854368932,-1.298969072,5.000000000,1,1,0,1858,0
2480,0.002480000,0.854368932,-1.307216495,5.000000000,1,1,0,1859,0
2481,0.002481000,0.854368932,-1.315463918,5.000000000,1,1,0,1860,0
2482,0.002482000,0.854368932,-1.323711340,5.000000000,1,1,0,1861,0
2483,0.002483000,0.854368932,-1.331958763,5.000000000,1,1,0,1862,0
2484,0.002484000,0.854368932,-1.340206186,5.000000000,1,1,0,1863,0
2485,0.002485000,0.854368932,-1.348453608,5.000000000,1,1,0,1864,0
2486,0.002486000,0.854368932,-1.356701031,5.000000000,1,1,0,1865,0
2487,0.002487000,0.854368932,-1.364948454,5.000000000,1,1,0,1866,0
2488,0.002488000,0.854368932,-1.373195876,5.000000000,1,1,0,1867,0
2489,0.002489000,0.854368932,-1.381443299,5.000000000,1,1,0,1868,0
2490,0.002490000,0.854368932,-1.389690722,5.000000000,1,1,0,1869,0
2491,0.002491000,0.854368932,-1.397938144,5.000000000,1,1,0,1870,0
2492,0.002492000,0.854368932,-1.406185567,5.000000000,1,1,0,1871,0
2493,0.002493000,0.854368932,-1.414432990,5.000000000,1,1,0,1872,0
2494,0.002494000,0.854368932,-1.422680412,5.000000000,1,1,0,1873,0
2495,0.002495000,0.854368932,-1.430927835,5.000000000,1,1,0,1874,0
2496,0.002496000,0.854368932,-1.439175258,5.000000000,1,1,0,1875,0
2497,0.002497000,0.854368932,-1.447422680,5.000000000,1,1,0,1876,0
2498,0.002498000,0.854368932,-1.455670103,5.000000000,1,1,0,1877,0
2499,0.002499000,0.854368932,-1.463917526,5.000000000,1,1,0,1878,0
2500,0.002500000,0.854368932,-1.472164948,5.000000000,1,1,0,1879,0
2501,0.002501000,0.854368932,-1.480412371,5.000000000,1,1,0,1880,0
2502,0.002502000,0.854368932,-1.488659794,5.000000000,1,1,0,1881,0
2503,0.002503000,0.854368932,-1.496907216,5.000000000,1,1,0,1882,0
2504,0.002504000,0.854368932,-1.505154639,5.000000000,1,1,0,1883,0
2505,0.002505000,0.854368932,-1.513402062,5.000000000,1,1,0,1884,0
2506,0.002506000,0.854368932,-1.521649485,5.000000000,1,1,0,1885,0
2507,0.002507000,0.854368932,-1.529896907,5.000000000,1,1,0,1886,0
2508,0.002508000,0.854368932,-1.538144330,5.000000000,1,1,0,1887,0
2509,0.002509000,0.854368932,-1.546391753,5.000000000,1,1,0,1888,0
2510,0.002510000,0.854368932,-1.554639175,5.000000000,1,1,0,1889,0
2511,0.002511000,0.854368932,-1.562886598,5.000000000,1,1,0,1890,0
2512,0.002512000,0.854368932,-1.571134021,5.000000000,1,1,0,1891,0
2513,0.002513000,0.854368932,-1.579381443,5.000000000,1,1,0,1892,0
2514,0.002514000,0.854368932,-1.587628866,5.000000000,1,1,0,1893,0
2515,0.002515000,0.854368932,-1.595876289,5.000000000,1,1,0,1894,0
2516,0.002516000,0.854368932,-1.604123711,5.000000000,1,1,0,1895,0
2517,0.002517000,0.854368932,-1.612371134,5.000000000,1,1,0,1896,0
2518,0.002518000,0.854368932,-1.620618557,5.000000000,1,1,0,1897,0
2519,0.002519000,0.854368932,-1.628865979,5.000000000,1,1,0,1898,0
2520,0.002520000,0.854368932,-1.637113402,5.000000000,1,1,0,1899,0
2521,0.002521000,0.854368932,-1.645360825,5.000000000,1,1,0,1900,0
2522,0.002522000,0.854368932,-1.653608247,5.000000000,1,1,0,1901,0
2523,0.002523000,0.854368932,-1.661855670,5.000000000,1,1,0,1902,0
2524,0.002524000,0.854368932,-1.670103093,5.000000000,1,1,0,1903,0
2525,0.002525000,0.854368932,-1.678350515,5.000000000,1,1,0,1904,0
2526,0.002526000,0.854368932,-1.686597938,5.000000000,1,1,0,1905,0
2527,0.002527000,0.854368932,-1.694845361,5.000000000,1,1,0,1906,0
2528,0.002528000,0.854368932,-1.703092784,5.000000000,1,1,0,1907,0
2529,0.002529000,0.854368932,-1.711340206,5.000000000,1,1,0,1908,0
2530,0.002530000,0.854368932,-1.719587629,5.000000000,1,1,0,1909,0
2531,0.002531000,0.854368932,-1.727835052,5.000000000,1,1,0,1910,0
2532,0.002532000,0.854368932,-1.736082474,5.000000000,1,1,0,1911,0
2533,0.002533000,0.844660194,-1.752577320,5.000000000,1,1,0,1912,0
2534,0.002534000,0.844660194,-1.760824742,5.000000000,1,1,0,1913,0
2535,0.002535000,0.844660194,-1.769072165,5.000000000,1,1,0,1914,0
2536,0.002536000,0.844660194,-1.777319588,5.000000000,1,1,0,1915,0
2537,0.002537000,0.844660194,-1.785567010,5.000000000,1,1,0,1916,0
2538,0.002538000,0.844660194,-1.793814433,5.000000000,1,1,0,1917,0
2539,0.002539000,0.844660194,-1.802061856,5.000000000,1,1,0,1918,0
2540,0.002540000,0.844660194,-1.810309278,5.000000000,1,1,0,1919,0
2541,0.002541000,0.834951456,-1.810309278,5.000000000,1,0,0,1919,1
2542,0.002542000,0.834951456,-1.802061856,5.000000000,1,1,0,1920,0
2543,0.002543000,0.834951456,-1.793814433,5.000000000,1,1,0,1921,0
2544,0.002544000,0.834951456,-1.785567010,5.000000000,1,1,0,1922,0
2545,0.002545000,0.834951456,-1.777319588,5.000000000,1,1,0,1923,0
2546,0.002546000,0.834951456,-1.769072165,5.000000000,1,1,0,1924,0
2547,0.002547000,0.834951456,-1.760824742,5.000000000,1,1,0,1925,0
2548,0.002548000,0.834951456,-1.752577320,5.000000000,1,1,0,1926,0
2549,0.002549000,0.825242718,-1.818556701,5.000000000,1,1,0,1927,0
2550,0.002550000,0.825242718,-1.826804124,5.000000000,1,1,0,1928,0
2551,0.002551000,0.825242718,-1.835051546,5.000000000,1,1,0,1929,0
2552,0.002552000,0.825242718,-1.843298969,5.000000000,1,1,0,1930,0
2553,0.002553000,0.825242718,-1.851546392,5.000000000,1,1,0,1931,0
2554,0.002554000,0.815533981,-1.859793814,5.000000000,1,1,0,1932,0
2555,0.002555000,0.815533981,-1.868041237,5.000000000,1,1,0,1933,0
2556,0.002556000,0.815533981,-1.876288660,5.000000000,1,1,0,1934,0
2557,0.002557000,0.815533981,-1.884536082,5.000000000,1,1,0,1935,0
2558,0.002558000,0.805825243,-1.884536082,5.000000000,1,0,0,1935,1
2559,0.002559000,0.805825243,-1.876288660,5.000000000,1,1,0,1936,0
2560,0.002560000,0.805825243,-1.868041237,5.000000000,1,1,0,1937,0
2561,0.002561000,0.805825243,-1.859793814,5.000000000,1,1,0,1938,0
2562,0.002562000,0.796116505,-1.892783505,5.000000000,1,1,0,1939,0
2563,0.002563000,0.796116505,-1.901030928,5.000000000,1,1,0,1940,0
2564,0.002564000,0.786407767,-1.901030928,5.000000000,1,0,0,1940,1
2565,0.002565000,0.786407767,-1.892783505,5.000000000,1,1,0,1941,0
2566,0.002566000,0.776699029,-1.909278351,5.000000000,1,1,0,1942,0
2567,0.002567000,0.776699029,-1.917525773,5.000000000,1,1,0,1943,0
2568,0.002568000,0.766990291,-1.917525773,5.000000000,1,0,0,1943,1
2569,0.002569000,0.766990291,-1.909278351,5.000000000,1,1,0,1944,0
2570,0.002570000,0.757281553,-1.925773196,5.000000000,1,1,0,1945,0
2571,0.002571000,0.757281553,-1.934020619,5.000000000,1,1,0,1946,0
2572,0.002572000,0.747572816,-1.934020619,5.000000000,1,0,0,1946,1
2573,0.002573000,0.747572816,-1.925773196,5.000000000,1,1,0,1947,0
2574,0.002574000,0.737864078,-1.942268041,5.000000000,1,1,0,1948,0
2575,0.002575000,0.737864078,-1.950515464,5.000000000,1,1,0,1949,0
2576,0.002576000,0.728155340,-1.950515464,5.000000000,1,0,0,1949,1
2577,0.002577000,0.728155340,-1.942268041,5.000000000,1,1,0,1950,0
2578,0.002578000,0.718446602,-1.958762887,5.000000000,1,1,0,1951,0
2579,0.002579000,0.718446602,-1.967010309,5.000000000,1,1,0,1952,0
2580,0.002580000,0.708737864,-1.967010309,5.000000000,1,0,0,1952,1
2581,0.002581000,0.699029126,-1.967010309,5.000000000,1,0,0,1952,2
2582,0.002582000,0.689320388,-1.967010309,5.000000000,1,0,0,1952,3
2583,0.002583000,0.689320388,-1.958762887,5.000000000,1,1,0,1953,0
2584,0.002584000,0.699029126,-1.958762887,5.000000000,1,0,0,1953,1
2585,0.002585000,0.708737864,-1.958762887,5.000000000,1,0,0,1953,2
2586,0.002586000,0.679611650,-1.975257732,5.000000000,1,1,0,1954,0
2587,0.002587000,0.679611650,-1.983505155,5.000000000,1,1,0,1955,0
2588,0.002588000,0.669902913,-1.983505155,5.000000000,1,0,0,1955,1
2589,0.002589000,0.660194175,-1.983505155,5.000000000,1,0,0,1955,2
2590,0.002590000,0.650485437,-1.983505155,5.000000000,1,0,0,1955,3
2591,0.002591000,0.640776699,-1.983505155,5.000000000,1,0,0,1955,4
2592,0.002592000,0.640776699,-1.975257732,5.000000000,1,1,0,1956,0
2593,0.002593000,0.650485437,-1.975257732,5.000000000,1,0,0,1956,1
2594,0.002594000,0.660194175,-1.975257732,5.000000000,1,0,0,1956,2
2595,0.002595000,0.669902913,-1.975257732,5.000000000,1,0,0,1956,3
2596,0.002596000,0.631067961,-1.991752577,5.000000000,1,1,0,1957,0
2597,0.002597000,0.621359223,-1.991752577,5.000000000,1,0,0,1957,1
2598,0.002598000,0.611650485,-1.991752577,5.000000000,1,0,0,1957,2
2599,0.002599000,0.601941748,-1.991752577,5.000000000,1,0,0,1957,3
2600,0.002600000,0.592233010,-1.991752577,5.000000000,1,0,0,1957,4
2601,0.002601000,0.582524272,-1.991752577,5.000000000,1,0,0,1957,5
2602,0.002602000,0.572815534,-1.991752577,5.000000000,1,0,0,1957,6
2603,0.002603000,0.563106796,-1.991752577,5.000000000,1,0,0,1957,7
2604,0.002604000,0.553398058,-1.991752577,5.000000000,1,0,0,1957,8
2605,0.002605000,0.543689320,-1.991752577,5.000000000,1,0,0,1957,9
2606,0.002606000,0.533980583,-1.991752577,5.000000000,1,0,0,1957,10
2607,0.002607000,0.524271845,-1.991752577,5.000000000,1,0,0,1957,11
2608,0.002608000,0.514563107,-1.991752577,5.000000000,1,0,0,1957,12
2609,0.002609000,0.504854369,-1.991752577,5.000000000,1,0,0,1957,13
2610,0.002610000,0.495145631,-1.983505155,5.000000000,1,1,0,1958,0
2611,0.002611000,0.485436893,-1.983505155,5.000000000,1,0,0,1958,1
2612,0.002612000,0.475728155,-1.983505155,5.000000000,1,0,0,1958,2
2613,0.002613000,0.466019417,-1.983505155,5.000000000,1,0,0,1958,3
2614,0.002614000,0.456310680,-1.983505155,5.000000000,1,0,0,1958,4
2615,0.002615000,0.456310680,-1.975257732,5.000000000,1,1,0,1959,0
2616,0.002616000,0.466019417,-1.975257732,5.000000000,1,0,0,1959,1
2617,0.002617000,0.475728155,-1.975257732,5.000000000,1,0,0,1959,2
2618,0.002618000,0.485436893,-1.975257732,5.000000000,1,0,0,1959,3
2619,0.002619000,0.495145631,-1.975257732,5.000000000,1,0,0,1959,4
2620,0.002620000,0.446601942,-1.967010309,5.000000000,1,1,0,1960,0
2621,0.002621000,0.436893204,-1.967010309,5.000000000,1,0,0,1960,1
2622,0.002622000,0.427184466,-1.967010309,5.000000000,1,0,0,1960,2
2623,0.002623000,0.417475728,-1.967010309,5.000000000,1,0,0,1960,3
2624,0.002624000,0.417475728,-1.958762887,5.000000000,1,1,0,1961,0
2625,0.002625000,0.427184466,-1.958762887,5.000000000,1,0,0,1961,1
2626,0.002626000,0.436893204,-1.958762887,5.000000000,1,0,0,1961,2
2627,0.002627000,0.446601942,-1.958762887,5.000000000,1,0,0,1961,3
2628,0.002628000,0.407766990,-1.950515464,5.000000000,1,1,0,1962,0
2629,0.002629000,0.398058252,-1.950515464,5.000000000,1,0,0,1962,1
2630,0.002630000,0.398058252,-1.942268041,5.000000000,1,1,0,1963,0
2631,0.002631000,0.407766990,-1.942268041,5.000000000,1,0,0,1963,1
2632,0.002632000,0.388349515,-1.934020619,5.000000000,1,1,0,1964,0
2633,0.002633000,0.378640777,-1.934020619,5.000000000,1,0,0,1964,1
2634,0.002634000,0.378640777,-1.925773196,5.000000000,1,1,0,1965,0
2635,0.002635000,0.388349515,-1.925773196,5.000000000,1,0,0,1965,1
2636,0.002636000,0.368932039,-1.917525773,5.000000000,1,1,0,1966,0
2637,0.002637000,0.359223301,-1.917525773,5.000000000,1,0,0,1966,1
2638,0.002638000,0.359223301,-1.909278351,5.000000000,1,1,0,1967,0
2639,0.002639000,0.368932039,-1.909278351,5.000000000,1,0,0,1967,1
2640,0.002640000,0.349514563,-1.901030928,5.000000000,1,1,0,1968,0
2641,0.002641000,0.339805825,-1.901030928,5.000000000,1,0,0,1968,1
2642,0.002642000,0.339805825,-1.892783505,5.000000000,1,1,0,1969,0
2643,0.002643000,0.349514563,-1.892783505,5.000000000,1,0,0,1969,1
2644,0.002644000,0.330097087,-1.884536082,5.000000000,1,1,0,1970,0
2645,0.002645000,0.320388350,-1.884536082,5.000000000,1,0,0,1970,1
2646,0.002646000,0.320388350,-1.876288660,5.000000000,1,1,0,1971,0
2647,0.002647000,0.330097087,-1.876288660,5.000000000,1,0,0,1971,1
2648,0.002648000,0.330097087,-1.868041237,5.000000000,1,1,0,1972,0
2649,0.002649000,0.320388350,-1.868041237,5.000000000,1,0,0,1972,1
2650,0.002650000,0.320388350,-1.859793814,5.000000000,1,1,0,1973,0
2651,0.002651000,0.330097087,-1.859793814,5.000000000,1,0,0,1973,1
2652,0.002652000,0.310679612,-1.851546392,5.000000000,1,1,0,1974,0
2653,0.002653000,0.310679612,-1.843298969,5.000000000,1,1,0,1975,0
2654,0.002654000,0.310679612,-1.835051546,5.000000000,1,1,0,1976,0
2655,0.002655000,0.310679612,-1.826804124,5.000000000,1,1,0,1977,0
2656,0.002656000,0.310679612,-1.818556701,5.000000000,1,1,0,1978,0
2657,0.002657000,0.300970874,-1.810309278,5.000000000,1,1,0,1979,0
2658,0.002658000,0.291262136,-1.810309278,5.000000000,1,0,0,1979,1
2659,0.002659000,0.291262136,-1.802061856,5.000000000,1,1,0,1980,0
2660,0.002660000,0.300970874,-1.802061856,5.000000000,1,0,0,1980,1
2661,0.002661000,0.300970874,-1.793814433,5.000000000,1,1,0,1981,0
2662,0.002662000,0.291262136,-1.793814433,5.000000000,1,0,0,1981,1
2663,0.002663000,0.291262136,-1.785567010,5.000000000,1,1,0,1982,0
2664,0.002664000,0.300970874,-1.785567010,5.000000000,1,0,0,1982,1
2665,0.002665000,0.300970874,-1.777319588,5.000000000,1,1,0,1983,0
2666,0.002666000,0.291262136,-1.777319588,5.000000000,1,0,0,1983,1
2667,0.002667000,0.291262136,-1.769072165,5.000000000,1,1,0,1984,0
2668,0.002668000,0.300970874,-1.769072165,5.000000000,1,0,0,1984,1
2669,0.002669000,0.300970874,-1.760824742,5.000000000,1,1,0,1985,0
2670,0.002670000,0.291262136,-1.760824742,5.000000000,1,0,0,1985,1
2671,0.002671000,0.291262136,-1.752577320,5.000000000,1,1,0,1986,0
2672,0.002672000,0.300970874,-1.752577320,5.000000000,1,0,0,1986,1
2673,0.002673000,0.281553398,-1.736082474,5.000000000,1,1,0,1987,0
2674,0.002674000,0.281553398,-1.727835052,5.000000000,1,1,0,1988,0
2675,0.002675000,0.281553398,-1.719587629,5.000000000,1,1,0,1989,0
2676,0.002676000,0.281553398,-1.711340206,5.000000000,1,1,0,1990,0
2677,0.002677000,0.281553398,-1.703092784,5.000000000,1,1,0,1991,0
2678,0.002678000,0.281553398,-1.694845361,5.000000000,1,1,0,1992,0
2679,0.002679000,0.281553398,-1.686597938,5.000000000,1,1,0,1993,0
2680,0.002680000,0.281553398,-1.678350515,5.000000000,1,1,0,1994,0
2681,0.002681000,0.281553398,-1.670103093,5.000000000,1,1,0,1995,0
2682,0.002682000,0.281553398,-1.661855670,5.000000000,1,1,0,1996,0
2683,0.002683000,0.281553398,-1.653608247,5.000000000,1,1,0,1997,0
2684,0.002684000,0.281553398,-1.645360825,5.000000000,1,1,0,1998,0
2685,0.002685000,0.281553398,-1.637113402,5.000000000,1,1,0,1999,0
2686,0.002686000,0.281553398,-1.628865979,5.000000000,1,1,0,2000,0
2687,0.002687000,0.281553398,-1.620618557,5.000000000,1,1,0,2001,0
2688,0.002688000,0.281553398,-1.612371134,5.000000000,1,1,0,2002,0
2689,0.002689000,0.281553398,-1.604123711,5.000000000,1,1,0,2003,0
2690,0.002690000,0.281553398,-1.595876289,5.000000000,1,1,0,2004,0
2691,0.002691000,0.281553398,-1.587628866,5.000000000,1,1,0,2005,0
2692,0.002692000,0.281553398,-1.579381443,5.000000000,1,1,0,2006,0
2693,0.002693000,0.281553398,-1.571134021,5.000000000,1,1,0,2007,0
2694,0.002694000,0.281553398,-1.562886598,5.000000000,1,1,0,2008,0
2695,0.002695000,0.281553398,-1.554639175,5.000000000,1,1,0,2009,0
2696,0.002696000,0.281553398,-1.546391753,5.000000000,1,1,0,2010,0
2697,0.002697000,0.281553398,-1.538144330,5.000000000,1,1,0,2011,0
2698,0.002698000,0.281553398,-1.529896907,5.000000000,1,1,0,2012,0
2699,0.002699000,0.281553398,-1.521649485,5.000000000,1,1,0,2013,0
2700,0.002700000,0.281553398,-1.513402062,5.000000000,1,1,0,2014,0
2701,0.002701000,0.281553398,-1.505154639,5.000000000,1,1,0,2015,0
2702,0.002702000,0.281553398,-1.496907216,5.000000000,1,1,0,2016,0
2703,0.002703000,0.281553398,-1.488659794,5.000000000,1,1,0,2017,0
2704,0.002704000,0.281553398,-1.480412371,5.000000000,1,1,0,2018,0
2705,0.002705000,0.281553398,-1.472164948,5.000000000,1,1,0,2019,0
2706,0.002706000,0.281553398,-1.463917526,5.000000000,1,1,0,2020,0
2707,0.002707000,0.281553398,-1.455670103,5.000000000,1,1,0,2021,0
2708,0.002708000,0.281553398,-1.447422680,5.000000000,1,1,0,2022,0
2709,0.002709000,0.281553398,-1.439175258,5.000000000,1,1,0,2023,0
2710,0.002710000,0.281553398,-1.430927835,5.000000000,1,1,0,2024,0
2711,0.002711000,0.281553398,-1.422680412,5.000000000,1,1,0,2025,0
2712,0.002712000,0.281553398,-1.414432990,5.000000000,1,1,0,2026,0
2713,0.002713000,0.281553398,-1.406185567,5.000000000,1,1,0,2027,0
2714,0.002714000,0.281553398,-1.397938144,5.000000000,1,1,0,2028,0
2715,0.002715000,0.281553398,-1.389690722,5.000000000,1,1,0,2029,0
2716,0.002716000,0.281553398,-1.381443299,5.000000000,1,1,0,2030,0
2717,0.002717000,0.281553398,-1.373195876,5.000000000,1,1,0,2031,0
2718,0.002718000,0.281553398,-1.364948454,5.000000000,1,1,0,2032,0
2719,0.002719000,0.281553398,-1.356701031,5.000000000,1,1,0,2033,0
2720,0.002720000,0.281553398,-1.348453608,5.000000000,1,1,0,2034,0
2721,0.002721000,0.281553398,-1.340206186,5.000000000,1,1,0,2035,0
2722,0.002722000,0.281553398,-1.331958763,5.000000000,1,1,0,2036,0
2723,0.002723000,0.281553398,-1.323711340,5.000000000,1,1,0,2037,0
2724,0.002724000,0.281553398,-1.315463918,5.000000000,1,1,0,2038,0
2725,0.002725000,0.281553398,-1.307216495,5.000000000,1,1,0,2039,0
2726,0.002726000,0.281553398,-1.298969072,5.000000000,1,1,0,2040,0
2727,0.002727000,0.281553398,-1.290721649,5.000000000,1,1,0,2041,0
2728,0.002728000,0.281553398,-1.282474227,5.000000000,1,1,0,2042,0
2729,0.002729000,0.281553398,-1.274226804,5.000000000,1,1,0,2043,0
2730,0.002730000,0.281553398,-1.265979381,5.000000000,1,1,0,2044,0
2731,0.002731000,0.281553398,-1.257731959,5.000000000,1,1,0,2045,0
2732,0.002732000,0.281553398,-1.249484536,5.000000000,1,1,0,2046,0
2733,0.002733000,0.281553398,-1.241237113,5.000000000,1,1,0,2047,0
2734,0.002734000,0.281553398,-1.232989691,5.000000000,1,1,0,2048,0
2735,0.002735000,0.281553398,-1.224742268,5.000000000,1,1,0,2049,0
2736,0.002736000,0.281553398,-1.216494845,5.000000000,1,1,0,2050,0
2737,0.002737000,0.281553398,-1.208247423,5.000000000,1,1,0,2051,0
2738,0.002738000,0.281553398,-1.200000000,5.000000000,1,1,0,2052,0
2739,0.002739000,0.281553398,-1.191752577,5.000000000,1,1,0,2053,0
2740,0.002740000,0.281553398,-1.183505155,5.000000000,1,1,0,2054,0
2741,0.002741000,0.281553398,-1.175257732,5.000000000,1,1,0,2055,0
2742,0.002742000,0.281553398,-1.167010309,5.000000000,1,1,0,2056,0
2743,0.002743000,0.281553398,-1.158762887,5.000000000,1,1,0,2057,0
2744,0.002744000,0.281553398,-1.150515464,5.000000000,1,1,0,2058,0
2745,0.002745000,0.281553398,-1.142268041,5.000000000,1,1,0,2059,0
2746,0.002746000,0.281553398,-1.134020619,5.000000000,1,1,0,2060,0
2747,0.002747000,0.281553398,-1.125773196,5.000000000,1,1,0,2061,0
2748,0.002748000,0.281553398,-1.117525773,5.000000000,1,1,0,2062,0
2749,0.002749000,0.281553398,-1.109278351,5.000000000,1,1,0,2063,0
2750,0.002750000,0.281553398,-1.101030928,5.000000000,1,1,0,2064,0
2751,0.002751000,0.281553398,-1.092783505,5.000000000,1,1,0,2065,0
2752,0.002752000,0.281553398,-1.084536082,5.000000000,1,1,0,2066,0
2753,0.002753000,0.281553398,-1.076288660,5.000000000,1,1,0,2067,0
2754,0.002754000,0.281553398,-1.068041237,5.000000000,1,1,0,2068,0
2755,0.002755000,0.281553398,-1.059793814,5.000000000,1,1,0,2069,0
2756,0.002756000,0.281553398,-1.051546392,5.000000000,1,1,0,2070,0
2757,0.002757000,0.281553398,-1.043298969,5.000000000,1,1,0,2071,0
2758,0.002758000,0.281553398,-1.035051546,5.000000000,1,1,0,2072,0
2759,0.002759000,0.281553398,-1.026804124,5.000000000,1,1,0,2073,0
2760,0.002760000,0.281553398,-1.018556701,5.000000000,1,1,0,2074,0
2761,0.002761000,0.281553398,-1.010309278,5.000000000,1,1,0,2075,0
2762,0.002762000,0.281553398,-1.002061856,5.000000000,1,1,0,2076,0
2763,0.002763000,0.281553398,-0.993814433,5.000000000,1,1,0,2077,0
2764,0.002764000,0.281553398,-0.985567010,5.000000000,1,1,0,2078,0
2765,0.002765000,0.281553398,-0.977319588,5.000000000,1,1,0,2079,0
2766,0.002766000,0.281553398,-0.969072165,5.000000000,1,1,0,2080,0
2767,0.002767000,0.281553398,-0.960824742,5.000000000,1,1,0,2081,0
2768,0.002768000,0.281553398,-0.952577320,5.000000000,1,1,0,2082,0
2769,0.002769000,0.281553398,-0.944329897,5.000000000,1,1,0,2083,0
2770,0.002770000,0.281553398,-0.936082474,5.000000000,1,1,0,2084,0
2771,0.002771000,0.281553398,-0.927835052,5.000000000,1,1,0,2085,0
2772,0.002772000,0.281553398,-0.919587629,5.000000000,1,1,0,2086,0
2773,0.002773000,0.281553398,-0.911340206,5.000000000,1,1,0,2087,0
2774,0.002774000,0.281553398,-0.903092784,5.000000000,1,1,0,2088,0
2775,0.002775000,0.281553398,-0.894845361,5.000000000,1,1,0,2089,0
2776,0.002776000,0.281553398,-0.886597938,5.000000000,1,1,0,2090,0
2777,0.002777000,0.281553398,-0.878350515,5.000000000,1,1,0,2091,0
2778,0.002778000,0.281553398,-0.870103093,5.000000000,1,1,0,2092,0
2779,0.002779000,0.281553398,-0.861855670,5.000000000,1,1,0,2093,0
2780,0.002780000,0.281553398,-0.853608247,5.000000000,1,1,0,2094,0
2781,0.002781000,0.281553398,-0.845360825,5.000000000,1,1,0,2095,0
2782,0.002782000,0.281553398,-0.837113402,5.000000000,1,1,0,2096,0
2783,0.002783000,0.281553398,-0.828865979,5.000000000,1,1,0,2097,0
2784,0.002784000,0.281553398,-0.820618557,5.000000000,1,1,0,2098,0
2785,0.002785000,0.281553398,-0.812371134,5.000000000,1,1,0,2099,0
2786,0.002786000,0.281553398,-0.804123711,5.000000000,1,1,0,2100,0
2787,0.002787000,0.281553398,-0.795876289,5.000000000,1,1,0,2101,0
2788,0.002788000,0.281553398,-0.787628866,5.000000000,1,1,0,2102,0
2789,0.002789000,0.281553398,-0.779381443,5.000000000,1,1,0,2103,0
2790,0.002790000,0.281553398,-0.771134021,5.000000000,1,1,0,2104,0
2791,0.002791000,0.281553398,-0.762886598,5.000000000,1,1,0,2105,0
2792,0.002792000,0.281553398,-0.754639175,5.000000000,1,1,0,2106,0
2793,0.002793000,0.281553398,-0.746391753,5.000000000,1,1,0,2107,0
2794,0.002794000,0.281553398,-0.738144330,5.000000000,1,1,0,2108,0
2795,0.002795000,0.281553398,-0.729896907,5.000000000,1,1,0,2109,0
2796,0.002796000,0.281553398,-0.721649485,5.000000000,1,1,0,2110,0
2797,0.002797000,0.281553398,-0.713402062,5.000000000,1,1,0,2111,0
2798,0.002798000,0.281553398,-0.705154639,5.000000000,1,1,0,2112,0
2799,0.002799000,0.281553398,-0.696907216,5.000000000,1,1,0,2113,0
2800,0.002800000,0.281553398,-0.688659794,5.000000000,1,1,0,2114,0
2801,0.002801000,0.281553398,-0.680412371,5.000000000,1,1,0,2115,0
2802,0.002802000,0.281553398,-0.672164948,5.000000000,1,1,0,2116,0
2803,0.002803000,0.281553398,-0.663917526,5.000000000,1,1,0,2117,0
2804,0.002804000,0.281553398,-0.655670103,5.000000000,1,1,0,2118,0
2805,0.002805000,0.281553398,-0.647422680,5.000000000,1,1,0,2119,0
2806,0.002806000,0.281553398,-0.639175258,5.000000000,1,1,0,2120,0
2807,0.002807000,0.281553398,-0.630927835,5.000000000,1,1,0,2121,0
2808,0.002808000,0.281553398,-0.622680412,5.000000000,1,1,0,2122,0
2809,0.002809000,0.281553398,-0.614432990,5.000000000,1,1,0,2123,0
2810,0.002810000,0.281553398,-0.606185567,5.000000000,1,1,0,2124,0
2811,0.002811000,0.281553398,-0.597938144,5.000000000,1,1,0,2125,0
2812,0.002812000,0.281553398,-0.589690722,5.000000000,1,1,0,2126,0
2813,0.002813000,0.281553398,-0.581443299,5.000000000,1,1,0,2127,0
2814,0.002814000,0.281553398,-0.573195876,5.000000000,1,1,0,2128,0
2815,0.002815000,0.281553398,-0.564948454,5.000000000,1,1,0,2129,0
2816,0.002816000,0.281553398,-0.556701031,5.000000000,1,1,0,2130,0
2817,0.002817000,0.281553398,-0.548453608,5.000000000,1,1,0,2131,0
2818,0.002818000,0.281553398,-0.540206186,5.000000000,1,1,0,2132,0
2819,0.002819000,0.281553398,-0.531958763,5.000000000,1,1,0,2133,0
2820,0.002820000,0.281553398,-0.523711340,5.000000000,1,1,0,2134,0
2821,0.002821000,0.281553398,-0.515463918,5.000000000,1,1,0,2135,0
2822,0.002822000,0.281553398,-0.507216495,5.000000000,1,1,0,2136,0
2823,0.002823000,0.281553398,-0.498969072,5.000000000,1,1,0,2137,0
2824,0.002824000,0.281553398,-0.490721649,5.000000000,1,1,0,2138,0
2825,0.002825000,0.281553398,-0.482474227,5.000000000,1,1,0,2139,0
2826,0.002826000,0.281553398,-0.474226804,5.000000000,1,1,0,2140,0
2827,0.002827000,0.281553398,-0.465979381,5.000000000,1,1,0,2141,0
2828,0.002828000,0.281553398,-0.457731959,5.000000000,1,1,0,2142,0
2829,0.002829000,0.281553398,-0.449484536,5.000000000,1,1,0,2143,0
2830,0.002830000,0.281553398,-0.441237113,5.000000000,1,1,0,2144,0
2831,0.002831000,0.281553398,-0.432989691,5.000000000,1,1,0,2145,0
2832,0.002832000,0.281553398,-0.424742268,5.000000000,1,1,0,2146,0
2833,0.002833000,0.281553398,-0.416494845,5.000000000,1,1,0,2147,0
2834,0.002834000,0.281553398,-0.408247423,5.000000000,1,1,0,2148,0
2835,0.002835000,0.281553398,-0.400000000,5.000000000,1,1,0,2149,0
2836,0.002836000,0.281553398,-0.391752577,5.000000000,1,1,0,2150,0
2837,0.002837000,0.281553398,-0.383505155,5.000000000,1,1,0,2151,0
2838,0.002838000,0.281553398,-0.375257732,5.000000000,1,1,0,2152,0
2839,0.002839000,0.281553398,-0.367010309,5.000000000,1,1,0,2153,0
2840,0.002840000,0.281553398,-0.358762887,5.000000000,1,1,0,2154,0
2841,0.002841000,0.281553398,-0.350515464,5.000000000,1,1,0,2155,0
2842,0.002842000,0.281553398,-0.342268041,5.000000000,1,1,0,2156,0
2843,0.002843000,0.281553398,-0.334020619,5.000000000,1,1,0,2157,0
2844,0.002844000,0.281553398,-0.325773196,5.000000000,1,1,0,2158,0
2845,0.002845000,0.281553398,-0.317525773,5.000000000,1,1,0,2159,0
2846,0.002846000,0.281553398,-0.309278351,5.000000000,1,1,0,2160,0
2847,0.002847000,0.281553398,-0.301030928,5.000000000,1,1,0,2161,0
2848,0.002848000,0.281553398,-0.292783505,5.000000000,1,1,0,2162,0
2849,0.002849000,0.281553398,-0.284536082,5.000000000,1,1,0,2163,0
2850,0.002850000,0.281553398,-0.276288660,5.000000000,1,1,0,2164,0
2851,0.002851000,0.281553398,-0.268041237,5.000000000,1,1,0,2165,0
2852,0.002852000,0.281553398,-0.259793814,5.000000000,1,1,0,2166,0
2853,0.002853000,0.281553398,-0.251546392,5.000000000,1,1,0,2167,0
2854,0.002854000,0.281553398,-0.243298969,5.000000000,1,1,0,2168,0
2855,0.002855000,0.281553398,-0.235051546,5.000000000,1,1,0,2169,0
2856,0.002856000,0.281553398,-0.226804124,5.000000000,1,1,0,2170,0
2857,0.002857000,0.281553398,-0.218556701,5.000000000,1,1,0,2171,0
2858,0.002858000,0.281553398,-0.210309278,5.000000000,1,1,0,2172,0
2859,0.002859000,0.281553398,-0.202061856,5.000000000,1,1,0,2173,0
2860,0.002860000,0.281553398,-0.193814433,5.000000000,1,1,0,2174,0
2861,0.002861000,0.281553398,-0.185567010,5.000000000,1,1,0,2175,0
2862,0.002862000,0.281553398,-0.177319588,5.000000000,1,1,0,2176,0
2863,0.002863000,0.281553398,-0.169072165,5.000000000,1,1,0,2177,0
2864,0.002864000,0.281553398,-0.160824742,5.000000000,1,1,0,2178,0
2865,0.002865000,0.281553398,-0.152577320,5.000000000,1,1,0,2179,0
2866,0.002866000,0.281553398,-0.144329897,5.000000000,1,1,0,2180,0
2867,0.002867000,0.281553398,-0.136082474,5.000000000,1,1,0,2181,0
2868,0.002868000,0.281553398,-0.127835052,5.000000000,1,1,0,2182,0
2869,0.002869000,0.281553398,-0.119587629,5.000000000,1,1,0,2183,0
2870,0.002870000,0.281553398,-0.111340206,5.000000000,1,1,0,2184,0
2871,0.002871000,0.281553398,-0.103092784,5.000000000,1,1,0,2185,0
2872,0.002872000,0.281553398,-0.094845361,5.000000000,1,1,0,2186,0
2873,0.002873000,0.281553398,-0.086597938,5.000000000,1,1,0,2187,0
2874,0.002874000,0.281553398,-0.078350515,5.000000000,1,1,0,2188,0
2875,0.002875000,0.281553398,-0.070103093,5.000000000,1,1,0,2189,0
2876,0.002876000,0.281553398,-0.061855670,5.000000000,1,1,0,2190,0
2877,0.002877000,0.281553398,-0.053608247,5.000000000,1,1,0,2191,0
2878,0.002878000,0.281553398,-0.045360825,5.000000000,1,1,0,2192,0
2879,0.002879000,0.281553398,-0.037113402,5.000000000,1,1,0,2193,0
2880,0.002880000,0.281553398,-0.028865979,5.000000000,1,1,0,2194,0
2881,0.002881000,0.281553398,-0.020618557,5.000000000,1,1,0,2195,0
2882,0.002882000,0.281553398,-0.012371134,5.000000000,1,1,0,2196,0
2883,0.002883000,0.281553398,-0.004123711,5.000000000,1,1,0,2197,0
2884,0.002884000,0.281553398,0.004123711,5.000000000,1,1,0,2198,0
2885,0.002885000,0.281553398,0.012371134,5.000000000,1,1,0,2199,0
2886,0.002886000,0.281553398,0.020618557,5.000000000,1,1,0,2200,0
2887,0.002887000,0.281553398,0.028865979,5.000000000,1,1,0,2201,0
2888,0.002888000,0.281553398,0.037113402,5.000000000,1,1,0,2202,0
2889,0.002889000,0.281553398,0.045360825,5.000000000,1,1,0,2203,0
2890,0.002890000,0.281553398,0.053608247,5.000000000,1,1,0,2204,0
2891,0.002891000,0.281553398,0.061855670,5.000000000,1,1,0,2205,0
2892,0.002892000,0.281553398,0.070103093,5.000000000,1,1,0,2206,0
2893,0.002893000,0.281553398,0.078350515,5.000000000,1,1,0,2207,0
2894,0.002894000,0.281553398,0.086597938,5.000000000,1,1,0,2208,0
2895,0.002895000,0.281553398,0.094845361,5.000000000,1,1,0,2209,0
2896,0.002896000,0.281553398,0.103092784,5.000000000,1,1,0,2210,0
2897,0.002897000,0.281553398,0.111340206,5.000000000,1,1,0,2211,0
2898,0.002898000,0.281553398,0.119587629,5.000000000,1,1,0,2212,0
2899,0.002899000,0.281553398,0.127835052,5.000000000,1,1,0,2213,0
2900,0.002900000,0.281553398,0.136082474,5.000000000,1,1,0,2214,0
2901,0.002901000,0.281553398,0.144329897,5.000000000,1,1,0,2215,0
2902,0.002902000,0.281553398,0.152577320,5.000000000,1,1,0,2216,0
2903,0.002903000,0.281553398,0.160824742,5.000000000,1,1,0,2217,0
2904,0.002904000,0.281553398,0.169072165,5.000000000,1,1,0,2218,0
2905,0.002905000,0.281553398,0.177319588,5.000000000,1,1,0,2219,0
2906,0.002906000,0.281553398,0.185567010,5.000000000,1,1,0,2220,0
2907,0.002907000,0.281553398,0.193814433,5.000000000,1,1,0,2221,0
2908,0.002908000,0.281553398,0.202061856,5.000000000,1,1,0,2222,0
2909,0.002909000,0.281553398,0.210309278,5.000000000,1,1,0,2223,0
2910,0.002910000,0.281553398,0.218556701,5.000000000,1,1,0,2224,0
2911,0.002911000,0.281553398,0.226804124,5.000000000,1,1,0,2225,0
2912,0.002912000,0.281553398,0.235051546,5.000000000,1,1,0,2226,0
2913,0.002913000,0.281553398,0.243298969,5.000000000,1,1,0,2227,0
2914,0.002914000,0.281553398,0.251546392,5.000000000,1,1,0,2228,0
2915,0.002915000,0.281553398,0.259793814,5.000000000,1,1,0,2229,0
2916,0.002916000,0.281553398,0.268041237,5.000000000,1,1,0,2230,0
2917,0.002917000,0.281553398,0.276288660,5.000000000,1,1,0,2231,0
2918,0.002918000,0.281553398,0.284536082,5.000000000,1,1,0,2232,0
2919,0.002919000,0.281553398,0.292783505,5.000000000,1,1,0,2233,0
2920,0.002920000,0.281553398,0.301030928,5.000000000,1,1,0,2234,0
2921,0.002921000,0.281553398,0.309278351,5.000000000,1,1,0,2235,0
2922,0.002922000,0.281553398,0.317525773,5.000000000,1,1,0,2236,0
2923,0.002923000,0.281553398,0.325773196,5.000000000,1,1,0,2237,0
2924,0.002924000,0.281553398,0.334020619,5.000000000,1,1,0,2238,0
2925,0.002925000,0.281553398,0.342268041,5.000000000,1,1,0,2239,0
2926,0.002926000,0.281553398,0.350515464,5.000000000,1,1,0,2240,0
2927,0.002927000,0.281553398,0.358762887,5.000000000,1,1,0,2241,0
2928,0.002928000,0.281553398,0.367010309,5.000000000,1,1,0,2242,0
2929,0.002929000,0.281553398,0.375257732,5.000000000,1,1,0,2243,0
2930,0.002930000,0.281553398,0.383505155,5.000000000,1,1,0,2244,0
2931,0.002931000,0.281553398,0.391752577,5.000000000,1,1,0,2245,0
2932,0.002932000,0.281553398,0.400000000,5.000000000,1,1,0,2246,0
2933,0.002933000,0.281553398,0.408247423,5.000000000,1,1,0,2247,0
2934,0.002934000,0.281553398,0.416494845,5.000000000,1,1,0,2248,0
2935,0.002935000,0.281553398,0.424742268,5.000000000,1,1,0,2249,0
2936,0.002936000,0.281553398,0.432989691,5.000000000,1,1,0,2250,0
2937,0.002937000,0.281553398,0.441237113,5.000000000,1,1,0,2251,0
2938,0.002938000,0.281553398,0.449484536,5.000000000,1,1,0,2252,0
2939,0.002939000,0.281553398,0.457731959,5.000000000,1,1,0,2253,0
2940,0.002940000,0.281553398,0.465979381,5.000000000,1,1,0,2254,0
2941,0.002941000,0.281553398,0.474226804,5.000000000,1,1,0,2255,0
2942,0.002942000,0.281553398,0.482474227,5.000000000,1,1,0,2256,0
2943,0.002943000,0.281553398,0.490721649,5.000000000,1,1,0,2257,0
2944,0.002944000,0.281553398,0.498969072,5.000000000,1,1,0,2258,0
2945,0.002945000,0.281553398,0.507216495,5.000000000,1,1,0,2259,0
2946,0.002946000,0.281553398,0.515463918,5.000000000,1,1,0,2260,0
2947,0.002947000,0.281553398,0.523711340,5.000000000,1,1,0,2261,0
2948,0.002948000,0.281553398,0.531958763,5.000000000,1,1,0,2262,0
2949,0.002949000,0.281553398,0.540206186,5.000000000,1,1,0,2263,0
2950,0.002950000,0.281553398,0.548453608,5.000000000,1,1,0,2264,0
2951,0.002951000,0.281553398,0.556701031,5.000000000,1,1,0,2265,0
2952,0.002952000,0.281553398,0.564948454,5.000000000,1,1,0,2266,0
2953,0.002953000,0.281553398,0.573195876,5.000000000,1,1,0,2267,0
2954,0.002954000,0.281553398,0.581443299,5.000000000,1,1,0,2268,0
2955,0.002955000,0.281553398,0.589690722,5.000000000,1,1,0,2269,0
2956,0.002956000,0.281553398,0.597938144,5.000000000,1,1,0,2270,0
2957,0.002957000,0.281553398,0.606185567,5.000000000,1,1,0,2271,0
2958,0.002958000,0.281553398,0.614432990,5.000000000,1,1,0,2272,0
2959,0.002959000,0.281553398,0.622680412,5.000000000,1,1,0,2273,0
2960,0.002960000,0.281553398,0.630927835,5.000000000,1,1,0,2274,0
2961,0.002961000,0.281553398,0.639175258,5.000000000,1,1,0,2275,0
2962,0.002962000,0.281553398,0.647422680,5.000000000,1,1,0,2276,0
2963,0.002963000,0.281553398,0.655670103,5.000000000,1,1,0,2277,0
2964,0.002964000,0.281553398,0.663917526,5.000000000,1,1,0,2278,0
2965,0.002965000,0.281553398,0.672164948,5.000000000,1,1,0,2279,0
2966,0.002966000,0.281553398,0.680412371,5.000000000,1,1,0,2280,0
2967,0.002967000,0.281553398,0.688659794,5.000000000,1,1,0,2281,0
2968,0.002968000,0.281553398,0.696907216,5.000000000,1,1,0,2282,0
2969,0.002969000,0.281553398,0.705154639,5.000000000,1,1,0,2283,0
2970,0.002970000,0.281553398,0.713402062,5.000000000,1,1,0,2284,0
2971,0.002971000,0.281553398,0.721649485,5.000000000,1,1,0,2285,0
2972,0.002972000,0.281553398,0.729896907,5.000000000,1,1,0,2286,0
2973,0.002973000,0.281553398,0.738144330,5.000000000,1,1,0,2287,0
2974,0.002974000,0.281553398,0.746391753,5.000000000,1,1,0,2288,0
2975,0.002975000,0.281553398,0.754639175,5.000000000,1,1,0,2289,0
2976,0.002976000,0.281553398,0.762886598,5.000000000,1,1,0,2290,0
2977,0.002977000,0.281553398,0.771134021,5.000000000,1,1,0,2291,0
2978,0.002978000,0.281553398,0.779381443,5.000000000,1,1,0,2292,0
2979,0.002979000,0.281553398,0.787628866,5.000000000,1,1,0,2293,0
2980,0.002980000,0.281553398,0.795876289,5.000000000,1,1,0,2294,0
2981,0.002981000,0.281553398,0.804123711,5.000000000,1,1,0,2295,0
2982,0.002982000,0.281553398,0.812371134,5.000000000,1,1,0,2296,0
2983,0.002983000,0.281553398,0.820618557,5.000000000,1,1,0,2297,0
2984,0.002984000,0.281553398,0.828865979,5.000000000,1,1,0,2298,0
2985,0.002985000,0.281553398,0.837113402,5.000000000,1,1,0,2299,0
2986,0.002986000,0.281553398,0.845360825,5.000000000,1,1,0,2300,0
2987,0.002987000,0.281553398,0.853608247,5.000000000,1,1,0,2301,0
2988,0.002988000,0.281553398,0.861855670,5.000000000,1,1,0,2302,0
2989,0.002989000,0.281553398,0.870103093,5.000000000,1,1,0,2303,0
2990,0.002990000,0.281553398,0.878350515,5.000000000,1,1,0,2304,0
2991,0.002991000,0.281553398,0.886597938,5.000000000,1,1,0,2305,0
2992,0.002992000,0.281553398,0.894845361,5.000000000,1,1,0,2306,0
2993,0.002993000,0.281553398,0.903092784,5.000000000,1,1,0,2307,0
2994,0.002994000,0.281553398,0.911340206,5.000000000,1,1,0,2308,0
2995,0.002995000,0.281553398,0.919587629,5.000000000,1,1,0,2309,0
2996,0.002996000,0.281553398,0.927835052,5.000000000,1,1,0,2310,0
2997,0.002997000,0.281553398,0.936082474,5.000000000,1,1,0,2311,0
2998,0.002998000,0.281553398,0.944329897,5.000000000,1,1,0,2312,0
2999,0.002999000,0.281553398,0.952577320,5.000000000,1,1,0,2313,0
3000,0.003000000,0.281553398,0.960824742,5.000000000,1,1,0,2314,0
3001,0.003001000,0.281553398,0.969072165,5.000000000,1,1,0,2315,0
3002,0.003002000,0.281553398,0.977319588,5.000000000,1,1,0,2316,0
3003,0.003003000,0.281553398,0.985567010,5.000000000,1,1,0,2317,0
3004,0.003004000,0.281553398,0.993814433,5.000000000,1,1,0,2318,0
3005,0.003005000,0.281553398,1.002061856,5.000000000,1,1,0,2319,0
3006,0.003006000,0.281553398,1.010309278,5.000000000,1,1,0,2320,0
3007,0.003007000,0.281553398,1.018556701,5.000000000,1,1,0,2321,0
3008,0.003008000,0.281553398,1.026804124,5.000000000,1,1,0,2322,0
3009,0.003009000,0.281553398,1.035051546,5.000000000,1,1,0,2323,0
3010,0.003010000,0.281553398,1.043298969,5.000000000,1,1,0,2324,0
3011,0.003011000,0.281553398,1.051546392,5.000000000,1,1,0,2325,0
3012,0.003012000,0.281553398,1.059793814,5.000000000,1,1,0,2326,0
3013,0.003013000,0.281553398,1.068041237,5.000000000,1,1,0,2327,0
3014,0.003014000,0.281553398,1.076288660,5.000000000,1,1,0,2328,0
3015,0.003015000,0.281553398,1.084536082,5.000000000,1,1,0,2329,0
3016,0.003016000,0.281553398,1.092783505,5.000000000,1,1,0,2330,0
3017,0.003017000,0.281553398,1.101030928,5.000000000,1,1,0,2331,0
3018,0.003018000,0.281553398,1.109278351,5.000000000,1,1,0,2332,0
3019,0.003019000,0.281553398,1.117525773,5.000000000,1,1,0,2333,0
3020,0.003020000,0.281553398,1.125773196,5.000000000,1,1,0,2334,0
3021,0.003021000,0.281553398,1.134020619,5.000000000,1,1,0,2335,0
3022,0.003022000,0.281553398,1.142268041,5.000000000,1,1,0,2336,0
3023,0.003023000,0.281553398,1.150515464,5.000000000,1,1,0,2337,0
3024,0.003024000,0.281553398,1.158762887,5.000000000,1,1,0,2338,0
3025,0.003025000,0.281553398,1.167010309,5.000000000,1,1,0,2339,0
3026,0.003026000,0.281553398,1.175257732,5.000000000,1,1,0,2340,0
3027,0.003027000,0.281553398,1.183505155,5.000000000,1,1,0,2341,0
3028,0.003028000,0.281553398,1.191752577,5.000000000,1,1,0,2342,0
3029,0.003029000,0.281553398,1.200000000,5.000000000,1,1,0,2343,0
3030,0.003030000,0.281553398,1.208247423,5.000000000,1,1,0,2344,0
3031,0.003031000,0.281553398,1.216494845,5.000000000,1,1,0,2345,0
3032,0.003032000,0.281553398,1.224742268,5.000000000,1,1,0,2346,0
3033,0.003033000,0.281553398,1.232989691,5.000000000,1,1,0,2347,0
3034,0.003034000,0.281553398,1.241237113,5.000000000,1,1,0,2348,0
3035,0.003035000,0.281553398,1.249484536,5.000000000,1,1,0,2349,0
3036,0.003036000,0.281553398,1.257731959,5.000000000,1,1,0,2350,0
3037,0.003037000,0.281553398,1.265979381,5.000000000,1,1,0,2351,0
3038,0.003038000,0.281553398,1.274226804,5.000000000,1,1,0,2352,0
3039,0.003039000,0.281553398,1.282474227,5.000000000,1,1,0,2353,0
3040,0.003040000,0.281553398,1.290721649,5.000000000,1,1,0,2354,0
3041,0.003041000,0.281553398,1.298969072,5.000000000,1,1,0,2355,0
3042,0.003042000,0.281553398,1.307216495,5.000000000,1,1,0,2356,0
3043,0.003043000,0.281553398,1.315463918,5.000000000,1,1,0,2357,0
3044,0.003044000,0.281553398,1.323711340,5.000000000,1,1,0,2358,0
3045,0.003045000,0.281553398,1.331958763,5.000000000,1,1,0,2359,0
3046,0.003046000,0.281553398,1.340206186,5.000000000,1,1,0,2360,0
3047,0.003047000,0.281553398,1.348453608,5.000000000,1,1,0,2361,0
3048,0.003048000,0.281553398,1.356701031,5.000000000,1,1,0,2362,0
3049,0.003049000,0.281553398,1.364948454,5.000000000,1,1,0,2363,0
3050,0.003050000,0.281553398,1.373195876,5.000000000,1,1,0,2364,0
3051,0.003051000,0.281553398,1.381443299,5.000000000,1,1,0,2365,0
3052,0.003052000,0.281553398,1.389690722,5.000000000,1,1,0,2366,0
3053,0.003053000,0.281553398,1.397938144,5.000000000,1,1,0,2367,0
3054,0.003054000,0.281553398,1.406185567,5.000000000,1,1,0,2368,0
3055,0.003055000,0.281553398,1.414432990,5.000000000,1,1,0,2369,0
3056,0.003056000,0.281553398,1.422680412,5.000000000,1,1,0,2370,0
3057,0.003057000,0.281553398,1.430927835,5.000000000,1,1,0,2371,0
3058,0.003058000,0.281553398,1.439175258,5.000000000,1,1,0,2372,0
3059,0.003059000,0.281553398,1.447422680,5.000000000,1,1,0,2373,0
3060,0.003060000,0.281553398,1.455670103,5.000000000,1,1,0,2374,0
3061,0.003061000,0.281553398,1.463917526,5.000000000,1,1,0,2375,0
3062,0.003062000,0.281553398,1.472164948,5.000000000,1,1,0,2376,0
3063,0.003063000,0.281553398,1.480412371,5.000000000,1,1,0,2377,0
3064,0.003064000,0.281553398,1.488659794,5.000000000,1,1,0,2378,0
3065,0.003065000,0.281553398,1.496907216,5.000000000,1,1,0,2379,0
3066,0.003066000,0.281553398,1.505154639,5.000000000,1,1,0,2380,0
3067,0.003067000,0.281553398,1.513402062,5.000000000,1,1,0,2381,0
3068,0.003068000,0.281553398,1.521649485,5.000000000,1,1,0,2382,0
3069,0.003069000,0.281553398,1.529896907,5.000000000,1,1,0,2383,0
3070,0.003070000,0.281553398,1.538144330,5.000000000,1,1,0,2384,0
3071,0.003071000,0.281553398,1.546391753,5.000000000,1,1,0,2385,0
3072,0.003072000,0.281553398,1.554639175,5.000000000,1,1,0,2386,0
3073,0.003073000,0.281553398,1.562886598,5.000000000,1,1,0,2387,0
3074,0.003074000,0.281553398,1.571134021,5.000000000,1,1,0,2388,0
3075,0.003075000,0.281553398,1.579381443,5.000000000,1,1,0,2389,0
3076,0.003076000,0.281553398,1.587628866,5.000000000,1,1,0,2390,0
3077,0.003077000,0.281553398,1.595876289,5.000000000,1,1,0,2391,0
3078,0.003078000,0.281553398,1.604123711,5.000000000,1,1,0,2392,0
3079,0.003079000,0.281553398,1.612371134,5.000000000,1,1,0,2393,0
3080,0.003080000,0.281553398,1.620618557,5.000000000,1,1,0,2394,0
3081,0.003081000,0.281553398,1.628865979,5.000000000,1,1,0,2395,0
3082,0.003082000,0.281553398,1.637113402,5.000000000,1,1,0,2396,0
3083,0.003083000,0.281553398,1.645360825,5.000000000,1,1,0,2397,0
3084,0.003084000,0.281553398,1.653608247,5.000000000,1,1,0,2398,0
3085,0.003085000,0.281553398,1.661855670,5.000000000,1,1,0,2399,0
3086,0.003086000,0.271844660,1.670103093,5.000000000,1,1,0,2400,0
3087,0.003087000,0.262135922,1.670103093,5.000000000,1,0,0,2400,1
3088,0.003088000,0.262135922,1.678350515,5.000000000,1,1,0,2401,0
3089,0.003089000,0.271844660,1.678350515,5.000000000,1,0,0,2401,1
3090,0.003090000,0.271844660,1.686597938,5.000000000,1,1,0,2402,0
3091,0.003091000,0.262135922,1.686597938,5.000000000,1,0,0,2402,1
3092,0.003092000,0.262135922,1.694845361,5.000000000,1,1,0,2403,0
3093,0.003093000,0.271844660,1.694845361,5.000000000,1,0,0,2403,1
3094,0.003094000,0.271844660,1.703092784,5.000000000,1,1,0,2404,0
3095,0.003095000,0.262135922,1.703092784,5.000000000,1,0,0,2404,1
3096,0.003096000,0.262135922,1.711340206,5.000000000,1,1,0,2405,0
3097,0.003097000,0.271844660,1.711340206,5.000000000,1,0,0,2405,1
3098,0.003098000,0.271844660,1.719587629,5.000000000,1,1,0,2406,0
3099,0.003099000,0.262135922,1.719587629,5.000000000,1,0,0,2406,1
3100,0.003100000,0.252427184,1.727835052,5.000000000,1,1,0,2407,0
3101,0.003101000,0.242718447,1.727835052,5.000000000,1,0,0,2407,1
3102,0.003102000,0.242718447,1.736082474,5.000000000,1,1,0,2408,0
3103,0.003103000,0.252427184,1.736082474,5.000000000,1,0,0,2408,1
3104,0.003104000,0.252427184,1.744329897,5.000000000,1,1,0,2409,0
3105,0.003105000,0.242718447,1.744329897,5.000000000,1,0,0,2409,1
3106,0.003106000,0.242718447,1.752577320,5.000000000,1,1,0,2410,0
3107,0.003107000,0.252427184,1.752577320,5.000000000,1,0,0,2410,1
3108,0.003108000,0.252427184,1.760824742,5.000000000,1,1,0,2411,0
3109,0.003109000,0.242718447,1.760824742,5.000000000,1,0,0,2411,1
3110,0.003110000,0.242718447,1.769072165,5.000000000,1,1,0,2412,0
3111,0.003111000,0.252427184,1.769072165,5.000000000,1,0,0,2412,1
3112,0.003112000,0.233009709,1.777319588,5.000000000,1,1,0,2413,0
3113,0.003113000,0.223300971,1.777319588,5.000000000,1,0,0,2413,1
3114,0.003114000,0.223300971,1.785567010,5.000000000,1,1,0,2414,0
3115,0.003115000,0.233009709,1.785567010,5.000000000,1,0,0,2414,1
3116,0.003116000,0.233009709,1.793814433,5.000000000,1,1,0,2415,0
3117,0.003117000,0.223300971,1.793814433,5.000000000,1,0,0,2415,1
3118,0.003118000,0.213592233,1.802061856,5.000000000,1,1,0,2416,0
3119,0.003119000,0.213592233,1.810309278,5.000000000,1,1,0,2417,0
3120,0.003120000,0.203883495,1.818556701,5.000000000,1,1,0,2418,0
3121,0.003121000,0.194174757,1.818556701,5.000000000,1,0,0,2418,1
3122,0.003122000,0.194174757,1.826804124,5.000000000,1,1,0,2419,0
3123,0.003123000,0.203883495,1.826804124,5.000000000,1,0,0,2419,1
3124,0.003124000,0.184466019,1.835051546,5.000000000,1,1,0,2420,0
3125,0.003125000,0.174757282,1.835051546,5.000000000,1,0,0,2420,1
3126,0.003126000,0.174757282,1.843298969,5.000000000,1,1,0,2421,0
3127,0.003127000,0.184466019,1.843298969,5.000000000,1,0,0,2421,1
3128,0.003128000,0.165048544,1.851546392,5.000000000,1,1,0,2422,0
3129,0.003129000,0.155339806,1.851546392,5.000000000,1,0,0,2422,1
3130,0.003130000,0.145631068,1.859793814,5.000000000,1,1,0,2423,0
3131,0.003131000,0.135922330,1.859793814,5.000000000,1,0,0,2423,1
3132,0.003132000,0.126213592,1.859793814,5.000000000,1,0,0,2423,2
3133,0.003133000,0.116504854,1.859793814,5.000000000,1,0,0,2423,3
3134,0.003134000,0.116504854,1.868041237,5.000000000,1,1,0,2424,0
3135,0.003135000,0.126213592,1.868041237,5.000000000,1,0,0,2424,1
3136,0.003136000,0.135922330,1.868041237,5.000000000,1,0,0,2424,2
3137,0.003137000,0.145631068,1.868041237,5.000000000,1,0,0,2424,3
3138,0.003138000,0.106796117,1.876288660,5.000000000,1,1,0,2425,0
3139,0.003139000,0.097087379,1.876288660,5.000000000,1,0,0,2425,1
3140,0.003140000,0.087378641,1.876288660,5.000000000,1,0,0,2425,2
3141,0.003141000,0.077669903,1.876288660,5.000000000,1,0,0,2425,3
3142,0.003142000,0.067961165,1.876288660,5.000000000,1,0,0,2425,4
3143,0.003143000,0.067961165,1.884536082,5.000000000,1,1,0,2426,0
3144,0.003144000,0.077669903,1.884536082,5.000000000,1,0,0,2426,1
3145,0.003145000,0.087378641,1.884536082,5.000000000,1,0,0,2426,2
3146,0.003146000,0.097087379,1.884536082,5.000000000,1,0,0,2426,3
3147,0.003147000,0.106796117,1.884536082,5.000000000,1,0,0,2426,4
3148,0.003148000,0.058252427,1.892783505,5.000000000,1,1,0,2427,0
3149,0.003149000,0.048543689,1.892783505,5.000000000,1,0,0,2427,1
3150,0.003150000,0.038834951,1.892783505,5.000000000,1,0,0,2427,2
3151,0.003151000,0.029126214,1.892783505,5.000000000,1,0,0,2427,3
3152,0.003152000,0.019417476,1.892783505,5.000000000,1,0,0,2427,4
3153,0.003153000,0.009708738,1.892783505,5.000000000,1,0,0,2427,5
3154,0.003154000,0.000000000,1.892783505,5.000000000,1,0,0,2427,6
3155,0.003155000,-0.009708738,1.892783505,5.000000000,1,0,0,2427,7
3156,0.003156000,-0.019417476,1.892783505,5.000000000,1,0,0,2427,8
3157,0.003157000,-0.029126214,1.892783505,5.000000000,1,0,0,2427,9
3158,0.003158000,-0.038834951,1.892783505,5.000000000,1,0,0,2427,10
3159,0.003159000,-0.048543689,1.892783505,5.000000000,1,0,0,2427,11
3160,0.003160000,-0.058252427,1.892783505,5.000000000,1,0,0,2427,12
3161,0.003161000,-0.058252427,1.901030928,5.000000000,1,1,0,2428,0
3162,0.003162000,-0.048543689,1.901030928,5.000000000,1,0,0,2428,1
3163,0.003163000,-0.038834951,1.901030928,5.000000000,1,0,0,2428,2
3164,0.003164000,-0.029126214,1.901030928,5.000000000,1,0,0,2428,3
3165,0.003165000,-0.019417476,1.901030928,5.000000000,1,0,0,2428,4
3166,0.003166000,-0.009708738,1.901030928,5.000000000,1,0,0,2428,5
3167,0.003167000,0.000000000,1.901030928,5.000000000,1,0,0,2428,6
3168,0.003168000,0.009708738,1.901030928,5.000000000,1,0,0,2428,7
3169,0.003169000,0.019417476,1.901030928,5.000000000,1,0,0,2428,8
3170,0.003170000,0.029126214,1.901030928,5.000000000,1,0,0,2428,9
3171,0.003171000,0.038834951,1.901030928,5.000000000,1,0,0,2428,10
3172,0.003172000,0.048543689,1.901030928,5.000000000,1,0,0,2428,11
3173,0.003173000,0.058252427,1.901030928,5.000000000,1,0,0,2428,12
3174,0.003174000,-0.067961165,1.884536082,5.000000000,1,1,0,2429,0
3175,0.003175000,-0.067961165,1.876288660,5.000000000,1,1,0,2430,0
3176,0.003176000,-0.077669903,1.876288660,5.000000000,1,0,0,2430,1
3177,0.003177000,-0.087378641,1.876288660,5.000000000,1,0,0,2430,2
3178,0.003178000,-0.097087379,1.876288660,5.000000000,1,0,0,2430,3
3179,0.003179000,-0.106796117,1.876288660,5.000000000,1,0,0,2430,4
3180,0.003180000,-0.116504854,1.876288660,5.000000000,1,0,0,2430,5
3181,0.003181000,-0.116504854,1.884536082,5.000000000,1,1,0,2431,0
3182,0.003182000,-0.106796117,1.884536082,5.000000000,1,0,0,2431,1
3183,0.003183000,-0.097087379,1.884536082,5.000000000,1,0,0,2431,2
3184,0.003184000,-0.087378641,1.884536082,5.000000000,1,0,0,2431,3
3185,0.003185000,-0.077669903,1.884536082,5.000000000,1,0,0,2431,4
3186,0.003186000,-0.126213592,1.868041237,5.000000000,1,1,0,2432,0
3187,0.003187000,-0.126213592,1.859793814,5.000000000,1,1,0,2433,0
3188,0.003188000,-0.135922330,1.859793814,5.000000000,1,0,0,2433,1
3189,0.003189000,-0.145631068,1.859793814,5.000000000,1,0,0,2433,2
3190,0.003190000,-0.145631068,1.868041237,5.000000000,1,1,0,2434,0
3191,0.003191000,-0.135922330,1.868041237,5.000000000,1,0,0,2434,1
3192,0.003192000,-0.155339806,1.851546392,5.000000000,1,1,0,2435,0
3193,0.003193000,-0.165048544,1.851546392,5.000000000,1,0,0,2435,1
3194,0.003194000,-0.174757282,1.843298969,5.000000000,1,1,0,2436,0
3195,0.003195000,-0.174757282,1.835051546,5.000000000,1,1,0,2437,0
3196,0.003196000,-0.184466019,1.835051546,5.000000000,1,0,0,2437,1
3197,0.003197000,-0.184466019,1.843298969,5.000000000,1,1,0,2438,0
3198,0.003198000,-0.194174757,1.826804124,5.000000000,1,1,0,2439,0
3199,0.003199000,-0.194174757,1.818556701,5.000000000,1,1,0,2440,0
3200,0.003200000,-0.203883495,1.818556701,5.000000000,1,0,0,2440,1
3201,0.003201000,-0.203883495,1.826804124,5.000000000,1,1,0,2441,0
3202,0.003202000,-0.213592233,1.810309278,5.000000000,1,1,0,2442,0
3203,0.003203000,-0.213592233,1.802061856,5.000000000,1,1,0,2443,0
3204,0.003204000,-0.223300971,1.802061856,5.000000000,1,0,0,2443,1
3205,0.003205000,-0.223300971,1.810309278,5.000000000,1,1,0,2444,0
3206,0.003206000,-0.233009709,1.793814433,5.000000000,1,1,0,2445,0
3207,0.003207000,-0.233009709,1.785567010,5.000000000,1,1,0,2446,0
3208,0.003208000,-0.233009709,1.777319588,5.000000000,1,1,0,2447,0
3209,0.003209000,-0.242718447,1.769072165,5.000000000,1,1,0,2448,0
3210,0.003210000,-0.242718447,1.760824742,5.000000000,1,1,0,2449,0
3211,0.003211000,-0.242718447,1.752577320,5.000000000,1,1,0,2450,0
3212,0.003212000,-0.242718447,1.744329897,5.000000000,1,1,0,2451,0
3213,0.003213000,-0.242718447,1.736082474,5.000000000,1,1,0,2452,0
3214,0.003214000,-0.242718447,1.727835052,5.000000000,1,1,0,2453,0
3215,0.003215000,-0.252427184,1.727835052,5.000000000,1,0,0,2453,1
3216,0.003216000,-0.252427184,1.736082474,5.000000000,1,1,0,2454,0
3217,0.003217000,-0.252427184,1.744329897,5.000000000,1,1,0,2455,0
3218,0.003218000,-0.252427184,1.752577320,5.000000000,1,1,0,2456,0
3219,0.003219000,-0.252427184,1.760824742,5.000000000,1,1,0,2457,0
3220,0.003220000,-0.252427184,1.769072165,5.000000000,1,1,0,2458,0
3221,0.003221000,-0.262135922,1.719587629,5.000000000,1,1,0,2459,0
3222,0.003222000,-0.262135922,1.711340206,5.000000000,1,1,0,2460,0
3223,0.003223000,-0.262135922,1.703092784,5.000000000,1,1,0,2461,0
3224,0.003224000,-0.262135922,1.694845361,5.000000000,1,1,0,2462,0
3225,0.003225000,-0.262135922,1.686597938,5.000000000,1,1,0,2463,0
3226,0.003226000,-0.262135922,1.678350515,5.000000000,1,1,0,2464,0
3227,0.003227000,-0.262135922,1.670103093,5.000000000,1,1,0,2465,0
3228,0.003228000,-0.271844660,1.670103093,5.000000000,1,0,0,2465,1
3229,0.003229000,-0.271844660,1.678350515,5.000000000,1,1,0,2466,0
3230,0.003230000,-0.271844660,1.686597938,5.000000000,1,1,0,2467,0
3231,0.003231000,-0.271844660,1.694845361,5.000000000,1,1,0,2468,0
3232,0.003232000,-0.271844660,1.703092784,5.000000000,1,1,0,2469,0
3233,0.003233000,-0.271844660,1.711340206,5.000000000,1,1,0,2470,0
3234,0.003234000,-0.271844660,1.719587629,5.000000000,1,1,0,2471,0
3235,0.003235000,-0.281553398,1.661855670,5.000000000,1,1,0,2472,0
3236,0.003236000,-0.281553398,1.653608247,5.000000000,1,1,0,2473,0
3237,0.003237000,-0.281553398,1.645360825,5.000000000,1,1,0,2474,0
3238,0.003238000,-0.281553398,1.637113402,5.000000000,1,1,0,2475,0
3239,0.003239000,-0.281553398,1.628865979,5.000000000,1,1,0,2476,0
3240,0.003240000,-0.281553398,1.620618557,5.000000000,1,1,0,2477,0
3241,0.003241000,-0.281553398,1.612371134,5.000000000,1,1,0,2478,0
3242,0.003242000,-0.281553398,1.604123711,5.000000000,1,1,0,2479,0
3243,0.003243000,-0.281553398,1.595876289,5.000000000,1,1,0,2480,0
3244,0.003244000,-0.281553398,1.587628866,5.000000000,1,1,0,2481,0
3245,0.003245000,-0.281553398,1.579381443,5.000000000,1,1,0,2482,0
3246,0.003246000,-0.281553398,1.571134021,5.000000000,1,1,0,2483,0
3247,0.003247000,-0.281553398,1.562886598,5.000000000,1,1,0,2484,0
3248,0.003248000,-0.281553398,1.554639175,5.000000000,1,1,0,2485,0
3249,0.003249000,-0.281553398,1.546391753,5.000000000,1,1,0,2486,0
3250,0.003250000,-0.281553398,1.538144330,5.000000000,1,1,0,2487,0
3251,0.003251000,-0.281553398,1.529896907,5.000000000,1,1,0,2488,0
3252,0.003252000,-0.281553398,1.521649485,5.000000000,1,1,0,2489,0
3253,0.003253000,-0.281553398,1.513402062,5.000000000,1,1,0,2490,0
3254,0.003254000,-0.281553398,1.505154639,5.000000000,1,1,0,2491,0
3255,0.003255000,-0.281553398,1.496907216,5.000000000,1,1,0,2492,0
3256,0.003256000,-0.281553398,1.488659794,5.000000000,1,1,0,2493,0
3257,0.003257000,-0.281553398,1.480412371,5.000000000,1,1,0,2494,0
3258,0.003258000,-0.281553398,1.472164948,5.000000000,1,1,0,2495,0
3259,0.003259000,-0.281553398,1.463917526,5.000000000,1,1,0,2496,0
3260,0.003260000,-0.281553398,1.455670103,5.000000000,1,1,0,2497,0
3261,0.003261000,-0.281553398,1.447422680,5.000000000,1,1,0,2498,0
3262,0.003262000,-0.281553398,1.439175258,5.000000000,1,1,0,2499,0
3263,0.003263000,-0.281553398,1.430927835,5.000000000,1,1,0,2500,0
3264,0.003264000,-0.281553398,1.422680412,5.000000000,1,1,0,2501,0
3265,0.003265000,-0.281553398,1.414432990,5.000000000,1,1,0,2502,0
3266,0.003266000,-0.281553398,1.406185567,5.000000000,1,1,0,2503,0
3267,0.003267000,-0.281553398,1.397938144,5.000000000,1,1,0,2504,0
3268,0.003268000,-0.281553398,1.389690722,5.000000000,1,1,0,2505,0
3269,0.003269000,-0.281553398,1.381443299,5.000000000,1,1,0,2506,0
3270,0.003270000,-0.281553398,1.373195876,5.000000000,1,1,0,2507,0
3271,0.003271000,-0.281553398,1.364948454,5.000000000,1,1,0,2508,0
3272,0.003272000,-0.281553398,1.356701031,5.000000000,1,1,0,2509,0
3273,0.003273000,-0.281553398,1.348453608,5.000000000,1,1,0,2510,0
3274,0.003274000,-0.281553398,1.340206186,5.000000000,1,1,0,2511,0
3275,0.003275000,-0.281553398,1.331958763,5.000000000,1,1,0,2512,0
3276,0.003276000,-0.281553398,1.323711340,5.000000000,1,1,0,2513,0
3277,0.003277000,-0.281553398,1.315463918,5.000000000,1,1,0,2514,0
3278,0.003278000,-0.281553398,1.307216495,5.000000000,1,1,0,2515,0
3279,0.003279000,-0.281553398,1.298969072,5.000000000,1,1,0,2516,0
3280,0.003280000,-0.281553398,1.290721649,5.000000000,1,1,0,2517,0
3281,0.003281000,-0.281553398,1.282474227,5.000000000,1,1,0,2518,0
3282,0.003282000,-0.281553398,1.274226804,5.000000000,1,1,0,2519,0
3283,0.003283000,-0.281553398,1.265979381,5.000000000,1,1,0,2520,0
3284,0.003284000,-0.281553398,1.257731959,5.000000000,1,1,0,2521,0
3285,0.003285000,-0.281553398,1.249484536,5.000000000,1,1,0,2522,0
3286,0.003286000,-0.281553398,1.241237113,5.000000000,1,1,0,2523,0
3287,0.003287000,-0.281553398,1.232989691,5.000000000,1,1,0,2524,0
3288,0.003288000,-0.281553398,1.224742268,5.000000000,1,1,0,2525,0
3289,0.003289000,-0.281553398,1.216494845,5.000000000,1,1,0,2526,0
3290,0.003290000,-0.281553398,1.208247423,5.000000000,1,1,0,2527,0
3291,0.003291000,-0.281553398,1.200000000,5.000000000,1,1,0,2528,0
3292,0.003292000,-0.281553398,1.191752577,5.000000000,1,1,0,2529,0
3293,0.003293000,-0.281553398,1.183505155,5.000000000,1,1,0,2530,0
3294,0.003294000,-0.281553398,1.175257732,5.000000000,1,1,0,2531,0
3295,0.003295000,-0.281553398,1.167010309,5.000000000,1,1,0,2532,0
3296,0.003296000,-0.281553398,1.158762887,5.000000000,1,1,0,2533,0
3297,0.003297000,-0.281553398,1.150515464,5.000000000,1,1,0,2534,0
3298,0.003298000,-0.281553398,1.142268041,5.000000000,1,1,0,2535,0
3299,0.003299000,-0.281553398,1.134020619,5.000000000,1,1,0,2536,0
3300,0.003300000,-0.281553398,1.125773196,5.000000000,1,1,0,2537,0
3301,0.003301000,-0.281553398,1.117525773,5.000000000,1,1,0,2538,0
3302,0.003302000,-0.281553398,1.109278351,5.000000000,1,1,0,2539,0
3303,0.003303000,-0.281553398,1.101030928,5.000000000,1,1,0,2540,0
3304,0.003304000,-0.281553398,1.092783505,5.000000000,1,1,0,2541,0
3305,0.003305000,-0.281553398,1.084536082,5.000000000,1,1,0,2542,0
3306,0.003306000,-0.281553398,1.076288660,5.000000000,1,1,0,2543,0
3307,0.003307000,-0.281553398,1.068041237,5.000000000,1,1,0,2544,0
3308,0.003308000,-0.281553398,1.059793814,5.000000000,1,1,0,2545,0
3309,0.003309000,-0.281553398,1.051546392,5.000000000,1,1,0,2546,0
3310,0.003310000,-0.281553398,1.043298969,5.000000000,1,1,0,2547,0
3311,0.003311000,-0.281553398,1.035051546,5.000000000,1,1,0,2548,0
3312,0.003312000,-0.281553398,1.026804124,5.000000000,1,1,0,2549,0
3313,0.003313000,-0.281553398,1.018556701,5.000000000,1,1,0,2550,0
3314,0.003314000,-0.281553398,1.010309278,5.000000000,1,1,0,2551,0
3315,0.003315000,-0.281553398,1.002061856,5.000000000,1,1,0,2552,0
3316,0.003316000,-0.281553398,0.993814433,5.000000000,1,1,0,2553,0
3317,0.003317000,-0.281553398,0.985567010,5.000000000,1,1,0,2554,0
3318,0.003318000,-0.281553398,0.977319588,5.000000000,1,1,0,2555,0
3319,0.003319000,-0.281553398,0.969072165,5.000000000,1,1,0,2556,0
3320,0.003320000,-0.281553398,0.960824742,5.000000000,1,1,0,2557,0
3321,0.003321000,-0.281553398,0.952577320,5.000000000,1,1,0,2558,0
3322,0.003322000,-0.281553398,0.944329897,5.000000000,1,1,0,2559,0
3323,0.003323000,-0.281553398,0.936082474,5.000000000,1,1,0,2560,0
3324,0.003324000,-0.281553398,0.927835052,5.000000000,1,1,0,2561,0
3325,0.003325000,-0.281553398,0.919587629,5.000000000,1,1,0,2562,0
3326,0.003326000,-0.281553398,0.911340206,5.000000000,1,1,0,2563,0
3327,0.003327000,-0.281553398,0.903092784,5.000000000,1,1,0,2564,0
3328,0.003328000,-0.281553398,0.894845361,5.000000000,1,1,0,2565,0
3329,0.003329000,-0.281553398,0.886597938,5.000000000,1,1,0,2566,0
3330,0.003330000,-0.281553398,0.878350515,5.000000000,1,1,0,2567,0
3331,0.003331000,-0.281553398,0.870103093,5.000000000,1,1,0,2568,0
3332,0.003332000,-0.281553398,0.861855670,5.000000000,1,1,0,2569,0
3333,0.003333000,-0.281553398,0.853608247,5.000000000,1,1,0,2570,0
3334,0.003334000,-0.281553398,0.845360825,5.000000000,1,1,0,2571,0
3335,0.003335000,-0.281553398,0.837113402,5.000000000,1,1,0,2572,0
3336,0.003336000,-0.281553398,0.828865979,5.000000000,1,1,0,2573,0
3337,0.003337000,-0.281553398,0.820618557,5.000000000,1,1,0,2574,0
3338,0.003338000,-0.281553398,0.812371134,5.000000000,1,1,0,2575,0
3339,0.003339000,-0.281553398,0.804123711,5.000000000,1,1,0,2576,0
3340,0.003340000,-0.281553398,0.795876289,5.000000000,1,1,0,2577,0
3341,0.003341000,-0.281553398,0.787628866,5.000000000,1,1,0,2578,0
3342,0.003342000,-0.281553398,0.779381443,5.000000000,1,1,0,2579,0
3343,0.003343000,-0.281553398,0.771134021,5.000000000,1,1,0,2580,0
3344,0.003344000,-0.281553398,0.762886598,5.000000000,1,1,0,2581,0
3345,0.003345000,-0.281553398,0.754639175,5.000000000,1,1,0,2582,0
3346,0.003346000,-0.281553398,0.746391753,5.000000000,1,1,0,2583,0
3347,0.003347000,-0.281553398,0.738144330,5.000000000,1,1,0,2584,0
3348,0.003348000,-0.281553398,0.729896907,5.000000000,1,1,0,2585,0
3349,0.003349000,-0.281553398,0.721649485,5.000000000,1,1,0,2586,0
3350,0.003350000,-0.281553398,0.713402062,5.000000000,1,1,0,2587,0
3351,0.003351000,-0.281553398,0.705154639,5.000000000,1,1,0,2588,0
3352,0.003352000,-0.281553398,0.696907216,5.000000000,1,1,0,2589,0
3353,0.003353000,-0.281553398,0.688659794,5.000000000,1,1,0,2590,0
3354,0.003354000,-0.281553398,0.680412371,5.000000000,1,1,0,2591,0
3355,0.003355000,-0.281553398,0.672164948,5.000000000,1,1,0,2592,0
3356,0.003356000,-0.281553398,0.663917526,5.000000000,1,1,0,2593,0
3357,0.003357000,-0.281553398,0.655670103,5.000000000,1,1,0,2594,0
3358,0.003358000,-0.281553398,0.647422680,5.000000000,1,1,0,2595,0
3359,0.003359000,-0.281553398,0.639175258,5.000000000,1,1,0,2596,0
3360,0.003360000,-0.281553398,0.630927835,5.000000000,1,1,0,2597,0
3361,0.003361000,-0.281553398,0.622680412,5.000000000,1,1,0,2598,0
3362,0.003362000,-0.281553398,0.614432990,5.000000000,1,1,0,2599,0
3363,0.003363000,-0.281553398,0.606185567,5.000000000,1,1,0,2600,0
3364,0.003364000,-0.281553398,0.597938144,5.000000000,1,1,0,2601,0
3365,0.003365000,-0.281553398,0.589690722,5.000000000,1,1,0,2602,0
3366,0.003366000,-0.281553398,0.581443299,5.000000000,1,1,0,2603,0
3367,0.003367000,-0.281553398,0.573195876,5.000000000,1,1,0,2604,0
3368,0.003368000,-0.281553398,0.564948454,5.000000000,1,1,0,2605,0
3369,0.003369000,-0.281553398,0.556701031,5.000000000,1,1,0,2606,0
3370,0.003370000,-0.281553398,0.548453608,5.000000000,1,1,0,2607,0
3371,0.003371000,-0.281553398,0.540206186,5.000000000,1,1,0,2608,0
3372,0.003372000,-0.281553398,0.531958763,5.000000000,1,1,0,2609,0
3373,0.003373000,-0.281553398,0.523711340,5.000000000,1,1,0,2610,0
3374,0.003374000,-0.281553398,0.515463918,5.000000000,1,1,0,2611,0
3375,0.003375000,-0.281553398,0.507216495,5.000000000,1,1,0,2612,0
3376,0.003376000,-0.281553398,0.498969072,5.000000000,1,1,0,2613,0
3377,0.003377000,-0.281553398,0.490721649,5.000000000,1,1,0,2614,0
3378,0.003378000,-0.281553398,0.482474227,5.000000000,1,1,0,2615,0
3379,0.003379000,-0.281553398,0.474226804,5.000000000,1,1,0,2616,0
3380,0.003380000,-0.281553398,0.465979381,5.000000000,1,1,0,2617,0
3381,0.003381000,-0.281553398,0.457731959,5.000000000,1,1,0,2618,0
3382,0.003382000,-0.281553398,0.449484536,5.000000000,1,1,0,2619,0
3383,0.003383000,-0.281553398,0.441237113,5.000000000,1,1,0,2620,0
3384,0.003384000,-0.281553398,0.432989691,5.000000000,1,1,0,2621,0
3385,0.003385000,-0.281553398,0.424742268,5.000000000,1,1,0,2622,0
3386,0.003386000,-0.281553398,0.416494845,5.000000000,1,1,0,2623,0
3387,0.003387000,-0.281553398,0.408247423,5.000000000,1,1,0,2624,0
3388,0.003388000,-0.281553398,0.400000000,5.000000000,1,1,0,2625,0
3389,0.003389000,-0.281553398,0.391752577,5.000000000,1,1,0,2626,0
3390,0.003390000,-0.281553398,0.383505155,5.000000000,1,1,0,2627,0
3391,0.003391000,-0.281553398,0.375257732,5.000000000,1,1,0,2628,0
3392,0.003392000,-0.281553398,0.367010309,5.000000000,1,1,0,2629,0
3393,0.003393000,-0.281553398,0.358762887,5.000000000,1,1,0,2630,0
3394,0.003394000,-0.281553398,0.350515464,5.000000000,1,1,0,2631,0
3395,0.003395000,-0.281553398,0.342268041,5.000000000,1,1,0,2632,0
3396,0.003396000,-0.281553398,0.334020619,5.000000000,1,1,0,2633,0
3397,0.003397000,-0.281553398,0.325773196,5.000000000,1,1,0,2634,0
3398,0.003398000,-0.281553398,0.317525773,5.000000000,1,1,0,2635,0
3399,0.003399000,-0.281553398,0.309278351,5.000000000,1,1,0,2636,0
3400,0.003400000,-0.281553398,0.301030928,5.000000000,1,1,0,2637,0
3401,0.003401000,-0.281553398,0.292783505,5.000000000,1,1,0,2638,0
3402,0.003402000,-0.281553398,0.284536082,5.000000000,1,1,0,2639,0
3403,0.003403000,-0.281553398,0.276288660,5.000000000,1,1,0,2640,0
3404,0.003404000,-0.281553398,0.268041237,5.000000000,1,1,0,2641,0
3405,0.003405000,-0.281553398,0.259793814,5.000000000,1,1,0,2642,0
3406,0.003406000,-0.281553398,0.251546392,5.000000000,1,1,0,2643,0
3407,0.003407000,-0.281553398,0.243298969,5.000000000,1,1,0,2644,0
3408,0.003408000,-0.281553398,0.235051546,5.000000000,1,1,0,2645,0
3409,0.003409000,-0.281553398,0.226804124,5.000000000,1,1,0,2646,0
3410,0.003410000,-0.281553398,0.218556701,5.000000000,1,1,0,2647,0
3411,0.003411000,-0.281553398,0.210309278,5.000000000,1,1,0,2648,0
3412,0.003412000,-0.281553398,0.202061856,5.000000000,1,1,0,2649,0
3413,0.003413000,-0.281553398,0.193814433,5.000000000,1,1,0,2650,0
3414,0.003414000,-0.281553398,0.185567010,5.000000000,1,1,0,2651,0
3415,0.003415000,-0.281553398,0.177319588,5.000000000,1,1,0,2652,0
3416,0.003416000,-0.281553398,0.169072165,5.000000000,1,1,0,2653,0
3417,0.003417000,-0.281553398,0.160824742,5.000000000,1,1,0,2654,0
3418,0.003418000,-0.281553398,0.152577320,5.000000000,1,1,0,2655,0
3419,0.003419000,-0.281553398,0.144329897,5.000000000,1,1,0,2656,0
3420,0.003420000,-0.281553398,0.136082474,5.000000000,1,1,0,2657,0
3421,0.003421000,-0.281553398,0.127835052,5.000000000,1,1,0,2658,0
3422,0.003422000,-0.281553398,0.119587629,5.000000000,1,1,0,2659,0
3423,0.003423000,-0.281553398,0.111340206,5.000000000,1,1,0,2660,0
3424,0.003424000,-0.281553398,0.103092784,5.000000000,1,1,0,2661,0
3425,0.003425000,-0.281553398,0.094845361,5.000000000,1,1,0,2662,0
3426,0.003426000,-0.281553398,0.086597938,5.000000000,1,1,0,2663,0
3427,0.003427000,-0.281553398,0.078350515,5.000000000,1,1,0,2664,0
3428,0.003428000,-0.281553398,0.070103093,5.000000000,1,1,0,2665,0
3429,0.003429000,-0.281553398,0.061855670,5.000000000,1,1,0,2666,0
3430,0.003430000,-0.281553398,0.053608247,5.000000000,1,1,0,2667,0
3431,0.003431000,-0.281553398,0.045360825,5.000000000,1,1,0,2668,0
3432,0.003432000,-0.281553398,0.037113402,5.000000000,1,1,0,2669,0
3433,0.003433000,-0.281553398,0.028865979,5.000000000,1,1,0,2670,0
3434,0.003434000,-0.281553398,0.020618557,5.000000000,1,1,0,2671,0
3435,0.003435000,-0.281553398,0.012371134,5.000000000,1,1,0,2672,0
3436,0.003436000,-0.281553398,0.004123711,5.000000000,1,1,0,2673,0
3437,0.003437000,-0.281553398,-0.004123711,5.000000000,1,1,0,2674,0
3438,0.003438000,-0.281553398,-0.012371134,5.000000000,1,1,0,2675,0
3439,0.003439000,-0.281553398,-0.020618557,5.000000000,1,1,0,2676,0
3440,0.003440000,-0.281553398,-0.028865979,5.000000000,1,1,0,2677,0
3441,0.003441000,-0.281553398,-0.037113402,5.000000000,1,1,0,2678,0
3442,0.003442000,-0.281553398,-0.045360825,5.000000000,1,1,0,2679,0
3443,0.003443000,-0.281553398,-0.053608247,5.000000000,1,1,0,2680,0
3444,0.003444000,-0.281553398,-0.061855670,5.000000000,1,1,0,2681,0
3445,0.003445000,-0.281553398,-0.070103093,5.000000000,1,1,0,2682,0
3446,0.003446000,-0.281553398,-0.078350515,5.000000000,1,1,0,2683,0
3447,0.003447000,-0.281553398,-0.086597938,5.000000000,1,1,0,2684,0
3448,0.003448000,-0.281553398,-0.094845361,5.000000000,1,1,0,2685,0
3449,0.003449000,-0.281553398,-0.103092784,5.000000000,1,1,0,2686,0
3450,0.003450000,-0.281553398,-0.111340206,5.000000000,1,1,0,2687,0
3451,0.003451000,-0.281553398,-0.119587629,5.000000000,1,1,0,2688,0
3452,0.003452000,-0.281553398,-0.127835052,5.000000000,1,1,0,2689,0
3453,0.003453000,-0.281553398,-0.136082474,5.000000000,1,1,0,2690,0
3454,0.003454000,-0.281553398,-0.144329897,5.000000000,1,1,0,2691,0
3455,0.003455000,-0.281553398,-0.152577320,5.000000000,1,1,0,2692,0
3456,0.003456000,-0.281553398,-0.160824742,5.000000000,1,1,0,2693,0
3457,0.003457000,-0.281553398,-0.169072165,5.000000000,1,1,0,2694,0
3458,0.003458000,-0.281553398,-0.177319588,5.000000000,1,1,0,2695,0
3459,0.003459000,-0.281553398,-0.185567010,5.000000000,1,1,0,2696,0
3460,0.003460000,-0.281553398,-0.193814433,5.000000000,1,1,0,2697,0
3461,0.003461000,-0.281553398,-0.202061856,5.000000000,1,1,0,2698,0
3462,0.003462000,-0.281553398,-0.210309278,5.000000000,1,1,0,2699,0
3463,0.003463000,-0.281553398,-0.218556701,5.000000000,1,1,0,2700,0
3464,0.003464000,-0.281553398,-0.226804124,5.000000000,1,1,0,2701,0
3465,0.003465000,-0.281553398,-0.235051546,5.000000000,1,1,0,2702,0
3466,0.003466000,-0.281553398,-0.243298969,5.000000000,1,1,0,2703,0
3467,0.003467000,-0.281553398,-0.251546392,5.000000000,1,1,0,2704,0
3468,0.003468000,-0.281553398,-0.259793814,5.000000000,1,1,0,2705,0
3469,0.003469000,-0.281553398,-0.268041237,5.000000000,1,1,0,2706,0
3470,0.003470000,-0.281553398,-0.276288660,5.000000000,1,1,0,2707,0
3471,0.003471000,-0.281553398,-0.284536082,5.000000000,1,1,0,2708,0
3472,0.003472000,-0.281553398,-0.292783505,5.000000000,1,1,0,2709,0
3473,0.003473000,-0.281553398,-0.301030928,5.000000000,1,1,0,2710,0
3474,0.003474000,-0.281553398,-0.309278351,5.000000000,1,1,0,2711,0
3475,0.003475000,-0.281553398,-0.317525773,5.000000000,1,1,0,2712,0
3476,0.003476000,-0.281553398,-0.325773196,5.000000000,1,1,0,2713,0
3477,0.003477000,-0.281553398,-0.334020619,5.000000000,1,1,0,2714,0
3478,0.003478000,-0.281553398,-0.342268041,5.000000000,1,1,0,2715,0
3479,0.003479000,-0.281553398,-0.350515464,5.000000000,1,1,0,2716,0
3480,0.003480000,-0.281553398,-0.358762887,5.000000000,1,1,0,2717,0
3481,0.003481000,-0.281553398,-0.367010309,5.000000000,1,1,0,2718,0
3482,0.003482000,-0.281553398,-0.375257732,5.000000000,1,1,0,2719,0
3483,0.003483000,-0.281553398,-0.383505155,5.000000000,1,1,0,2720,0
3484,0.003484000,-0.281553398,-0.391752577,5.000000000,1,1,0,2721,0
3485,0.003485000,-0.281553398,-0.400000000,5.000000000,1,1,0,2722,0
3486,0.003486000,-0.281553398,-0.408247423,5.000000000,1,1,0,2723,0
3487,0.003487000,-0.281553398,-0.416494845,5.000000000,1,1,0,2724,0
3488,0.003488000,-0.281553398,-0.424742268,5.000000000,1,1,0,2725,0
3489,0.003489000,-0.281553398,-0.432989691,5.000000000,1,1,0,2726,0
3490,0.003490000,-0.281553398,-0.441237113,5.000000000,1,1,0,2727,0
3491,0.003491000,-0.281553398,-0.449484536,5.000000000,1,1,0,2728,0
3492,0.003492000,-0.281553398,-0.457731959,5.000000000,1,1,0,2729,0
3493,0.003493000,-0.281553398,-0.465979381,5.000000000,1,1,0,2730,0
3494,0.003494000,-0.281553398,-0.474226804,5.000000000,1,1,0,2731,0
3495,0.003495000,-0.281553398,-0.482474227,5.000000000,1,1,0,2732,0
3496,0.003496000,-0.281553398,-0.490721649,5.000000000,1,1,0,2733,0
3497,0.003497000,-0.281553398,-0.498969072,5.000000000,1,1,0,2734,0
3498,0.003498000,-0.281553398,-0.507216495,5.000000000,1,1,0,2735,0
3499,0.003499000,-0.281553398,-0.515463918,5.000000000,1,1,0,2736,0
3500,0.003500000,-0.281553398,-0.523711340,5.000000000,1,1,0,2737,0
3501,0.003501000,-0.281553398,-0.531958763,5.000000000,1,1,0,2738,0
3502,0.003502000,-0.281553398,-0.540206186,5.000000000,1,1,0,2739,0
3503,0.003503000,-0.281553398,-0.548453608,5.000000000,1,1,0,2740,0
3504,0.003504000,-0.281553398,-0.556701031,5.000000000,1,1,0,2741,0
3505,0.003505000,-0.281553398,-0.564948454,5.000000000,1,1,0,2742,0
3506,0.003506000,-0.281553398,-0.573195876,5.000000000,1,1,0,2743,0
3507,0.003507000,-0.281553398,-0.581443299,5.000000000,1,1,0,2744,0
3508,0.003508000,-0.281553398,-0.589690722,5.000000000,1,1,0,2745,0
3509,0.003509000,-0.281553398,-0.597938144,5.000000000,1,1,0,2746,0
3510,0.003510000,-0.281553398,-0.606185567,5.000000000,1,1,0,2747,0
3511,0.003511000,-0.281553398,-0.614432990,5.000000000,1,1,0,2748,0
3512,0.003512000,-0.281553398,-0.622680412,5.000000000,1,1,0,2749,0
3513,0.003513000,-0.281553398,-0.630927835,5.000000000,1,1,0,2750,0
3514,0.003514000,-0.281553398,-0.639175258,5.000000000,1,1,0,2751,0
3515,0.003515000,-0.281553398,-0.647422680,5.000000000,1,1,0,2752,0
3516,0.003516000,-0.281553398,-0.655670103,5.000000000,1,1,0,2753,0
3517,0.003517000,-0.281553398,-0.663917526,5.000000000,1,1,0,2754,0
3518,0.003518000,-0.281553398,-0.672164948,5.000000000,1,1,0,2755,0
3519,0.003519000,-0.281553398,-0.680412371,5.000000000,1,1,0,2756,0
3520,0.003520000,-0.281553398,-0.688659794,5.000000000,1,1,0,2757,0
3521,0.003521000,-0.281553398,-0.696907216,5.000000000,1,1,0,2758,0
3522,0.003522000,-0.281553398,-0.705154639,5.000000000,1,1,0,2759,0
3523,0.003523000,-0.281553398,-0.713402062,5.000000000,1,1,0,2760,0
3524,0.003524000,-0.281553398,-0.721649485,5.000000000,1,1,0,2761,0
3525,0.003525000,-0.281553398,-0.729896907,5.000000000,1,1,0,2762,0
3526,0.003526000,-0.281553398,-0.738144330,5.000000000,1,1,0,2763,0
3527,0.003527000,-0.281553398,-0.746391753,5.000000000,1,1,0,2764,0
3528,0.003528000,-0.281553398,-0.754639175,5.000000000,1,1,0,2765,0
3529,0.003529000,-0.281553398,-0.762886598,5.000000000,1,1,0,2766,0
3530,0.003530000,-0.281553398,-0.771134021,5.000000000,1,1,0,2767,0
3531,0.003531000,-0.281553398,-0.779381443,5.000000000,1,1,0,2768,0
3532,0.003532000,-0.281553398,-0.787628866,5.000000000,1,1,0,2769,0
3533,0.003533000,-0.281553398,-0.795876289,5.000000000,1,1,0,2770,0
3534,0.003534000,-0.281553398,-0.804123711,5.000000000,1,1,0,2771,0
3535,0.003535000,-0.281553398,-0.812371134,5.000000000,1,1,0,2772,0
3536,0.003536000,-0.281553398,-0.820618557,5.000000000,1,1,0,2773,0
3537,0.003537000,-0.281553398,-0.828865979,5.000000000,1,1,0,2774,0
3538,0.003538000,-0.281553398,-0.837113402,5.000000000,1,1,0,2775,0
3539,0.003539000,-0.281553398,-0.845360825,5.000000000,1,1,0,2776,0
3540,0.003540000,-0.281553398,-0.853608247,5.000000000,1,1,0,2777,0
3541,0.003541000,-0.281553398,-0.861855670,5.000000000,1,1,0,2778,0
3542,0.003542000,-0.281553398,-0.870103093,5.000000000,1,1,0,2779,0
3543,0.003543000,-0.281553398,-0.878350515,5.000000000,1,1,0,2780,0
3544,0.003544000,-0.281553398,-0.886597938,5.000000000,1,1,0,2781,0
3545,0.003545000,-0.281553398,-0.894845361,5.000000000,1,1,0,2782,0
3546,0.003546000,-0.281553398,-0.903092784,5.000000000,1,1,0,2783,0
3547,0.003547000,-0.281553398,-0.911340206,5.000000000,1,1,0,2784,0
3548,0.003548000,-0.281553398,-0.919587629,5.000000000,1,1,0,2785,0
3549,0.003549000,-0.281553398,-0.927835052,5.000000000,1,1,0,2786,0
3550,0.003550000,-0.281553398,-0.936082474,5.000000000,1,1,0,2787,0
3551,0.003551000,-0.281553398,-0.944329897,5.000000000,1,1,0,2788,0
3552,0.003552000,-0.281553398,-0.952577320,5.000000000,1,1,0,2789,0
3553,0.003553000,-0.281553398,-0.960824742,5.000000000,1,1,0,2790,0
3554,0.003554000,-0.281553398,-0.969072165,5.000000000,1,1,0,2791,0
3555,0.003555000,-0.281553398,-0.977319588,5.000000000,1,1,0,2792,0
3556,0.003556000,-0.281553398,-0.985567010,5.000000000,1,1,0,2793,0
3557,0.003557000,-0.281553398,-0.993814433,5.000000000,1,1,0,2794,0
3558,0.003558000,-0.281553398,-1.002061856,5.000000000,1,1,0,2795,0
3559,0.003559000,-0.281553398,-1.010309278,5.000000000,1,1,0,2796,0
3560,0.003560000,-0.281553398,-1.018556701,5.000000000,1,1,0,2797,0
3561,0.003561000,-0.281553398,-1.026804124,5.000000000,1,1,0,2798,0
3562,0.003562000,-0.281553398,-1.035051546,5.000000000,1,1,0,2799,0
3563,0.003563000,-0.281553398,-1.043298969,5.000000000,1,1,0,2800,0
3564,0.003564000,-0.281553398,-1.051546392,5.000000000,1,1,0,2801,0
3565,0.003565000,-0.281553398,-1.059793814,5.000000000,1,1,0,2802,0
3566,0.003566000,-0.281553398,-1.068041237,5.000000000,1,1,0,2803,0
3567,0.003567000,-0.281553398,-1.076288660,5.000000000,1,1,0,2804,0
3568,0.003568000,-0.281553398,-1.084536082,5.000000000,1,1,0,2805,0
3569,0.003569000,-0.281553398,-1.092783505,5.000000000,1,1,0,2806,0
3570,0.003570000,-0.281553398,-1.101030928,5.000000000,1,1,0,2807,0
3571,0.003571000,-0.281553398,-1.109278351,5.000000000,1,1,0,2808,0
3572,0.003572000,-0.281553398,-1.117525773,5.000000000,1,1,0,2809,0
3573,0.003573000,-0.281553398,-1.125773196,5.000000000,1,1,0,2810,0
3574,0.003574000,-0.281553398,-1.134020619,5.000000000,1,1,0,2811,0
3575,0.003575000,-0.281553398,-1.142268041,5.000000000,1,1,0,2812,0
3576,0.003576000,-0.281553398,-1.150515464,5.000000000,1,1,0,2813,0
3577,0.003577000,-0.281553398,-1.158762887,5.000000000,1,1,0,2814,0
3578,0.003578000,-0.281553398,-1.167010309,5.000000000,1,1,0,2815,0
3579,0.003579000,-0.281553398,-1.175257732,5.000000000,1,1,0,2816,0
3580,0.003580000,-0.281553398,-1.183505155,5.000000000,1,1,0,2817,0
3581,0.003581000,-0.281553398,-1.191752577,5.000000000,1,1,0,2818,0
3582,0.003582000,-0.281553398,-1.200000000,5.000000000,1,1,0,2819,0
3583,0.003583000,-0.281553398,-1.208247423,5.000000000,1,1,0,2820,0
3584,0.003584000,-0.281553398,-1.216494845,5.000000000,1,1,0,2821,0
3585,0.003585000,-0.281553398,-1.224742268,5.000000000,1,1,0,2822,0
3586,0.003586000,-0.281553398,-1.232989691,5.000000000,1,1,0,2823,0
3587,0.003587000,-0.281553398,-1.241237113,5.000000000,1,1,0,2824,0
3588,0.003588000,-0.281553398,-1.249484536,5.000000000,1,1,0,2825,0
3589,0.003589000,-0.281553398,-1.257731959,5.000000000,1,1,0,2826,0
3590,0.003590000,-0.281553398,-1.265979381,5.000000000,1,1,0,2827,0
3591,0.003591000,-0.281553398,-1.274226804,5.000000000,1,1,0,2828,0
3592,0.003592000,-0.281553398,-1.282474227,5.000000000,1,1,0,2829,0
3593,0.003593000,-0.281553398,-1.290721649,5.000000000,1,1,0,2830,0
3594,0.003594000,-0.281553398,-1.298969072,5.000000000,1,1,0,2831,0
3595,0.003595000,-0.281553398,-1.307216495,5.000000000,1,1,0,2832,0
3596,0.003596000,-0.281553398,-1.315463918,5.000000000,1,1,0,2833,0
3597,0.003597000,-0.281553398,-1.323711340,5.000000000,1,1,0,2834,0
3598,0.003598000,-0.281553398,-1.331958763,5.000000000,1,1,0,2835,0
3599,0.003599000,-0.281553398,-1.340206186,5.000000000,1,1,0,2836,0
3600,0.003600000,-0.281553398,-1.348453608,5.000000000,1,1,0,2837,0
3601,0.003601000,-0.281553398,-1.356701031,5.000000000,1,1,0,2838,0
3602,0.003602000,-0.281553398,-1.364948454,5.000000000,1,1,0,2839,0
3603,0.003603000,-0.281553398,-1.373195876,5.000000000,1,1,0,2840,0
3604,0.003604000,-0.281553398,-1.381443299,5.000000000,1,1,0,2841,0
3605,0.003605000,-0.281553398,-1.389690722,5.000000000,1,1,0,2842,0
3606,0.003606000,-0.281553398,-1.397938144,5.000000000,1,1,0,2843,0
3607,0.003607000,-0.281553398,-1.406185567,5.000000000,1,1,0,2844,0
3608,0.003608000,-0.281553398,-1.414432990,5.000000000,1,1,0,2845,0
3609,0.003609000,-0.281553398,-1.422680412,5.000000000,1,1,0,2846,0
3610,0.003610000,-0.281553398,-1.430927835,5.000000000,1,1,0,2847,0
3611,0.003611000,-0.281553398,-1.439175258,5.000000000,1,1,0,2848,0
3612,0.003612000,-0.281553398,-1.447422680,5.000000000,1,1,0,2849,0
3613,0.003613000,-0.281553398,-1.455670103,5.000000000,1,1,0,2850,0
3614,0.003614000,-0.281553398,-1.463917526,5.000000000,1,1,0,2851,0
3615,0.003615000,-0.281553398,-1.472164948,5.000000000,1,1,0,2852,0
3616,0.003616000,-0.281553398,-1.480412371,5.000000000,1,1,0,2853,0
3617,0.003617000,-0.281553398,-1.488659794,5.000000000,1,1,0,2854,0
3618,0.003618000,-0.281553398,-1.496907216,5.000000000,1,1,0,2855,0
3619,0.003619000,-0.281553398,-1.505154639,5.000000000,1,1,0,2856,0
3620,0.003620000,-0.281553398,-1.513402062,5.000000000,1,1,0,2857,0
3621,0.003621000,-0.281553398,-1.521649485,5.000000000,1,1,0,2858,0
3622,0.003622000,-0.281553398,-1.529896907,5.000000000,1,1,0,2859,0
3623,0.003623000,-0.281553398,-1.538144330,5.000000000,1,1,0,2860,0
3624,0.003624000,-0.281553398,-1.546391753,5.000000000,1,1,0,2861,0
3625,0.003625000,-0.281553398,-1.554639175,5.000000000,1,1,0,2862,0
3626,0.003626000,-0.281553398,-1.562886598,5.000000000,1,1,0,2863,0
3627,0.003627000,-0.281553398,-1.571134021,5.000000000,1,1,0,2864,0
3628,0.003628000,-0.281553398,-1.579381443,5.000000000,1,1,0,2865,0
3629,0.003629000,-0.281553398,-1.587628866,5.000000000,1,1,0,2866,0
3630,0.003630000,-0.281553398,-1.595876289,5.000000000,1,1,0,2867,0
3631,0.003631000,-0.281553398,-1.604123711,5.000000000,1,1,0,2868,0
3632,0.003632000,-0.281553398,-1.612371134,5.000000000,1,1,0,2869,0
3633,0.003633000,-0.281553398,-1.620618557,5.000000000,1,1,0,2870,0
3634,0.003634000,-0.281553398,-1.628865979,5.000000000,1,1,0,2871,0
3635,0.003635000,-0.281553398,-1.637113402,5.000000000,1,1,0,2872,0
3636,0.003636000,-0.281553398,-1.645360825,5.000000000,1,1,0,2873,0
3637,0.003637000,-0.281553398,-1.653608247,5.000000000,1,1,0,2874,0
3638,0.003638000,-0.281553398,-1.661855670,5.000000000,1,1,0,2875,0
3639,0.003639000,-0.281553398,-1.670103093,5.000000000,1,1,0,2876,0
3640,0.003640000,-0.281553398,-1.678350515,5.000000000,1,1,0,2877,0
3641,0.003641000,-0.281553398,-1.686597938,5.000000000,1,1,0,2878,0
3642,0.003642000,-0.281553398,-1.694845361,5.000000000,1,1,0,2879,0
3643,0.003643000,-0.281553398,-1.703092784,5.000000000,1,1,0,2880,0
3644,0.003644000,-0.281553398,-1.711340206,5.000000000,1,1,0,2881,0
3645,0.003645000,-0.281553398,-1.719587629,5.000000000,1,1,0,2882,0
3646,0.003646000,-0.281553398,-1.727835052,5.000000000,1,1,0,2883,0
3647,0.003647000,-0.281553398,-1.736082474,5.000000000,1,1,0,2884,0
3648,0.003648000,-0.291262136,-1.744329897,5.000000000,1,1,0,2885,0
3649,0.003649000,-0.291262136,-1.752577320,5.000000000,1,1,0,2886,0
3650,0.003650000,-0.291262136,-1.760824742,5.000000000,1,1,0,2887,0
3651,0.003651000,-0.291262136,-1.769072165,5.000000000,1,1,0,2888,0
3652,0.003652000,-0.291262136,-1.777319588,5.000000000,1,1,0,2889,0
3653,0.003653000,-0.291262136,-1.785567010,5.000000000,1,1,0,2890,0
3654,0.003654000,-0.291262136,-1.793814433,5.000000000,1,1,0,2891,0
3655,0.003655000,-0.291262136,-1.802061856,5.000000000,1,1,0,2892,0
3656,0.003656000,-0.300970874,-1.802061856,5.000000000,1,0,0,2892,1
3657,0.003657000,-0.300970874,-1.793814433,5.000000000,1,1,0,2893,0
3658,0.003658000,-0.300970874,-1.785567010,5.000000000,1,1,0,2894,0
3659,0.003659000,-0.300970874,-1.777319588,5.000000000,1,1,0,2895,0
3660,0.003660000,-0.300970874,-1.769072165,5.000000000,1,1,0,2896,0
3661,0.003661000,-0.300970874,-1.760824742,5.000000000,1,1,0,2897,0
3662,0.003662000,-0.300970874,-1.752577320,5.000000000,1,1,0,2898,0
3663,0.003663000,-0.300970874,-1.744329897,5.000000000,1,1,0,2899,0
3664,0.003664000,-0.310679612,-1.810309278,5.000000000,1,1,0,2900,0
3665,0.003665000,-0.310679612,-1.818556701,5.000000000,1,1,0,2901,0
3666,0.003666000,-0.310679612,-1.826804124,5.000000000,1,1,0,2902,0
3667,0.003667000,-0.310679612,-1.835051546,5.000000000,1,1,0,2903,0
3668,0.003668000,-0.310679612,-1.843298969,5.000000000,1,1,0,2904,0
3669,0.003669000,-0.320388350,-1.851546392,5.000000000,1,1,0,2905,0
3670,0.003670000,-0.320388350,-1.859793814,5.000000000,1,1,0,2906,0
3671,0.003671000,-0.320388350,-1.868041237,5.000000000,1,1,0,2907,0
3672,0.003672000,-0.320388350,-1.876288660,5.000000000,1,1,0,2908,0
3673,0.003673000,-0.330097087,-1.876288660,5.000000000,1,0,0,2908,1
3674,0.003674000,-0.330097087,-1.868041237,5.000000000,1,1,0,2909,0
3675,0.003675000,-0.330097087,-1.859793814,5.000000000,1,1,0,2910,0
3676,0.003676000,-0.330097087,-1.851546392,5.000000000,1,1,0,2911,0
3677,0.003677000,-0.339805825,-1.884536082,5.000000000,1,1,0,2912,0
3678,0.003678000,-0.339805825,-1.892783505,5.000000000,1,1,0,2913,0
3679,0.003679000,-0.349514563,-1.892783505,5.000000000,1,0,0,2913,1
3680,0.003680000,-0.349514563,-1.884536082,5.000000000,1,1,0,2914,0
3681,0.003681000,-0.359223301,-1.901030928,5.000000000,1,1,0,2915,0
3682,0.003682000,-0.359223301,-1.909278351,5.000000000,1,1,0,2916,0
3683,0.003683000,-0.368932039,-1.909278351,5.000000000,1,0,0,2916,1
3684,0.003684000,-0.368932039,-1.901030928,5.000000000,1,1,0,2917,0
3685,0.003685000,-0.378640777,-1.917525773,5.000000000,1,1,0,2918,0
3686,0.003686000,-0.378640777,-1.925773196,5.000000000,1,1,0,2919,0
3687,0.003687000,-0.388349515,-1.925773196,5.000000000,1,0,0,2919,1
3688,0.003688000,-0.388349515,-1.917525773,5.000000000,1,1,0,2920,0
3689,0.003689000,-0.398058252,-1.934020619,5.000000000,1,1,0,2921,0
3690,0.003690000,-0.398058252,-1.942268041,5.000000000,1,1,0,2922,0
3691,0.003691000,-0.407766990,-1.942268041,5.000000000,1,0,0,2922,1
3692,0.003692000,-0.407766990,-1.934020619,5.000000000,1,1,0,2923,0
3693,0.003693000,-0.417475728,-1.950515464,5.000000000,1,1,0,2924,0
3694,0.003694000,-0.417475728,-1.958762887,5.000000000,1,1,0,2925,0
3695,0.003695000,-0.427184466,-1.958762887,5.000000000,1,0,0,2925,1
3696,0.003696000,-0.436893204,-1.958762887,5.000000000,1,0,0,2925,2
3697,0.003697000,-0.446601942,-1.958762887,5.000000000,1,0,0,2925,3
3698,0.003698000,-0.446601942,-1.950515464,5.000000000,1,1,0,2926,0
3699,0.003699000,-0.436893204,-1.950515464,5.000000000,1,0,0,2926,1
3700,0.003700000,-0.427184466,-1.950515464,5.000000000,1,0,0,2926,2
3701,0.003701000,-0.456310680,-1.967010309,5.000000000,1,1,0,2927,0
3702,0.003702000,-0.456310680,-1.975257732,5.000000000,1,1,0,2928,0
3703,0.003703000,-0.466019417,-1.975257732,5.000000000,1,0,0,2928,1
3704,0.003704000,-0.475728155,-1.975257732,5.000000000,1,0,0,2928,2
3705,0.003705000,-0.485436893,-1.975257732,5.000000000,1,0,0,2928,3
3706,0.003706000,-0.495145631,-1.975257732,5.000000000,1,0,0,2928,4
3707,0.003707000,-0.495145631,-1.967010309,5.000000000,1,1,0,2929,0
3708,0.003708000,-0.485436893,-1.967010309,5.000000000,1,0,0,2929,1
3709,0.003709000,-0.475728155,-1.967010309,5.000000000,1,0,0,2929,2
3710,0.003710000,-0.466019417,-1.967010309,5.000000000,1,0,0,2929,3
3711,0.003711000,-0.504854369,-1.983505155,5.000000000,1,1,0,2930,0
3712,0.003712000,-0.514563107,-1.983505155,5.000000000,1,0,0,2930,1
3713,0.003713000,-0.524271845,-1.983505155,5.000000000,1,0,0,2930,2
3714,0.003714000,-0.533980583,-1.983505155,5.000000000,1,0,0,2930,3
3715,0.003715000,-0.543689320,-1.983505155,5.000000000,1,0,0,2930,4
3716,0.003716000,-0.553398058,-1.983505155,5.000000000,1,0,0,2930,5
3717,0.003717000,-0.563106796,-1.983505155,5.000000000,1,0,0,2930,6
3718,0.003718000,-0.572815534,-1.983505155,5.000000000,1,0,0,2930,7
3719,0.003719000,-0.582524272,-1.983505155,5.000000000,1,0,0,2930,8
3720,0.003720000,-0.592233010,-1.983505155,5.000000000,1,0,0,2930,9
3721,0.003721000,-0.601941748,-1.983505155,5.000000000,1,0,0,2930,10
3722,0.003722000,-0.611650485,-1.983505155,5.000000000,1,0,0,2930,11
3723,0.003723000,-0.621359223,-1.983505155,5.000000000,1,0,0,2930,12
3724,0.003724000,-0.631067961,-1.983505155,5.000000000,1,0,0,2930,13
3725,0.003725000,-0.640776699,-1.975257732,5.000000000,1,1,0,2931,0
3726,0.003726000,-0.650485437,-1.975257732,5.000000000,1,0,0,2931,1
3727,0.003727000,-0.660194175,-1.975257732,5.000000000,1,0,0,2931,2
3728,0.003728000,-0.669902913,-1.975257732,5.000000000,1,0,0,2931,3
3729,0.003729000,-0.679611650,-1.975257732,5.000000000,1,0,0,2931,4
3730,0.003730000,-0.679611650,-1.967010309,5.000000000,1,1,0,2932,0
3731,0.003731000,-0.669902913,-1.967010309,5.000000000,1,0,0,2932,1
3732,0.003732000,-0.660194175,-1.967010309,5.000000000,1,0,0,2932,2
3733,0.003733000,-0.650485437,-1.967010309,5.000000000,1,0,0,2932,3
3734,0.003734000,-0.640776699,-1.967010309,5.000000000,1,0,0,2932,4
3735,0.003735000,-0.689320388,-1.958762887,5.000000000,1,1,0,2933,0
3736,0.003736000,-0.699029126,-1.958762887,5.000000000,1,0,0,2933,1
3737,0.003737000,-0.708737864,-1.958762887,5.000000000,1,0,0,2933,2
3738,0.003738000,-0.718446602,-1.958762887,5.000000000,1,0,0,2933,3
3739,0.003739000,-0.718446602,-1.950515464,5.000000000,1,1,0,2934,0
3740,0.003740000,-0.708737864,-1.950515464,5.000000000,1,0,0,2934,1
3741,0.003741000,-0.699029126,-1.950515464,5.000000000,1,0,0,2934,2
3742,0.003742000,-0.689320388,-1.950515464,5.000000000,1,0,0,2934,3
3743,0.003743000,-0.728155340,-1.942268041,5.000000000,1,1,0,2935,0
3744,0.003744000,-0.737864078,-1.942268041,5.000000000,1,0,0,2935,1
3745,0.003745000,-0.737864078,-1.934020619,5.000000000,1,1,0,2936,0
3746,0.003746000,-0.728155340,-1.934020619,5.000000000,1,0,0,2936,1
3747,0.003747000,-0.747572816,-1.925773196,5.000000000,1,1,0,2937,0
3748,0.003748000,-0.757281553,-1.925773196,5.000000000,1,0,0,2937,1
3749,0.003749000,-0.757281553,-1.917525773,5.000000000,1,1,0,2938,0
3750,0.003750000,-0.747572816,-1.917525773,5.000000000,1,0,0,2938,1
3751,0.003751000,-0.766990291,-1.909278351,5.000000000,1,1,0,2939,0
3752,0.003752000,-0.776699029,-1.909278351,5.000000000,1,0,0,2939,1
3753,0.003753000,-0.776699029,-1.901030928,5.000000000,1,1,0,2940,0
3754,0.003754000,-0.766990291,-1.901030928,5.000000000,1,0,0,2940,1
3755,0.003755000,-0.786407767,-1.892783505,5.000000000,1,1,0,2941,0
3756,0.003756000,-0.796116505,-1.892783505,5.000000000,1,0,0,2941,1
3757,0.003757000,-0.796116505,-1.884536082,5.000000000,1,1,0,2942,0
3758,0.003758000,-0.786407767,-1.884536082,5.000000000,1,0,0,2942,1
3759,0.003759000,-0.805825243,-1.876288660,5.000000000,1,1,0,2943,0
3760,0.003760000,-0.815533981,-1.876288660,5.000000000,1,0,0,2943,1
3761,0.003761000,-0.815533981,-1.868041237,5.000000000,1,1,0,2944,0
3762,0.003762000,-0.805825243,-1.868041237,5.000000000,1,0,0,2944,1
3763,0.003763000,-0.805825243,-1.859793814,5.000000000,1,1,0,2945,0
3764,0.003764000,-0.815533981,-1.859793814,5.000000000,1,0,0,2945,1
3765,0.003765000,-0.815533981,-1.851546392,5.000000000,1,1,0,2946,0
3766,0.003766000,-0.805825243,-1.851546392,5.000000000,1,0,0,2946,1
3767,0.003767000,-0.825242718,-1.843298969,5.000000000,1,1,0,2947,0
3768,0.003768000,-0.825242718,-1.835051546,5.000000000,1,1,0,2948,0
3769,0.003769000,-0.825242718,-1.826804124,5.000000000,1,1,0,2949,0
3770,0.003770000,-0.825242718,-1.818556701,5.000000000,1,1,0,2950,0
3771,0.003771000,-0.825242718,-1.810309278,5.000000000,1,1,0,2951,0
3772,0.003772000,-0.834951456,-1.802061856,5.000000000,1,1,0,2952,0
3773,0.003773000,-0.844660194,-1.802061856,5.000000000,1,0,0,2952,1
3774,0.003774000,-0.844660194,-1.793814433,5.000000000,1,1,0,2953,0
3775,0.003775000,-0.834951456,-1.793814433,5.000000000,1,0,0,2953,1
3776,0.003776000,-0.834951456,-1.785567010,5.000000000,1,1,0,2954,0
3777,0.003777000,-0.844660194,-1.785567010,5.000000000,1,0,0,2954,1
3778,0.003778000,-0.844660194,-1.777319588,5.000000000,1,1,0,2955,0
3779,0.003779000,-0.834951456,-1.777319588,5.000000000,1,0,0,2955,1
3780,0.003780000,-0.834951456,-1.769072165,5.000000000,1,1,0,2956,0
3781,0.003781000,-0.844660194,-1.769072165,5.000000000,1,0,0,2956,1
3782,0.003782000,-0.844660194,-1.760824742,5.000000000,1,1,0,2957,0
3783,0.003783000,-0.834951456,-1.760824742,5.000000000,1,0,0,2957,1
3784,0.003784000,-0.834951456,-1.752577320,5.000000000,1,1,0,2958,0
3785,0.003785000,-0.844660194,-1.752577320,5.000000000,1,0,0,2958,1
3786,0.003786000,-0.844660194,-1.744329897,5.000000000,1,1,0,2959,0
3787,0.003787000,-0.834951456,-1.744329897,5.000000000,1,0,0,2959,1
3788,0.003788000,-0.854368932,-1.736082474,5.000000000,1,1,0,2960,0
3789,0.003789000,-0.854368932,-1.727835052,5.000000000,1,1,0,2961,0
3790,0.003790000,-0.854368932,-1.719587629,5.000000000,1,1,0,2962,0
3791,0.003791000,-0.854368932,-1.711340206,5.000000000,1,1,0,2963,0
3792,0.003792000,-0.854368932,-1.703092784,5.000000000,1,1,0,2964,0
3793,0.003793000,-0.854368932,-1.694845361,5.000000000,1,1,0,2965,0
3794,0.003794000,-0.854368932,-1.686597938,5.000000000,1,1,0,2966,0
3795,0.003795000,-0.854368932,-1.678350515,5.000000000,1,1,0,2967,0
3796,0.003796000,-0.854368932,-1.670103093,5.000000000,1,1,0,2968,0
3797,0.003797000,-0.854368932,-1.661855670,5.000000000,1,1,0,2969,0
3798,0.003798000,-0.854368932,-1.653608247,5.000000000,1,1,0,2970,0
3799,0.003799000,-0.854368932,-1.645360825,5.000000000,1,1,0,2971,0
3800,0.003800000,-0.854368932,-1.637113402,5.000000000,1,1,0,2972,0
3801,0.003801000,-0.854368932,-1.628865979,5.000000000,1,1,0,2973,0
3802,0.003802000,-0.854368932,-1.620618557,5.000000000,1,1,0,2974,0
3803,0.003803000,-0.854368932,-1.612371134,5.000000000,1,1,0,2975,0
3804,0.003804000,-0.854368932,-1.604123711,5.000000000,1,1,0,2976,0
3805,0.003805000,-0.854368932,-1.595876289,5.000000000,1,1,0,2977,0
3806,0.003806000,-0.854368932,-1.587628866,5.000000000,1,1,0,2978,0
3807,0.003807000,-0.854368932,-1.579381443,5.000000000,1,1,0,2979,0
3808,0.003808000,-0.854368932,-1.571134021,5.000000000,1,1,0,2980,0
3809,0.003809000,-0.854368932,-1.562886598,5.000000000,1,1,0,2981,0
3810,0.003810000,-0.854368932,-1.554639175,5.000000000,1,1,0,2982,0
3811,0.003811000,-0.854368932,-1.546391753,5.000000000,1,1,0,2983,0
3812,0.003812000,-0.854368932,-1.538144330,5.000000000,1,1,0,2984,0
3813,0.003813000,-0.854368932,-1.529896907,5.000000000,1,1,0,2985,0
3814,0.003814000,-0.854368932,-1.521649485,5.000000000,1,1,0,2986,0
3815,0.003815000,-0.854368932,-1.513402062,5.000000000,1,1,0,2987,0
3816,0.003816000,-0.854368932,-1.505154639,5.000000000,1,1,0,2988,0
3817,0.003817000,-0.854368932,-1.496907216,5.000000000,1,1,0,2989,0
3818,0.003818000,-0.854368932,-1.488659794,5.000000000,1,1,0,2990,0
3819,0.003819000,-0.854368932,-1.480412371,5.000000000,1,1,0,2991,0
3820,0.003820000,-0.854368932,-1.472164948,5.000000000,1,1,0,2992,0
3821,0.003821000,-0.854368932,-1.463917526,5.000000000,1,1,0,2993,0
3822,0.003822000,-0.854368932,-1.455670103,5.000000000,1,1,0,2994,0
3823,0.003823000,-0.854368932,-1.447422680,5.000000000,1,1,0,2995,0
3824,0.003824000,-0.854368932,-1.439175258,5.000000000,1,1,0,2996,0
3825,0.003825000,-0.854368932,-1.430927835,5.000000000,1,1,0,2997,0
3826,0.003826000,-0.854368932,-1.422680412,5.000000000,1,1,0,2998,0
3827,0.003827000,-0.854368932,-1.414432990,5.000000000,1,1,0,2999,0
3828,0.003828000,-0.854368932,-1.406185567,5.000000000,1,1,0,3000,0
3829,0.003829000,-0.854368932,-1.397938144,5.000000000,1,1,0,3001,0
3830,0.003830000,-0.854368932,-1.389690722,5.000000000,1,1,0,3002,0
3831,0.003831000,-0.854368932,-1.381443299,5.000000000,1,1,0,3003,0
3832,0.003832000,-0.854368932,-1.373195876,5.000000000,1,1,0,3004,0
3833,0.003833000,-0.854368932,-1.364948454,5.000000000,1,1,0,3005,0
3834,0.003834000,-0.854368932,-1.356701031,5.000000000,1,1,0,3006,0
3835,0.003835000,-0.854368932,-1.348453608,5.000000000,1,1,0,3007,0
3836,0.003836000,-0.854368932,-1.340206186,5.000000000,1,1,0,3008,0
3837,0.003837000,-0.854368932,-1.331958763,5.000000000,1,1,0,3009,0
3838,0.003838000,-0.854368932,-1.323711340,5.000000000,1,1,0,3010,0
3839,0.003839000,-0.854368932,-1.315463918,5.000000000,1,1,0,3011,0
3840,0.003840000,-0.854368932,-1.307216495,5.000000000,1,1,0,3012,0
3841,0.003841000,-0.854368932,-1.298969072,5.000000000,1,1,0,3013,0
3842,0.003842000,-0.854368932,-1.290721649,5.000000000,1,1,0,3014,0
3843,0.003843000,-0.854368932,-1.282474227,5.000000000,1,1,0,3015,0
3844,0.003844000,-0.854368932,-1.274226804,5.000000000,1,1,0,3016,0
3845,0.003845000,-0.854368932,-1.265979381,5.000000000,1,1,0,3017,0
3846,0.003846000,-0.854368932,-1.257731959,5.000000000,1,1,0,3018,0
3847,0.003847000,-0.854368932,-1.249484536,5.000000000,1,1,0,3019,0
3848,0.003848000,-0.854368932,-1.241237113,5.000000000,1,1,0,3020,0
3849,0.003849000,-0.854368932,-1.232989691,5.000000000,1,1,0,3021,0
3850,0.003850000,-0.854368932,-1.224742268,5.000000000,1,1,0,3022,0
3851,0.003851000,-0.854368932,-1.216494845,5.000000000,1,1,0,3023,0
3852,0.003852000,-0.854368932,-1.208247423,5.000000000,1,1,0,3024,0
3853,0.003853000,-0.854368932,-1.200000000,5.000000000,1,1,0,3025,0
3854,0.003854000,-0.854368932,-1.191752577,5.000000000,1,1,0,3026,0
3855,0.003855000,-0.854368932,-1.183505155,5.000000000,1,1,0,3027,0
3856,0.003856000,-0.854368932,-1.175257732,5.000000000,1,1,0,3028,0
3857,0.003857000,-0.854368932,-1.167010309,5.000000000,1,1,0,3029,0
3858,0.003858000,-0.854368932,-1.158762887,5.000000000,1,1,0,3030,0
3859,0.003859000,-0.854368932,-1.150515464,5.000000000,1,1,0,3031,0
3860,0.003860000,-0.854368932,-1.142268041,5.000000000,1,1,0,3032,0
3861,0.003861000,-0.854368932,-1.134020619,5.000000000,1,1,0,3033,0
3862,0.003862000,-0.854368932,-1.125773196,5.000000000,1,1,0,3034,0
3863,0.003863000,-0.854368932,-1.117525773,5.000000000,1,1,0,3035,0
3864,0.003864000,-0.854368932,-1.109278351,5.000000000,1,1,0,3036,0
3865,0.003865000,-0.854368932,-1.101030928,5.000000000,1,1,0,3037,0
3866,0.003866000,-0.854368932,-1.092783505,5.000000000,1,1,0,3038,0
3867,0.003867000,-0.854368932,-1.084536082,5.000000000,1,1,0,3039,0
3868,0.003868000,-0.854368932,-1.076288660,5.000000000,1,1,0,3040,0
3869,0.003869000,-0.854368932,-1.068041237,5.000000000,1,1,0,3041,0
3870,0.003870000,-0.854368932,-1.059793814,5.000000000,1,1,0,3042,0
3871,0.003871000,-0.854368932,-1.051546392,5.000000000,1,1,0,3043,0
3872,0.003872000,-0.854368932,-1.043298969,5.000000000,1,1,0,3044,0
3873,0.003873000,-0.854368932,-1.035051546,5.000000000,1,1,0,3045,0
3874,0.003874000,-0.854368932,-1.026804124,5.000000000,1,1,0,3046,0
3875,0.003875000,-0.854368932,-1.018556701,5.000000000,1,1,0,3047,0
3876,0.003876000,-0.854368932,-1.010309278,5.000000000,1,1,0,3048,0
3877,0.003877000,-0.854368932,-1.002061856,5.000000000,1,1,0,3049,0
3878,0.003878000,-0.854368932,-0.993814433,5.000000000,1,1,0,3050,0
3879,0.003879000,-0.854368932,-0.985567010,5.000000000,1,1,0,3051,0
3880,0.003880000,-0.854368932,-0.977319588,5.000000000,1,1,0,3052,0
3881,0.003881000,-0.854368932,-0.969072165,5.000000000,1,1,0,3053,0
3882,0.003882000,-0.854368932,-0.960824742,5.000000000,1,1,0,3054,0
3883,0.003883000,-0.854368932,-0.952577320,5.000000000,1,1,0,3055,0
3884,0.003884000,-0.854368932,-0.944329897,5.000000000,1,1,0,3056,0
3885,0.003885000,-0.854368932,-0.936082474,5.000000000,1,1,0,3057,0
3886,0.003886000,-0.854368932,-0.927835052,5.000000000,1,1,0,3058,0
3887,0.003887000,-0.854368932,-0.919587629,5.000000000,1,1,0,3059,0
3888,0.003888000,-0.854368932,-0.911340206,5.000000000,1,1,0,3060,0
3889,0.003889000,-0.854368932,-0.903092784,5.000000000,1,1,0,3061,0
3890,0.003890000,-0.854368932,-0.894845361,5.000000000,1,1,0,3062,0
3891,0.003891000,-0.854368932,-0.886597938,5.000000000,1,1,0,3063,0
3892,0.003892000,-0.854368932,-0.878350515,5.000000000,1,1,0,3064,0
3893,0.003893000,-0.854368932,-0.870103093,5.000000000,1,1,0,3065,0
3894,0.003894000,-0.854368932,-0.861855670,5.000000000,1,1,0,3066,0
3895,0.003895000,-0.854368932,-0.853608247,5.000000000,1,1,0,3067,0
3896,0.003896000,-0.854368932,-0.845360825,5.000000000,1,1,0,3068,0
3897,0.003897000,-0.854368932,-0.837113402,5.000000000,1,1,0,3069,0
3898,0.003898000,-0.854368932,-0.828865979,5.000000000,1,1,0,3070,0
3899,0.003899000,-0.854368932,-0.820618557,5.000000000,1,1,0,3071,0
3900,0.003900000,-0.854368932,-0.812371134,5.000000000,1,1,0,3072,0
3901,0.003901000,-0.854368932,-0.804123711,5.000000000,1,1,0,3073,0
3902,0.003902000,-0.854368932,-0.795876289,5.000000000,1,1,0,3074,0
3903,0.003903000,-0.854368932,-0.787628866,5.000000000,1,1,0,3075,0
3904,0.003904000,-0.854368932,-0.779381443,5.000000000,1,1,0,3076,0
3905,0.003905000,-0.854368932,-0.771134021,5.000000000,1,1,0,3077,0
3906,0.003906000,-0.854368932,-0.762886598,5.000000000,1,1,0,3078,0
3907,0.003907000,-0.854368932,-0.754639175,5.000000000,1,1,0,3079,0
3908,0.003908000,-0.854368932,-0.746391753,5.000000000,1,1,0,3080,0
3909,0.003909000,-0.854368932,-0.738144330,5.000000000,1,1,0,3081,0
3910,0.003910000,-0.854368932,-0.729896907,5.000000000,1,1,0,3082,0
3911,0.003911000,-0.854368932,-0.721649485,5.000000000,1,1,0,3083,0
3912,0.003912000,-0.854368932,-0.713402062,5.000000000,1,1,0,3084,0
3913,0.003913000,-0.854368932,-0.705154639,5.000000000,1,1,0,3085,0
3914,0.003914000,-0.854368932,-0.696907216,5.000000000,1,1,0,3086,0
3915,0.003915000,-0.854368932,-0.688659794,5.000000000,1,1,0,3087,0
3916,0.003916000,-0.854368932,-0.680412371,5.000000000,1,1,0,3088,0
3917,0.003917000,-0.854368932,-0.672164948,5.000000000,1,1,0,3089,0
3918,0.003918000,-0.854368932,-0.663917526,5.000000000,1,1,0,3090,0
3919,0.003919000,-0.854368932,-0.655670103,5.000000000,1,1,0,3091,0
3920,0.003920000,-0.854368932,-0.647422680,5.000000000,1,1,0,3092,0
3921,0.003921000,-0.854368932,-0.639175258,5.000000000,1,1,0,3093,0
3922,0.003922000,-0.854368932,-0.630927835,5.000000000,1,1,0,3094,0
3923,0.003923000,-0.854368932,-0.622680412,5.000000000,1,1,0,3095,0
3924,0.003924000,-0.854368932,-0.614432990,5.000000000,1,1,0,3096,0
3925,0.003925000,-0.854368932,-0.606185567,5.000000000,1,1,0,3097,0
3926,0.003926000,-0.854368932,-0.597938144,5.000000000,1,1,0,3098,0
3927,0.003927000,-0.854368932,-0.589690722,5.000000000,1,1,0,3099,0
3928,0.003928000,-0.854368932,-0.581443299,5.000000000,1,1,0,3100,0
3929,0.003929000,-0.854368932,-0.573195876,5.000000000,1,1,0,3101,0
3930,0.003930000,-0.854368932,-0.564948454,5.000000000,1,1,0,3102,0
3931,0.003931000,-0.854368932,-0.556701031,5.000000000,1,1,0,3103,0
3932,0.003932000,-0.854368932,-0.548453608,5.000000000,1,1,0,3104,0
3933,0.003933000,-0.854368932,-0.540206186,5.000000000,1,1,0,3105,0
3934,0.003934000,-0.854368932,-0.531958763,5.000000000,1,1,0,3106,0
3935,0.003935000,-0.854368932,-0.523711340,5.000000000,1,1,0,3107,0
3936,0.003936000,-0.854368932,-0.515463918,5.000000000,1,1,0,3108,0
3937,0.003937000,-0.854368932,-0.507216495,5.000000000,1,1,0,3109,0
3938,0.003938000,-0.854368932,-0.498969072,5.000000000,1,1,0,3110,0
3939,0.003939000,-0.854368932,-0.490721649,5.000000000,1,1,0,3111,0
3940,0.003940000,-0.854368932,-0.482474227,5.000000000,1,1,0,3112,0
3941,0.003941000,-0.854368932,-0.474226804,5.000000000,1,1,0,3113,0
3942,0.003942000,-0.854368932,-0.465979381,5.000000000,1,1,0,3114,0
3943,0.003943000,-0.854368932,-0.457731959,5.000000000,1,1,0,3115,0
3944,0.003944000,-0.854368932,-0.449484536,5.000000000,1,1,0,3116,0
3945,0.003945000,-0.854368932,-0.441237113,5.000000000,1,1,0,3117,0
3946,0.003946000,-0.854368932,-0.432989691,5.000000000,1,1,0,3118,0
3947,0.003947000,-0.854368932,-0.424742268,5.000000000,1,1,0,3119,0
3948,0.003948000,-0.854368932,-0.416494845,5.000000000,1,1,0,3120,0
3949,0.003949000,-0.854368932,-0.408247423,5.000000000,1,1,0,3121,0
3950,0.003950000,-0.854368932,-0.400000000,5.000000000,1,1,0,3122,0
3951,0.003951000,-0.854368932,-0.391752577,5.000000000,1,1,0,3123,0
3952,0.003952000,-0.854368932,-0.383505155,5.000000000,1,1,0,3124,0
3953,0.003953000,-0.854368932,-0.375257732,5.000000000,1,1,0,3125,0
3954,0.003954000,-0.854368932,-0.367010309,5.000000000,1,1,0,3126,0
3955,0.003955000,-0.854368932,-0.358762887,5.000000000,1,1,0,3127,0
3956,0.003956000,-0.854368932,-0.350515464,5.000000000,1,1,0,3128,0
3957,0.003957000,-0.854368932,-0.342268041,5.000000000,1,1,0,3129,0
3958,0.003958000,-0.854368932,-0.334020619,5.000000000,1,1,0,3130,0
3959,0.003959000,-0.854368932,-0.325773196,5.000000000,1,1,0,3131,0
3960,0.003960000,-0.854368932,-0.317525773,5.000000000,1,1,0,3132,0
3961,0.003961000,-0.854368932,-0.309278351,5.000000000,1,1,0,3133,0
3962,0.003962000,-0.854368932,-0.301030928,5.000000000,1,1,0,3134,0
3963,0.003963000,-0.854368932,-0.292783505,5.000000000,1,1,0,3135,0
3964,0.003964000,-0.854368932,-0.284536082,5.000000000,1,1,0,3136,0
3965,0.003965000,-0.854368932,-0.276288660,5.000000000,1,1,0,3137,0
3966,0.003966000,-0.854368932,-0.268041237,5.000000000,1,1,0,3138,0
3967,0.003967000,-0.854368932,-0.259793814,5.000000000,1,1,0,3139,0
3968,0.003968000,-0.854368932,-0.251546392,5.000000000,1,1,0,3140,0
3969,0.003969000,-0.854368932,-0.243298969,5.000000000,1,1,0,3141,0
3970,0.003970000,-0.854368932,-0.235051546,5.000000000,1,1,0,3142,0
3971,0.003971000,-0.854368932,-0.226804124,5.000000000,1,1,0,3143,0
3972,0.003972000,-0.854368932,-0.218556701,5.000000000,1,1,0,3144,0
3973,0.003973000,-0.854368932,-0.210309278,5.000000000,1,1,0,3145,0
3974,0.003974000,-0.854368932,-0.202061856,5.000000000,1,1,0,3146,0
3975,0.003975000,-0.854368932,-0.193814433,5.000000000,1,1,0,3147,0
3976,0.003976000,-0.854368932,-0.185567010,5.000000000,1,1,0,3148,0
3977,0.003977000,-0.854368932,-0.177319588,5.000000000,1,1,0,3149,0
3978,0.003978000,-0.854368932,-0.169072165,5.000000000,1,1,0,3150,0
3979,0.003979000,-0.854368932,-0.160824742,5.000000000,1,1,0,3151,0
3980,0.003980000,-0.854368932,-0.152577320,5.000000000,1,1,0,3152,0
3981,0.003981000,-0.854368932,-0.144329897,5.000000000,1,1,0,3153,0
3982,0.003982000,-0.854368932,-0.136082474,5.000000000,1,1,0,3154,0
3983,0.003983000,-0.854368932,-0.127835052,5.000000000,1,1,0,3155,0
3984,0.003984000,-0.854368932,-0.119587629,5.000000000,1,1,0,3156,0
3985,0.003985000,-0.854368932,-0.111340206,5.000000000,1,1,0,3157,0
3986,0.003986000,-0.854368932,-0.103092784,5.000000000,1,1,0,3158,0
3987,0.003987000,-0.854368932,-0.094845361,5.000000000,1,1,0,3159,0
3988,0.003988000,-0.854368932,-0.086597938,5.000000000,1,1,0,3160,0
3989,0.003989000,-0.854368932,-0.078350515,5.000000000,1,1,0,3161,0
3990,0.003990000,-0.854368932,-0.070103093,5.000000000,1,1,0,3162,0
3991,0.003991000,-0.854368932,-0.061855670,5.000000000,1,1,0,3163,0
3992,0.003992000,-0.854368932,-0.053608247,5.000000000,1,1,0,3164,0
3993,0.003993000,-0.854368932,-0.045360825,5.000000000,1,1,0,3165,0
3994,0.003994000,-0.854368932,-0.037113402,5.000000000,1,1,0,3166,0
3995,0.003995000,-0.854368932,-0.028865979,5.000000000,1,1,0,3167,0
3996,0.003996000,-0.854368932,-0.020618557,5.000000000,1,1,0,3168,0
3997,0.003997000,-0.854368932,-0.012371134,5.000000000,1,1,0,3169,0
3998,0.003998000,-0.854368932,-0.004123711,5.000000000,1,1,0,3170,0
3999,0.003999000,-0.854368932,0.004123711,5.000000000,1,1,0,3171,0
4000,0.004000000,-0.854368932,0.012371134,5.000000000,1,1,0,3172,0
4001,0.004001000,-0.854368932,0.020618557,5.000000000,1,1,0,3173,0
4002,0.004002000,-0.854368932,0.028865979,5.000000000,1,1,0,3174,0
4003,0.004003000,-0.854368932,0.037113402,5.000000000,1,1,0,3175,0
4004,0.004004000,-0.854368932,0.045360825,5.000000000,1,1,0,3176,0
4005,0.004005000,-0.854368932,0.053608247,5.000000000,1,1,0,3177,0
4006,0.004006000,-0.854368932,0.061855670,5.000000000,1,1,0,3178,0
4007,0.004007000,-0.854368932,0.070103093,5.000000000,1,1,0,3179,0
4008,0.004008000,-0.854368932,0.078350515,5.000000000,1,1,0,3180,0
4009,0.004009000,-0.854368932,0.086597938,5.000000000,1,1,0,3181,0
4010,0.004010000,-0.854368932,0.094845361,5.000000000,1,1,0,3182,0
4011,0.004011000,-0.854368932,0.103092784,5.000000000,1,1,0,3183,0
4012,0.004012000,-0.854368932,0.111340206,5.000000000,1,1,0,3184,0
4013,0.004013000,-0.854368932,0.119587629,5.000000000,1,1,0,3185,0
4014,0.004014000,-0.854368932,0.127835052,5.000000000,1,1,0,3186,0
4015,0.004015000,-0.854368932,0.136082474,5.000000000,1,1,0,3187,0
4016,0.004016000,-0.854368932,0.144329897,5.000000000,1,1,0,3188,0
4017,0.004017000,-0.854368932,0.152577320,5.000000000,1,1,0,3189,0
4018,0.004018000,-0.854368932,0.160824742,5.000000000,1,1,0,3190,0
4019,0.004019000,-0.854368932,0.169072165,5.000000000,1,1,0,3191,0
4020,0.004020000,-0.854368932,0.177319588,5.000000000,1,1,0,3192,0
4021,0.004021000,-0.854368932,0.185567010,5.000000000,1,1,0,3193,0
4022,0.004022000,-0.854368932,0.193814433,5.000000000,1,1,0,3194,0
4023,0.004023000,-0.854368932,0.202061856,5.000000000,1,1,0,3195,0
4024,0.004024000,-0.854368932,0.210309278,5.000000000,1,1,0,3196,0
4025,0.004025000,-0.854368932,0.218556701,5.000000000,1,1,0,3197,0
4026,0.004026000,-0.854368932,0.226804124,5.000000000,1,1,0,3198,0
4027,0.004027000,-0.854368932,0.235051546,5.000000000,1,1,0,3199,0
4028,0.004028000,-0.854368932,0.243298969,5.000000000,1,1,0,3200,0
4029,0.004029000,-0.854368932,0.251546392,5.000000000,1,1,0,3201,0
4030,0.004030000,-0.854368932,0.259793814,5.000000000,1,1,0,3202,0
4031,0.004031000,-0.854368932,0.268041237,5.000000000,1,1,0,3203,0
4032,0.004032000,-0.854368932,0.276288660,5.000000000,1,1,0,3204,0
4033,0.004033000,-0.854368932,0.284536082,5.000000000,1,1,0,3205,0
4034,0.004034000,-0.854368932,0.292783505,5.000000000,1,1,0,3206,0
4035,0.004035000,-0.854368932,0.301030928,5.000000000,1,1,0,3207,0
4036,0.004036000,-0.854368932,0.309278351,5.000000000,1,1,0,3208,0
4037,0.004037000,-0.854368932,0.317525773,5.000000000,1,1,0,3209,0
4038,0.004038000,-0.854368932,0.325773196,5.000000000,1,1,0,3210,0
4039,0.004039000,-0.854368932,0.334020619,5.000000000,1,1,0,3211,0
4040,0.004040000,-0.854368932,0.342268041,5.000000000,1,1,0,3212,0
4041,0.004041000,-0.854368932,0.350515464,5.000000000,1,1,0,3213,0
4042,0.004042000,-0.854368932,0.358762887,5.000000000,1,1,0,3214,0
4043,0.004043000,-0.854368932,0.367010309,5.000000000,1,1,0,3215,0
4044,0.004044000,-0.854368932,0.375257732,5.000000000,1,1,0,3216,0
4045,0.004045000,-0.854368932,0.383505155,5.000000000,1,1,0,3217,0
4046,0.004046000,-0.854368932,0.391752577,5.000000000,1,1,0,3218,0
4047,0.004047000,-0.854368932,0.400000000,5.000000000,1,1,0,3219,0
4048,0.004048000,-0.854368932,0.408247423,5.000000000,1,1,0,3220,0
4049,0.004049000,-0.854368932,0.416494845,5.000000000,1,1,0,3221,0
4050,0.004050000,-0.854368932,0.424742268,5.000000000,1,1,0,3222,0
4051,0.004051000,-0.854368932,0.432989691,5.000000000,1,1,0,3223,0
4052,0.004052000,-0.854368932,0.441237113,5.000000000,1,1,0,3224,0
4053,0.004053000,-0.854368932,0.449484536,5.000000000,1,1,0,3225,0
4054,0.004054000,-0.854368932,0.457731959,5.000000000,1,1,0,3226,0
4055,0.004055000,-0.854368932,0.465979381,5.000000000,1,1,0,3227,0
4056,0.004056000,-0.854368932,0.474226804,5.000000000,1,1,0,3228,0
4057,0.004057000,-0.854368932,0.482474227,5.000000000,1,1,0,3229,0
4058,0.004058000,-0.854368932,0.490721649,5.000000000,1,1,0,3230,0
4059,0.004059000,-0.854368932,0.498969072,5.000000000,1,1,0,3231,0
4060,0.004060000,-0.854368932,0.507216495,5.000000000,1,1,0,3232,0
4061,0.004061000,-0.854368932,0.515463918,5.000000000,1,1,0,3233,0
4062,0.004062000,-0.854368932,0.523711340,5.000000000,1,1,0,3234,0
4063,0.004063000,-0.854368932,0.531958763,5.000000000,1,1,0,3235,0
4064,0.004064000,-0.854368932,0.540206186,5.000000000,1,1,0,3236,0
4065,0.004065000,-0.854368932,0.548453608,5.000000000,1,1,0,3237,0
4066,0.004066000,-0.854368932,0.556701031,5.000000000,1,1,0,3238,0
4067,0.004067000,-0.854368932,0.564948454,5.000000000,1,1,0,3239,0
4068,0.004068000,-0.854368932,0.573195876,5.000000000,1,1,0,3240,0
4069,0.004069000,-0.854368932,0.581443299,5.000000000,1,1,0,3241,0
4070,0.004070000,-0.854368932,0.589690722,5.000000000,1,1,0,3242,0
4071,0.004071000,-0.854368932,0.597938144,5.000000000,1,1,0,3243,0
4072,0.004072000,-0.854368932,0.606185567,5.000000000,1,1,0,3244,0
4073,0.004073000,-0.854368932,0.614432990,5.000000000,1,1,0,3245,0
4074,0.004074000,-0.854368932,0.622680412,5.000000000,1,1,0,3246,0
4075,0.004075000,-0.854368932,0.630927835,5.000000000,1,1,0,3247,0
4076,0.004076000,-0.854368932,0.639175258,5.000000000,1,1,0,3248,0
4077,0.004077000,-0.854368932,0.647422680,5.000000000,1,1,0,3249,0
4078,0.004078000,-0.854368932,0.655670103,5.000000000,1,1,0,3250,0
4079,0.004079000,-0.854368932,0.663917526,5.000000000,1,1,0,3251,0
4080,0.004080000,-0.854368932,0.672164948,5.000000000,1,1,0,3252,0
4081,0.004081000,-0.854368932,0.680412371,5.000000000,1,1,0,3253,0
4082,0.004082000,-0.854368932,0.688659794,5.000000000,1,1,0,3254,0
4083,0.004083000,-0.854368932,0.696907216,5.000000000,1,1,0,3255,0
4084,0.004084000,-0.854368932,0.705154639,5.000000000,1,1,0,3256,0
4085,0.004085000,-0.854368932,0.713402062,5.000000000,1,1,0,3257,0
4086,0.004086000,-0.854368932,0.721649485,5.000000000,1,1,0,3258,0
4087,0.004087000,-0.854368932,0.729896907,5.000000000,1,1,0,3259,0
4088,0.004088000,-0.854368932,0.738144330,5.000000000,1,1,0,3260,0
4089,0.004089000,-0.854368932,0.746391753,5.000000000,1,1,0,3261,0
4090,0.004090000,-0.854368932,0.754639175,5.000000000,1,1,0,3262,0
4091,0.004091000,-0.854368932,0.762886598,5.000000000,1,1,0,3263,0
4092,0.004092000,-0.854368932,0.771134021,5.000000000,1,1,0,3264,0
4093,0.004093000,-0.854368932,0.779381443,5.000000000,1,1,0,3265,0
4094,0.004094000,-0.854368932,0.787628866,5.000000000,1,1,0,3266,0
4095,0.004095000,-0.854368932,0.795876289,5.000000000,1,1,0,3267,0
4096,0.004096000,-0.854368932,0.804123711,5.000000000,1,1,0,3268,0
4097,0.004097000,-0.854368932,0.812371134,5.000000000,1,1,0,3269,0
4098,0.004098000,-0.854368932,0.820618557,5.000000000,1,1,0,3270,0
4099,0.004099000,-0.854368932,0.828865979,5.000000000,1,1,0,3271,0
4100,0.004100000,-0.854368932,0.837113402,5.000000000,1,1,0,3272,0
4101,0.004101000,-0.854368932,0.845360825,5.000000000,1,1,0,3273,0
4102,0.004102000,-0.854368932,0.853608247,5.000000000,1,1,0,3274,0
4103,0.004103000,-0.854368932,0.861855670,5.000000000,1,1,0,3275,0
4104,0.004104000,-0.854368932,0.870103093,5.000000000,1,1,0,3276,0
4105,0.004105000,-0.854368932,0.878350515,5.000000000,1,1,0,3277,0
4106,0.004106000,-0.854368932,0.886597938,5.000000000,1,1,0,3278,0
4107,0.004107000,-0.854368932,0.894845361,5.000000000,1,1,0,3279,0
4108,0.004108000,-0.854368932,0.903092784,5.000000000,1,1,0,3280,0
4109,0.004109000,-0.854368932,0.911340206,5.000000000,1,1,0,3281,0
4110,0.004110000,-0.854368932,0.919587629,5.000000000,1,1,0,3282,0
4111,0.004111000,-0.854368932,0.927835052,5.000000000,1,1,0,3283,0
4112,0.004112000,-0.854368932,0.936082474,5.000000000,1,1,0,3284,0
4113,0.004113000,-0.854368932,0.944329897,5.000000000,1,1,0,3285,0
4114,0.004114000,-0.854368932,0.952577320,5.000000000,1,1,0,3286,0
4115,0.004115000,-0.854368932,0.960824742,5.000000000,1,1,0,3287,0
4116,0.004116000,-0.854368932,0.969072165,5.000000000,1,1,0,3288,0
4117,0.004117000,-0.854368932,0.977319588,5.000000000,1,1,0,3289,0
4118,0.004118000,-0.854368932,0.985567010,5.000000000,1,1,0,3290,0
4119,0.004119000,-0.854368932,0.993814433,5.000000000,1,1,0,3291,0
4120,0.004120000,-0.854368932,1.002061856,5.000000000,1,1,0,3292,0
4121,0.004121000,-0.854368932,1.010309278,5.000000000,1,1,0,3293,0
4122,0.004122000,-0.854368932,1.018556701,5.000000000,1,1,0,3294,0
4123,0.004123000,-0.854368932,1.026804124,5.000000000,1,1,0,3295,0
4124,0.004124000,-0.854368932,1.035051546,5.000000000,1,1,0,3296,0
4125,0.004125000,-0.854368932,1.043298969,5.000000000,1,1,0,3297,0
4126,0.004126000,-0.854368932,1.051546392,5.000000000,1,1,0,3298,0
4127,0.004127000,-0.854368932,1.059793814,5.000000000,1,1,0,3299,0
4128,0.004128000,-0.854368932,1.068041237,5.000000000,1,1,0,3300,0
4129,0.004129000,-0.854368932,1.076288660,5.000000000,1,1,0,3301,0
4130,0.004130000,-0.854368932,1.084536082,5.000000000,1,1,0,3302,0
4131,0.004131000,-0.854368932,1.092783505,5.000000000,1,1,0,3303,0
4132,0.004132000,-0.854368932,1.101030928,5.000000000,1,1,0,3304,0
4133,0.004133000,-0.854368932,1.109278351,5.000000000,1,1,0,3305,0
4134,0.004134000,-0.854368932,1.117525773,5.000000000,1,1,0,3306,0
4135,0.004135000,-0.854368932,1.125773196,5.000000000,1,1,0,3307,0
4136,0.004136000,-0.854368932,1.134020619,5.000000000,1,1,0,3308,0
4137,0.004137000,-0.854368932,1.142268041,5.000000000,1,1,0,3309,0
4138,0.004138000,-0.854368932,1.150515464,5.000000000,1,1,0,3310,0
4139,0.004139000,-0.854368932,1.158762887,5.000000000,1,1,0,3311,0
4140,0.004140000,-0.854368932,1.167010309,5.000000000,1,1,0,3312,0
4141,0.004141000,-0.854368932,1.175257732,5.000000000,1,1,0,3313,0
4142,0.004142000,-0.854368932,1.183505155,5.000000000,1,1,0,3314,0
4143,0.004143000,-0.854368932,1.191752577,5.000000000,1,1,0,3315,0
4144,0.004144000,-0.854368932,1.200000000,5.000000000,1,1,0,3316,0
4145,0.004145000,-0.854368932,1.208247423,5.000000000,1,1,0,3317,0
4146,0.004146000,-0.854368932,1.216494845,5.000000000,1,1,0,3318,0
4147,0.004147000,-0.854368932,1.224742268,5.000000000,1,1,0,3319,0
4148,0.004148000,-0.854368932,1.232989691,5.000000000,1,1,0,3320,0
4149,0.004149000,-0.854368932,1.241237113,5.000000000,1,1,0,3321,0
4150,0.004150000,-0.854368932,1.249484536,5.000000000,1,1,0,3322,0
4151,0.004151000,-0.854368932,1.257731959,5.000000000,1,1,0,3323,0
4152,0.004152000,-0.854368932,1.265979381,5.000000000,1,1,0,3324,0
4153,0.004153000,-0.854368932,1.274226804,5.000000000,1,1,0,3325,0
4154,0.004154000,-0.854368932,1.282474227,5.000000000,1,1,0,3326,0
4155,0.004155000,-0.854368932,1.290721649,5.000000000,1,1,0,3327,0
4156,0.004156000,-0.854368932,1.298969072,5.000000000,1,1,0,3328,0
4157,0.004157000,-0.854368932,1.307216495,5.000000000,1,1,0,3329,0
4158,0.004158000,-0.854368932,1.315463918,5.000000000,1,1,0,3330,0
4159,0.004159000,-0.854368932,1.323711340,5.000000000,1,1,0,3331,0
4160,0.004160000,-0.854368932,1.331958763,5.000000000,1,1,0,3332,0
4161,0.004161000,-0.854368932,1.340206186,5.000000000,1,1,0,3333,0
4162,0.004162000,-0.854368932,1.348453608,5.000000000,1,1,0,3334,0
4163,0.004163000,-0.854368932,1.356701031,5.000000000,1,1,0,3335,0
4164,0.004164000,-0.854368932,1.364948454,5.000000000,1,1,0,3336,0
4165,0.004165000,-0.854368932,1.373195876,5.000000000,1,1,0,3337,0
4166,0.004166000,-0.854368932,1.381443299,5.000000000,1,1,0,3338,0
4167,0.004167000,-0.854368932,1.389690722,5.000000000,1,1,0,3339,0
4168,0.004168000,-0.854368932,1.397938144,5.000000000,1,1,0,3340,0
4169,0.004169000,-0.854368932,1.406185567,5.000000000,1,1,0,3341,0
4170,0.004170000,-0.854368932,1.414432990,5.000000000,1,1,0,3342,0
4171,0.004171000,-0.854368932,1.422680412,5.000000000,1,1,0,3343,0
4172,0.004172000,-0.854368932,1.430927835,5.000000000,1,1,0,3344,0
4173,0.004173000,-0.854368932,1.439175258,5.000000000,1,1,0,3345,0
4174,0.004174000,-0.854368932,1.447422680,5.000000000,1,1,0,3346,0
4175,0.004175000,-0.854368932,1.455670103,5.000000000,1,1,0,3347,0
4176,0.004176000,-0.854368932,1.463917526,5.000000000,1,1,0,3348,0
4177,0.004177000,-0.854368932,1.472164948,5.000000000,1,1,0,3349,0
4178,0.004178000,-0.854368932,1.480412371,5.000000000,1,1,0,3350,0
4179,0.004179000,-0.854368932,1.488659794,5.000000000,1,1,0,3351,0
4180,0.004180000,-0.854368932,1.496907216,5.000000000,1,1,0,3352,0
4181,0.004181000,-0.854368932,1.505154639,5.000000000,1,1,0,3353,0
4182,0.004182000,-0.854368932,1.513402062,5.000000000,1,1,0,3354,0
4183,0.004183000,-0.854368932,1.521649485,5.000000000,1,1,0,3355,0
4184,0.004184000,-0.854368932,1.529896907,5.000000000,1,1,0,3356,0
4185,0.004185000,-0.854368932,1.538144330,5.000000000,1,1,0,3357,0
4186,0.004186000,-0.854368932,1.546391753,5.000000000,1,1,0,3358,0
4187,0.004187000,-0.854368932,1.554639175,5.000000000,1,1,0,3359,0
4188,0.004188000,-0.854368932,1.562886598,5.000000000,1,1,0,3360,0
4189,0.004189000,-0.854368932,1.571134021,5.000000000,1,1,0,3361,0
4190,0.004190000,-0.854368932,1.579381443,5.000000000,1,1,0,3362,0
4191,0.004191000,-0.854368932,1.587628866,5.000000000,1,1,0,3363,0
4192,0.004192000,-0.854368932,1.595876289,5.000000000,1,1,0,3364,0
4193,0.004193000,-0.854368932,1.604123711,5.000000000,1,1,0,3365,0
4194,0.004194000,-0.854368932,1.612371134,5.000000000,1,1,0,3366,0
4195,0.004195000,-0.854368932,1.620618557,5.000000000,1,1,0,3367,0
4196,0.004196000,-0.854368932,1.628865979,5.000000000,1,1,0,3368,0
4197,0.004197000,-0.854368932,1.637113402,5.000000000,1,1,0,3369,0
4198,0.004198000,-0.854368932,1.645360825,5.000000000,1,1,0,3370,0
4199,0.004199000,-0.854368932,1.653608247,5.000000000,1,1,0,3371,0
4200,0.004200000,-0.854368932,1.661855670,5.000000000,1,1,0,3372,0
4201,0.004201000,-0.864077670,1.670103093,5.000000000,1,1,0,3373,0
4202,0.004202000,-0.873786408,1.670103093,5.000000000,1,0,0,3373,1
4203,0.004203000,-0.873786408,1.678350515,5.000000000,1,1,0,3374,0
4204,0.004204000,-0.864077670,1.678350515,5.000000000,1,0,0,3374,1
4205,0.004205000,-0.864077670,1.686597938,5.000000000,1,1,0,3375,0
4206,0.004206000,-0.873786408,1.686597938,5.000000000,1,0,0,3375,1
4207,0.004207000,-0.873786408,1.694845361,5.000000000,1,1,0,3376,0
4208,0.004208000,-0.864077670,1.694845361,5.000000000,1,0,0,3376,1
4209,0.004209000,-0.864077670,1.703092784,5.000000000,1,1,0,3377,0
4210,0.004210000,-0.873786408,1.703092784,5.000000000,1,0,0,3377,1
4211,0.004211000,-0.873786408,1.711340206,5.000000000,1,1,0,3378,0
4212,0.004212000,-0.864077670,1.711340206,5.000000000,1,0,0,3378,1
4213,0.004213000,-0.864077670,1.719587629,5.000000000,1,1,0,3379,0
4214,0.004214000,-0.873786408,1.719587629,5.000000000,1,0,0,3379,1
4215,0.004215000,-0.883495146,1.727835052,5.000000000,1,1,0,3380,0
4216,0.004216000,-0.893203883,1.727835052,5.000000000,1,0,0,3380,1
4217,0.004217000,-0.893203883,1.736082474,5.000000000,1,1,0,3381,0
4218,0.004218000,-0.883495146,1.736082474,5.000000000,1,0,0,3381,1
4219,0.004219000,-0.883495146,1.744329897,5.000000000,1,1,0,3382,0
4220,0.004220000,-0.893203883,1.744329897,5.000000000,1,0,0,3382,1
4221,0.004221000,-0.893203883,1.752577320,5.000000000,1,1,0,3383,0
4222,0.004222000,-0.883495146,1.752577320,5.000000000,1,0,0,3383,1
4223,0.004223000,-0.883495146,1.760824742,5.000000000,1,1,0,3384,0
4224,0.004224000,-0.893203883,1.760824742,5.000000000,1,0,0,3384,1
4225,0.004225000,-0.902912621,1.769072165,5.000000000,1,1,0,3385,0
4226,0.004226000,-0.912621359,1.769072165,5.000000000,1,0,0,3385,1
4227,0.004227000,-0.912621359,1.777319588,5.000000000,1,1,0,3386,0
4228,0.004228000,-0.902912621,1.777319588,5.000000000,1,0,0,3386,1
4229,0.004229000,-0.902912621,1.785567010,5.000000000,1,1,0,3387,0
4230,0.004230000,-0.912621359,1.785567010,5.000000000,1,0,0,3387,1
4231,0.004231000,-0.912621359,1.793814433,5.000000000,1,1,0,3388,0
4232,0.004232000,-0.902912621,1.793814433,5.000000000,1,0,0,3388,1
4233,0.004233000,-0.922330097,1.802061856,5.000000000,1,1,0,3389,0
4234,0.004234000,-0.932038835,1.802061856,5.000000000,1,0,0,3389,1
4235,0.004235000,-0.932038835,1.810309278,5.000000000,1,1,0,3390,0
4236,0.004236000,-0.922330097,1.810309278,5.000000000,1,0,0,3390,1
4237,0.004237000,-0.941747573,1.818556701,5.000000000,1,1,0,3391,0
4238,0.004238000,-0.951456311,1.818556701,5.000000000,1,0,0,3391,1
4239,0.004239000,-0.961165049,1.826804124,5.000000000,1,1,0,3392,0
4240,0.004240000,-0.961165049,1.835051546,5.000000000,1,1,0,3393,0
4241,0.004241000,-0.970873786,1.843298969,5.000000000,1,1,0,3394,0
4242,0.004242000,-0.980582524,1.843298969,5.000000000,1,0,0,3394,1
4243,0.004243000,-0.980582524,1.851546392,5.000000000,1,1,0,3395,0
4244,0.004244000,-0.970873786,1.851546392,5.000000000,1,0,0,3395,1
4245,0.004245000,-0.990291262,1.859793814,5.000000000,1,1,0,3396,0
4246,0.004246000,-1.000000000,1.859793814,5.000000000,1,0,0,3396,1
4247,0.004247000,-1.009708738,1.859793814,5.000000000,1,0,0,3396,2
4248,0.004248000,-1.019417476,1.859793814,5.000000000,1,0,0,3396,3
4249,0.004249000,-1.019417476,1.868041237,5.000000000,1,1,0,3397,0
4250,0.004250000,-1.009708738,1.868041237,5.000000000,1,0,0,3397,1
4251,0.004251000,-1.000000000,1.868041237,5.000000000,1,0,0,3397,2
4252,0.004252000,-0.990291262,1.868041237,5.000000000,1,0,0,3397,3
4253,0.004253000,-1.029126214,1.876288660,5.000000000,1,1,0,3398,0
4254,0.004254000,-1.038834951,1.876288660,5.000000000,1,0,0,3398,1
4255,0.004255000,-1.048543689,1.876288660,5.000000000,1,0,0,3398,2
4256,0.004256000,-1.058252427,1.876288660,5.000000000,1,0,0,3398,3
4257,0.004257000,-1.067961165,1.876288660,5.000000000,1,0,0,3398,4
4258,0.004258000,-1.077669903,1.876288660,5.000000000,1,0,0,3398,5
4259,0.004259000,-1.087378641,1.884536082,5.000000000,1,1,0,3399,0
4260,0.004260000,-1.097087379,1.884536082,5.000000000,1,0,0,3399,1
4261,0.004261000,-1.106796117,1.884536082,5.000000000,1,0,0,3399,2
4262,0.004262000,-1.116504854,1.884536082,5.000000000,1,0,0,3399,3
4263,0.004263000,-1.126213592,1.884536082,5.000000000,1,0,0,3399,4
4264,0.004264000,-1.135922330,1.884536082,5.000000000,1,0,0,3399,5
4265,0.004265000,-1.145631068,1.884536082,5.000000000,1,0,0,3399,6
4266,0.004266000,-1.155339806,1.884536082,5.000000000,1,0,0,3399,7
4267,0.004267000,-1.165048544,1.884536082,5.000000000,1,0,0,3399,8
4268,0.004268000,-1.174757282,1.884536082,5.000000000,1,0,0,3399,9
4269,0.004269000,-1.184466019,1.884536082,5.000000000,1,0,0,3399,10
4270,0.004270000,-1.194174757,1.884536082,5.000000000,1,0,0,3399,11
4271,0.004271000,-1.203883495,1.884536082,5.000000000,1,0,0,3399,12
4272,0.004272000,-1.203883495,1.892783505,5.000000000,1,1,0,3400,0
4273,0.004273000,-1.194174757,1.892783505,5.000000000,1,0,0,3400,1
4274,0.004274000,-1.184466019,1.892783505,5.000000000,1,0,0,3400,2
4275,0.004275000,-1.174757282,1.892783505,5.000000000,1,0,0,3400,3
4276,0.004276000,-1.165048544,1.892783505,5.000000000,1,0,0,3400,4
4277,0.004277000,-1.155339806,1.892783505,5.000000000,1,0,0,3400,5
4278,0.004278000,-1.145631068,1.892783505,5.000000000,1,0,0,3400,6
4279,0.004279000,-1.135922330,1.892783505,5.000000000,1,0,0,3400,7
4280,0.004280000,-1.126213592,1.892783505,5.000000000,1,0,0,3400,8
4281,0.004281000,-1.116504854,1.892783505,5.000000000,1,0,0,3400,9
4282,0.004282000,-1.106796117,1.892783505,5.000000000,1,0,0,3400,10
4283,0.004283000,-1.097087379,1.892783505,5.000000000,1,0,0,3400,11
4284,0.004284000,-1.087378641,1.892783505,5.000000000,1,0,0,3400,12
4285,0.004285000,-1.213592233,1.876288660,5.000000000,1,1,0,3401,0
4286,0.004286000,-1.223300971,1.876288660,5.000000000,1,0,0,3401,1
4287,0.004287000,-1.233009709,1.876288660,5.000000000,1,0,0,3401,2
4288,0.004288000,-1.242718447,1.876288660,5.000000000,1,0,0,3401,3
4289,0.004289000,-1.252427184,1.876288660,5.000000000,1,0,0,3401,4
4290,0.004290000,-1.262135922,1.868041237,5.000000000,1,1,0,3402,0
4291,0.004291000,-1.262135922,1.859793814,5.000000000,1,1,0,3403,0
4292,0.004292000,-1.271844660,1.859793814,5.000000000,1,0,0,3403,1
4293,0.004293000,-1.281553398,1.859793814,5.000000000,1,0,0,3403,2
4294,0.004294000,-1.291262136,1.859793814,5.000000000,1,0,0,3403,3
4295,0.004295000,-1.291262136,1.868041237,5.000000000,1,1,0,3404,0
4296,0.004296000,-1.281553398,1.868041237,5.000000000,1,0,0,3404,1
4297,0.004297000,-1.271844660,1.868041237,5.000000000,1,0,0,3404,2
4298,0.004298000,-1.300970874,1.851546392,5.000000000,1,1,0,3405,0
4299,0.004299000,-1.300970874,1.843298969,5.000000000,1,1,0,3406,0
4300,0.004300000,-1.310679612,1.843298969,5.000000000,1,0,0,3406,1
4301,0.004301000,-1.310679612,1.851546392,5.000000000,1,1,0,3407,0
4302,0.004302000,-1.320388350,1.835051546,5.000000000,1,1,0,3408,0
4303,0.004303000,-1.320388350,1.826804124,5.000000000,1,1,0,3409,0
4304,0.004304000,-1.330097087,1.826804124,5.000000000,1,0,0,3409,1
4305,0.004305000,-1.330097087,1.835051546,5.000000000,1,1,0,3410,0
4306,0.004306000,-1.339805825,1.818556701,5.000000000,1,1,0,3411,0
4307,0.004307000,-1.349514563,1.810309278,5.000000000,1,1,0,3412,0
4308,0.004308000,-1.349514563,1.802061856,5.000000000,1,1,0,3413,0
4309,0.004309000,-1.359223301,1.802061856,5.000000000,1,0,0,3413,1
4310,0.004310000,-1.359223301,1.810309278,5.000000000,1,1,0,3414,0
4311,0.004311000,-1.368932039,1.793814433,5.000000000,1,1,0,3415,0
4312,0.004312000,-1.368932039,1.785567010,5.000000000,1,1,0,3416,0
4313,0.004313000,-1.368932039,1.777319588,5.000000000,1,1,0,3417,0
4314,0.004314000,-1.368932039,1.769072165,5.000000000,1,1,0,3418,0
4315,0.004315000,-1.378640777,1.769072165,5.000000000,1,0,0,3418,1
4316,0.004316000,-1.378640777,1.777319588,5.000000000,1,1,0,3419,0
4317,0.004317000,-1.378640777,1.785567010,5.000000000,1,1,0,3420,0
4318,0.004318000,-1.378640777,1.793814433,5.000000000,1,1,0,3421,0
4319,0.004319000,-1.388349515,1.760824742,5.000000000,1,1,0,3422,0
4320,0.004320000,-1.388349515,1.752577320,5.000000000,1,1,0,3423,0
4321,0.004321000,-1.388349515,1.744329897,5.000000000,1,1,0,3424,0
4322,0.004322000,-1.388349515,1.736082474,5.000000000,1,1,0,3425,0
4323,0.004323000,-1.388349515,1.727835052,5.000000000,1,1,0,3426,0
4324,0.004324000,-1.398058252,1.727835052,5.000000000,1,0,0,3426,1
4325,0.004325000,-1.398058252,1.736082474,5.000000000,1,1,0,3427,0
4326,0.004326000,-1.398058252,1.744329897,5.000000000,1,1,0,3428,0
4327,0.004327000,-1.398058252,1.752577320,5.000000000,1,1,0,3429,0
4328,0.004328000,-1.398058252,1.760824742,5.000000000,1,1,0,3430,0
4329,0.004329000,-1.407766990,1.719587629,5.000000000,1,1,0,3431,0
4330,0.004330000,-1.407766990,1.711340206,5.000000000,1,1,0,3432,0
4331,0.004331000,-1.407766990,1.703092784,5.000000000,1,1,0,3433,0
4332,0.004332000,-1.407766990,1.694845361,5.000000000,1,1,0,3434,0
4333,0.004333000,-1.407766990,1.686597938,5.000000000,1,1,0,3435,0
4334,0.004334000,-1.407766990,1.678350515,5.000000000,1,1,0,3436,0
4335,0.004335000,-1.407766990,1.670103093,5.000000000,1,1,0,3437,0
4336,0.004336000,-1.417475728,1.670103093,5.000000000,1,0,0,3437,1
4337,0.004337000,-1.417475728,1.678350515,5.000000000,1,1,0,3438,0
4338,0.004338000,-1.417475728,1.686597938,5.000000000,1,1,0,3439,0
4339,0.004339000,-1.417475728,1.694845361,5.000000000,1,1,0,3440,0
4340,0.004340000,-1.417475728,1.703092784,5.000000000,1,1,0,3441,0
4341,0.004341000,-1.417475728,1.711340206,5.000000000,1,1,0,3442,0
4342,0.004342000,-1.417475728,1.719587629,5.000000000,1,1,0,3443,0
4343,0.004343000,-1.427184466,1.661855670,5.000000000,1,1,0,3444,0
4344,0.004344000,-1.427184466,1.653608247,5.000000000,1,1,0,3445,0
4345,0.004345000,-1.427184466,1.645360825,5.000000000,1,1,0,3446,0
4346,0.004346000,-1.427184466,1.637113402,5.000000000,1,1,0,3447,0
4347,0.004347000,-1.427184466,1.628865979,5.000000000,1,1,0,3448,0
4348,0.004348000,-1.427184466,1.620618557,5.000000000,1,1,0,3449,0
4349,0.004349000,-1.427184466,1.612371134,5.000000000,1,1,0,3450,0
4350,0.004350000,-1.427184466,1.604123711,5.000000000,1,1,0,3451,0
4351,0.004351000,-1.427184466,1.595876289,5.000000000,1,1,0,3452,0
4352,0.004352000,-1.427184466,1.587628866,5.000000000,1,1,0,3453,0
4353,0.004353000,-1.427184466,1.579381443,5.000000000,1,1,0,3454,0
4354,0.004354000,-1.427184466,1.571134021,5.000000000,1,1,0,3455,0
4355,0.004355000,-1.427184466,1.562886598,5.000000000,1,1,0,3456,0
4356,0.004356000,-1.427184466,1.554639175,5.000000000,1,1,0,3457,0
4357,0.004357000,-1.427184466,1.546391753,5.000000000,1,1,0,3458,0
4358,0.004358000,-1.427184466,1.538144330,5.000000000,1,1,0,3459,0
4359,0.004359000,-1.427184466,1.529896907,5.000000000,1,1,0,3460,0
4360,0.004360000,-1.427184466,1.521649485,5.000000000,1,1,0,3461,0
4361,0.004361000,-1.427184466,1.513402062,5.000000000,1,1,0,3462,0
4362,0.004362000,-1.427184466,1.505154639,5.000000000,1,1,0,3463,0
4363,0.004363000,-1.427184466,1.496907216,5.000000000,1,1,0,3464,0
4364,0.004364000,-1.427184466,1.488659794,5.000000000,1,1,0,3465,0
4365,0.004365000,-1.427184466,1.480412371,5.000000000,1,1,0,3466,0
4366,0.004366000,-1.427184466,1.472164948,5.000000000,1,1,0,3467,0
4367,0.004367000,-1.427184466,1.463917526,5.000000000,1,1,0,3468,0
4368,0.004368000,-1.427184466,1.455670103,5.000000000,1,1,0,3469,0
4369,0.004369000,-1.427184466,1.447422680,5.000000000,1,1,0,3470,0
4370,0.004370000,-1.427184466,1.439175258,5.000000000,1,1,0,3471,0
4371,0.004371000,-1.427184466,1.430927835,5.000000000,1,1,0,3472,0
4372,0.004372000,-1.427184466,1.422680412,5.000000000,1,1,0,3473,0
4373,0.004373000,-1.427184466,1.414432990,5.000000000,1,1,0,3474,0
4374,0.004374000,-1.427184466,1.406185567,5.000000000,1,1,0,3475,0
4375,0.004375000,-1.427184466,1.397938144,5.000000000,1,1,0,3476,0
4376,0.004376000,-1.427184466,1.389690722,5.000000000,1,1,0,3477,0
4377,0.004377000,-1.427184466,1.381443299,5.000000000,1,1,0,3478,0
4378,0.004378000,-1.427184466,1.373195876,5.000000000,1,1,0,3479,0
4379,0.004379000,-1.427184466,1.364948454,5.000000000,1,1,0,3480,0
4380,0.004380000,-1.427184466,1.356701031,5.000000000,1,1,0,3481,0
4381,0.004381000,-1.427184466,1.348453608,5.000000000,1,1,0,3482,0
4382,0.004382000,-1.427184466,1.340206186,5.000000000,1,1,0,3483,0
4383,0.004383000,-1.427184466,1.331958763,5.000000000,1,1,0,3484,0
4384,0.004384000,-1.427184466,1.323711340,5.000000000,1,1,0,3485,0
4385,0.004385000,-1.427184466,1.315463918,5.000000000,1,1,0,3486,0
4386,0.004386000,-1.427184466,1.307216495,5.000000000,1,1,0,3487,0
4387,0.004387000,-1.427184466,1.298969072,5.000000000,1,1,0,3488,0
4388,0.004388000,-1.427184466,1.290721649,5.000000000,1,1,0,3489,0
4389,0.004389000,-1.427184466,1.282474227,5.000000000,1,1,0,3490,0
4390,0.004390000,-1.427184466,1.274226804,5.000000000,1,1,0,3491,0
4391,0.004391000,-1.427184466,1.265979381,5.000000000,1,1,0,3492,0
4392,0.004392000,-1.427184466,1.257731959,5.000000000,1,1,0,3493,0
4393,0.004393000,-1.427184466,1.249484536,5.000000000,1,1,0,3494,0
4394,0.004394000,-1.427184466,1.241237113,5.000000000,1,1,0,3495,0
4395,0.004395000,-1.427184466,1.232989691,5.000000000,1,1,0,3496,0
4396,0.004396000,-1.427184466,1.224742268,5.000000000,1,1,0,3497,0
4397,0.004397000,-1.427184466,1.216494845,5.000000000,1,1,0,3498,0
4398,0.004398000,-1.427184466,1.208247423,5.000000000,1,1,0,3499,0
4399,0.004399000,-1.427184466,1.200000000,5.000000000,1,1,0,3500,0
4400,0.004400000,-1.427184466,1.191752577,5.000000000,1,1,0,3501,0
4401,0.004401000,-1.427184466,1.183505155,5.000000000,1,1,0,3502,0
4402,0.004402000,-1.427184466,1.175257732,5.000000000,1,1,0,3503,0
4403,0.004403000,-1.427184466,1.167010309,5.000000000,1,1,0,3504,0
4404,0.004404000,-1.427184466,1.158762887,5.000000000,1,1,0,3505,0
4405,0.004405000,-1.427184466,1.150515464,5.000000000,1,1,0,3506,0
4406,0.004406000,-1.427184466,1.142268041,5.000000000,1,1,0,3507,0
4407,0.004407000,-1.427184466,1.134020619,5.000000000,1,1,0,3508,0
4408,0.004408000,-1.427184466,1.125773196,5.000000000,1,1,0,3509,0
4409,0.004409000,-1.427184466,1.117525773,5.000000000,1,1,0,3510,0
4410,0.004410000,-1.427184466,1.109278351,5.000000000,1,1,0,3511,0
4411,0.004411000,-1.427184466,1.101030928,5.000000000,1,1,0,3512,0
4412,0.004412000,-1.427184466,1.092783505,5.000000000,1,1,0,3513,0
4413,0.004413000,-1.427184466,1.084536082,5.000000000,1,1,0,3514,0
4414,0.004414000,-1.427184466,1.076288660,5.000000000,1,1,0,3515,0
4415,0.004415000,-1.427184466,1.068041237,5.000000000,1,1,0,3516,0
4416,0.004416000,-1.427184466,1.059793814,5.000000000,1,1,0,3517,0
4417,0.004417000,-1.427184466,1.051546392,5.000000000,1,1,0,3518,0
4418,0.004418000,-1.427184466,1.043298969,5.000000000,1,1,0,3519,0
4419,0.004419000,-1.427184466,1.035051546,5.000000000,1,1,0,3520,0
4420,0.004420000,-1.427184466,1.026804124,5.000000000,1,1,0,3521,0
4421,0.004421000,-1.427184466,1.018556701,5.000000000,1,1,0,3522,0
4422,0.004422000,-1.427184466,1.010309278,5.000000000,1,1,0,3523,0
4423,0.004423000,-1.427184466,1.002061856,5.000000000,1,1,0,3524,0
4424,0.004424000,-1.427184466,0.993814433,5.000000000,1,1,0,3525,0
4425,0.004425000,-1.427184466,0.985567010,5.000000000,1,1,0,3526,0
4426,0.004426000,-1.427184466,0.977319588,5.000000000,1,1,0,3527,0
4427,0.004427000,-1.427184466,0.969072165,5.000000000,1,1,0,3528,0
4428,0.004428000,-1.427184466,0.960824742,5.000000000,1,1,0,3529,0
4429,0.004429000,-1.427184466,0.952577320,5.000000000,1,1,0,3530,0
4430,0.004430000,-1.427184466,0.944329897,5.000000000,1,1,0,3531,0
4431,0.004431000,-1.427184466,0.936082474,5.000000000,1,1,0,3532,0
4432,0.004432000,-1.427184466,0.927835052,5.000000000,1,1,0,3533,0
4433,0.004433000,-1.427184466,0.919587629,5.000000000,1,1,0,3534,0
4434,0.004434000,-1.427184466,0.911340206,5.000000000,1,1,0,3535,0
4435,0.004435000,-1.427184466,0.903092784,5.000000000,1,1,0,3536,0
4436,0.004436000,-1.427184466,0.894845361,5.000000000,1,1,0,3537,0
4437,0.004437000,-1.427184466,0.886597938,5.000000000,1,1,0,3538,0
4438,0.004438000,-1.427184466,0.878350515,5.000000000,1,1,0,3539,0
4439,0.004439000,-1.427184466,0.870103093,5.000000000,1,1,0,3540,0
4440,0.004440000,-1.427184466,0.861855670,5.000000000,1,1,0,3541,0
4441,0.004441000,-1.427184466,0.853608247,5.000000000,1,1,0,3542,0
4442,0.004442000,-1.427184466,0.845360825,5.000000000,1,1,0,3543,0
4443,0.004443000,-1.427184466,0.837113402,5.000000000,1,1,0,3544,0
4444,0.004444000,-1.427184466,0.828865979,5.000000000,1,1,0,3545,0
4445,0.004445000,-1.427184466,0.820618557,5.000000000,1,1,0,3546,0
4446,0.004446000,-1.427184466,0.812371134,5.000000000,1,1,0,3547,0
4447,0.004447000,-1.427184466,0.804123711,5.000000000,1,1,0,3548,0
4448,0.004448000,-1.427184466,0.795876289,5.000000000,1,1,0,3549,0
4449,0.004449000,-1.427184466,0.787628866,5.000000000,1,1,0,3550,0
4450,0.004450000,-1.427184466,0.779381443,5.000000000,1,1,0,3551,0
4451,0.004451000,-1.427184466,0.771134021,5.000000000,1,1,0,3552,0
4452,0.004452000,-1.427184466,0.762886598,5.000000000,1,1,0,3553,0
4453,0.004453000,-1.427184466,0.754639175,5.000000000,1,1,0,3554,0
4454,0.004454000,-1.427184466,0.746391753,5.000000000,1,1,0,3555,0
4455,0.004455000,-1.427184466,0.738144330,5.000000000,1,1,0,3556,0
4456,0.004456000,-1.427184466,0.729896907,5.000000000,1,1,0,3557,0
4457,0.004457000,-1.427184466,0.721649485,5.000000000,1,1,0,3558,0
4458,0.004458000,-1.427184466,0.713402062,5.000000000,1,1,0,3559,0
4459,0.004459000,-1.427184466,0.705154639,5.000000000,1,1,0,3560,0
4460,0.004460000,-1.427184466,0.696907216,5.000000000,1,1,0,3561,0
4461,0.004461000,-1.427184466,0.688659794,5.000000000,1,1,0,3562,0
4462,0.004462000,-1.427184466,0.680412371,5.000000000,1,1,0,3563,0
4463,0.004463000,-1.427184466,0.672164948,5.000000000,1,1,0,3564,0
4464,0.004464000,-1.427184466,0.663917526,5.000000000,1,1,0,3565,0
4465,0.004465000,-1.427184466,0.655670103,5.000000000,1,1,0,3566,0
4466,0.004466000,-1.427184466,0.647422680,5.000000000,1,1,0,3567,0
4467,0.004467000,-1.427184466,0.639175258,5.000000000,1,1,0,3568,0
4468,0.004468000,-1.427184466,0.630927835,5.000000000,1,1,0,3569,0
4469,0.004469000,-1.427184466,0.622680412,5.000000000,1,1,0,3570,0
4470,0.004470000,-1.427184466,0.614432990,5.000000000,1,1,0,3571,0
4471,0.004471000,-1.427184466,0.606185567,5.000000000,1,1,0,3572,0
4472,0.004472000,-1.427184466,0.597938144,5.000000000,1,1,0,3573,0
4473,0.004473000,-1.427184466,0.589690722,5.000000000,1,1,0,3574,0
4474,0.004474000,-1.427184466,0.581443299,5.000000000,1,1,0,3575,0
4475,0.004475000,-1.427184466,0.573195876,5.000000000,1,1,0,3576,0
4476,0.004476000,-1.427184466,0.564948454,5.000000000,1,1,0,3577,0
4477,0.004477000,-1.427184466,0.556701031,5.000000000,1,1,0,3578,0
4478,0.004478000,-1.427184466,0.548453608,5.000000000,1,1,0,3579,0
4479,0.004479000,-1.427184466,0.540206186,5.000000000,1,1,0,3580,0
4480,0.004480000,-1.427184466,0.531958763,5.000000000,1,1,0,3581,0
4481,0.004481000,-1.427184466,0.523711340,5.000000000,1,1,0,3582,0
4482,0.004482000,-1.427184466,0.515463918,5.000000000,1,1,0,3583,0
4483,0.004483000,-1.427184466,0.507216495,5.000000000,1,1,0,3584,0
4484,0.004484000,-1.427184466,0.498969072,5.000000000,1,1,0,3585,0
4485,0.004485000,-1.427184466,0.490721649,5.000000000,1,1,0,3586,0
4486,0.004486000,-1.427184466,0.482474227,5.000000000,1,1,0,3587,0
4487,0.004487000,-1.427184466,0.474226804,5.000000000,1,1,0,3588,0
4488,0.004488000,-1.427184466,0.465979381,5.000000000,1,1,0,3589,0
4489,0.004489000,-1.427184466,0.457731959,5.000000000,1,1,0,3590,0
4490,0.004490000,-1.427184466,0.449484536,5.000000000,1,1,0,3591,0
4491,0.004491000,-1.427184466,0.441237113,5.000000000,1,1,0,3592,0
4492,0.004492000,-1.427184466,0.432989691,5.000000000,1,1,0,3593,0
4493,0.004493000,-1.427184466,0.424742268,5.000000000,1,1,0,3594,0
4494,0.004494000,-1.427184466,0.416494845,5.000000000,1,1,0,3595,0
4495,0.004495000,-1.427184466,0.408247423,5.000000000,1,1,0,3596,0
4496,0.004496000,-1.427184466,0.400000000,5.000000000,1,1,0,3597,0
4497,0.004497000,-1.427184466,0.391752577,5.000000000,1,1,0,3598,0
4498,0.004498000,-1.427184466,0.383505155,5.000000000,1,1,0,3599,0
4499,0.004499000,-1.427184466,0.375257732,5.000000000,1,1,0,3600,0
4500,0.004500000,-1.427184466,0.367010309,5.000000000,1,1,0,3601,0
4501,0.004501000,-1.427184466,0.358762887,5.000000000,1,1,0,3602,0
4502,0.004502000,-1.427184466,0.350515464,5.000000000,1,1,0,3603,0
4503,0.004503000,-1.427184466,0.342268041,5.000000000,1,1,0,3604,0
4504,0.004504000,-1.427184466,0.334020619,5.000000000,1,1,0,3605,0
4505,0.004505000,-1.427184466,0.325773196,5.000000000,1,1,0,3606,0
4506,0.004506000,-1.427184466,0.317525773,5.000000000,1,1,0,3607,0
4507,0.004507000,-1.427184466,0.309278351,5.000000000,1,1,0,3608,0
4508,0.004508000,-1.427184466,0.301030928,5.000000000,1,1,0,3609,0
4509,0.004509000,-1.427184466,0.292783505,5.000000000,1,1,0,3610,0
4510,0.004510000,-1.427184466,0.284536082,5.000000000,1,1,0,3611,0
4511,0.004511000,-1.427184466,0.276288660,5.000000000,1,1,0,3612,0
4512,0.004512000,-1.427184466,0.268041237,5.000000000,1,1,0,3613,0
4513,0.004513000,-1.427184466,0.259793814,5.000000000,1,1,0,3614,0
4514,0.004514000,-1.427184466,0.251546392,5.000000000,1,1,0,3615,0
4515,0.004515000,-1.427184466,0.243298969,5.000000000,1,1,0,3616,0
4516,0.004516000,-1.427184466,0.235051546,5.000000000,1,1,0,3617,0
4517,0.004517000,-1.427184466,0.226804124,5.000000000,1,1,0,3618,0
4518,0.004518000,-1.427184466,0.218556701,5.000000000,1,1,0,3619,0
4519,0.004519000,-1.427184466,0.210309278,5.000000000,1,1,0,3620,0
4520,0.004520000,-1.427184466,0.202061856,5.000000000,1,1,0,3621,0
4521,0.004521000,-1.427184466,0.193814433,5.000000000,1,1,0,3622,0
4522,0.004522000,-1.427184466,0.185567010,5.000000000,1,1,0,3623,0
4523,0.004523000,-1.427184466,0.177319588,5.000000000,1,1,0,3624,0
4524,0.004524000,-1.427184466,0.169072165,5.000000000,1,1,0,3625,0
4525,0.004525000,-1.427184466,0.160824742,5.000000000,1,1,0,3626,0
4526,0.004526000,-1.427184466,0.152577320,5.000000000,1,1,0,3627,0
4527,0.004527000,-1.427184466,0.144329897,5.000000000,1,1,0,3628,0
4528,0.004528000,-1.427184466,0.136082474,5.000000000,1,1,0,3629,0
4529,0.004529000,-1.427184466,0.127835052,5.000000000,1,1,0,3630,0
4530,0.004530000,-1.427184466,0.119587629,5.000000000,1,1,0,3631,0
4531,0.004531000,-1.427184466,0.111340206,5.000000000,1,1,0,3632,0
4532,0.004532000,-1.427184466,0.103092784,5.000000000,1,1,0,3633,0
4533,0.004533000,-1.427184466,0.094845361,5.000000000,1,1,0,3634,0
4534,0.004534000,-1.427184466,0.086597938,5.000000000,1,1,0,3635,0
4535,0.004535000,-1.427184466,0.078350515,5.000000000,1,1,0,3636,0
4536,0.004536000,-1.427184466,0.070103093,5.000000000,1,1,0,3637,0
4537,0.004537000,-1.427184466,0.061855670,5.000000000,1,1,0,3638,0
4538,0.004538000,-1.427184466,0.053608247,5.000000000,1,1,0,3639,0
4539,0.004539000,-1.427184466,0.045360825,5.000000000,1,1,0,3640,0
4540,0.004540000,-1.427184466,0.037113402,5.000000000,1,1,0,3641,0
4541,0.004541000,-1.427184466,0.028865979,5.000000000,1,1,0,3642,0
4542,0.004542000,-1.427184466,0.020618557,5.000000000,1,1,0,3643,0
4543,0.004543000,-1.427184466,0.012371134,5.000000000,1,1,0,3644,0
4544,0.004544000,-1.427184466,0.004123711,5.000000000,1,1,0,3645,0
4545,0.004545000,-1.427184466,-0.004123711,5.000000000,1,1,0,3646,0
4546,0.004546000,-1.427184466,-0.012371134,5.000000000,1,1,0,3647,0
4547,0.004547000,-1.427184466,-0.020618557,5.000000000,1,1,0,3648,0
4548,0.004548000,-1.427184466,-0.028865979,5.000000000,1,1,0,3649,0
4549,0.004549000,-1.427184466,-0.037113402,5.000000000,1,1,0,3650,0
4550,0.004550000,-1.427184466,-0.045360825,5.000000000,1,1,0,3651,0
4551,0.004551000,-1.427184466,-0.053608247,5.000000000,1,1,0,3652,0
4552,0.004552000,-1.427184466,-0.061855670,5.000000000,1,1,0,3653,0
4553,0.004553000,-1.427184466,-0.070103093,5.000000000,1,1,0,3654,0
4554,0.004554000,-1.427184466,-0.078350515,5.000000000,1,1,0,3655,0
4555,0.004555000,-1.427184466,-0.086597938,5.000000000,1,1,0,3656,0
4556,0.004556000,-1.427184466,-0.094845361,5.000000000,1,1,0,3657,0
4557,0.004557000,-1.427184466,-0.103092784,5.000000000,1,1,0,3658,0
4558,0.004558000,-1.427184466,-0.111340206,5.000000000,1,1,0,3659,0
4559,0.004559000,-1.427184466,-0.119587629,5.000000000,1,1,0,3660,0
4560,0.004560000,-1.427184466,-0.127835052,5.000000000,1,1,0,3661,0
4561,0.004561000,-1.427184466,-0.136082474,5.000000000,1,1,0,3662,0
4562,0.004562000,-1.427184466,-0.144329897,5.000000000,1,1,0,3663,0
4563,0.004563000,-1.427184466,-0.152577320,5.000000000,1,1,0,3664,0
4564,0.004564000,-1.427184466,-0.160824742,5.000000000,1,1,0,3665,0
4565,0.004565000,-1.427184466,-0.169072165,5.000000000,1,1,0,3666,0
4566,0.004566000,-1.427184466,-0.177319588,5.000000000,1,1,0,3667,0
4567,0.004567000,-1.427184466,-0.185567010,5.000000000,1,1,0,3668,0
4568,0.004568000,-1.427184466,-0.193814433,5.000000000,1,1,0,3669,0
4569,0.004569000,-1.427184466,-0.202061856,5.000000000,1,1,0,3670,0
4570,0.004570000,-1.427184466,-0.210309278,5.000000000,1,1,0,3671,0
4571,0.004571000,-1.427184466,-0.218556701,5.000000000,1,1,0,3672,0
4572,0.004572000,-1.427184466,-0.226804124,5.000000000,1,1,0,3673,0
4573,0.004573000,-1.427184466,-0.235051546,5.000000000,1,1,0,3674,0
4574,0.004574000,-1.427184466,-0.243298969,5.000000000,1,1,0,3675,0
4575,0.004575000,-1.427184466,-0.251546392,5.000000000,1,1,0,3676,0
4576,0.004576000,-1.427184466,-0.259793814,5.000000000,1,1,0,3677,0
4577,0.004577000,-1.427184466,-0.268041237,5.000000000,1,1,0,3678,0
4578,0.004578000,-1.427184466,-0.276288660,5.000000000,1,1,0,3679,0
4579,0.004579000,-1.427184466,-0.284536082,5.000000000,1,1,0,3680,0
4580,0.004580000,-1.427184466,-0.292783505,5.000000000,1,1,0,3681,0
4581,0.004581000,-1.427184466,-0.301030928,5.000000000,1,1,0,3682,0
4582,0.004582000,-1.427184466,-0.309278351,5.000000000,1,1,0,3683,0
4583,0.004583000,-1.427184466,-0.317525773,5.000000000,1,1,0,3684,0
4584,0.004584000,-1.427184466,-0.325773196,5.000000000,1,1,0,3685,0
4585,0.004585000,-1.427184466,-0.334020619,5.000000000,1,1,0,3686,0
4586,0.004586000,-1.427184466,-0.342268041,5.000000000,1,1,0,3687,0
4587,0.004587000,-1.427184466,-0.350515464,5.000000000,1,1,0,3688,0
4588,0.004588000,-1.427184466,-0.358762887,5.000000000,1,1,0,3689,0
4589,0.004589000,-1.427184466,-0.367010309,5.000000000,1,1,0,3690,0
4590,0.004590000,-1.427184466,-0.375257732,5.000000000,1,1,0,3691,0
4591,0.004591000,-1.427184466,-0.383505155,5.000000000,1,1,0,3692,0
4592,0.004592000,-1.427184466,-0.391752577,5.000000000,1,1,0,3693,0
4593,0.004593000,-1.427184466,-0.400000000,5.000000000,1,1,0,3694,0
4594,0.004594000,-1.427184466,-0.408247423,5.000000000,1,1,0,3695,0
4595,0.004595000,-1.427184466,-0.416494845,5.000000000,1,1,0,3696,0
4596,0.004596000,-1.427184466,-0.424742268,5.000000000,1,1,0,3697,0
4597,0.004597000,-1.427184466,-0.432989691,5.000000000,1,1,0,3698,0
4598,0.004598000,-1.427184466,-0.441237113,5.000000000,1,1,0,3699,0
4599,0.004599000,-1.427184466,-0.449484536,5.000000000,1,1,0,3700,0
4600,0.004600000,-1.427184466,-0.457731959,5.000000000,1,1,0,3701,0
4601,0.004601000,-1.427184466,-0.465979381,5.000000000,1,1,0,3702,0
4602,0.004602000,-1.427184466,-0.474226804,5.000000000,1,1,0,3703,0
4603,0.004603000,-1.427184466,-0.482474227,5.000000000,1,1,0,3704,0
4604,0.004604000,-1.427184466,-0.490721649,5.000000000,1,1,0,3705,0
4605,0.004605000,-1.427184466,-0.498969072,5.000000000,1,1,0,3706,0
4606,0.004606000,-1.427184466,-0.507216495,5.000000000,1,1,0,3707,0
4607,0.004607000,-1.427184466,-0.515463918,5.000000000,1,1,0,3708,0
4608,0.004608000,-1.427184466,-0.523711340,5.000000000,1,1,0,3709,0
4609,0.004609000,-1.427184466,-0.531958763,5.000000000,1,1,0,3710,0
4610,0.004610000,-1.427184466,-0.540206186,5.000000000,1,1,0,3711,0
4611,0.004611000,-1.427184466,-0.548453608,5.000000000,1,1,0,3712,0
4612,0.004612000,-1.427184466,-0.556701031,5.000000000,1,1,0,3713,0
4613,0.004613000,-1.427184466,-0.564948454,5.000000000,1,1,0,3714,0
4614,0.004614000,-1.427184466,-0.573195876,5.000000000,1,1,0,3715,0
4615,0.004615000,-1.427184466,-0.581443299,5.000000000,1,1,0,3716,0
4616,0.004616000,-1.427184466,-0.589690722,5.000000000,1,1,0,3717,0
4617,0.004617000,-1.427184466,-0.597938144,5.000000000,1,1,0,3718,0
4618,0.004618000,-1.427184466,-0.606185567,5.000000000,1,1,0,3719,0
4619,0.004619000,-1.427184466,-0.614432990,5.000000000,1,1,0,3720,0
4620,0.004620000,-1.427184466,-0.622680412,5.000000000,1,1,0,3721,0
4621,0.004621000,-1.427184466,-0.630927835,5.000000000,1,1,0,3722,0
4622,0.004622000,-1.427184466,-0.639175258,5.000000000,1,1,0,3723,0
4623,0.004623000,-1.427184466,-0.647422680,5.000000000,1,1,0,3724,0
4624,0.004624000,-1.427184466,-0.655670103,5.000000000,1,1,0,3725,0
4625,0.004625000,-1.427184466,-0.663917526,5.000000000,1,1,0,3726,0
4626,0.004626000,-1.427184466,-0.672164948,5.000000000,1,1,0,3727,0
4627,0.004627000,-1.427184466,-0.680412371,5.000000000,1,1,0,3728,0
4628,0.004628000,-1.427184466,-0.688659794,5.000000000,1,1,0,3729,0
4629,0.004629000,-1.427184466,-0.696907216,5.000000000,1,1,0,3730,0
4630,0.004630000,-1.427184466,-0.705154639,5.000000000,1,1,0,3731,0
4631,0.004631000,-1.427184466,-0.713402062,5.000000000,1,1,0,3732,0
4632,0.004632000,-1.427184466,-0.721649485,5.000000000,1,1,0,3733,0
4633,0.004633000,-1.427184466,-0.729896907,5.000000000,1,1,0,3734,0
4634,0.004634000,-1.427184466,-0.738144330,5.000000000,1,1,0,3735,0
4635,0.004635000,-1.427184466,-0.746391753,5.000000000,1,1,0,3736,0
4636,0.004636000,-1.427184466,-0.754639175,5.000000000,1,1,0,3737,0
4637,0.004637000,-1.427184466,-0.762886598,5.000000000,1,1,0,3738,0
4638,0.004638000,-1.427184466,-0.771134021,5.000000000,1,1,0,3739,0
4639,0.004639000,-1.427184466,-0.779381443,5.000000000,1,1,0,3740,0
4640,0.004640000,-1.427184466,-0.787628866,5.000000000,1,1,0,3741,0
4641,0.004641000,-1.427184466,-0.795876289,5.000000000,1,1,0,3742,0
4642,0.004642000,-1.427184466,-0.804123711,5.000000000,1,1,0,3743,0
4643,0.004643000,-1.427184466,-0.812371134,5.000000000,1,1,0,3744,0
4644,0.004644000,-1.427184466,-0.820618557,5.000000000,1,1,0,3745,0
4645,0.004645000,-1.427184466,-0.828865979,5.000000000,1,1,0,3746,0
4646,0.004646000,-1.427184466,-0.837113402,5.000000000,1,1,0,3747,0
4647,0.004647000,-1.427184466,-0.845360825,5.000000000,1,1,0,3748,0
4648,0.004648000,-1.427184466,-0.853608247,5.000000000,1,1,0,3749,0
4649,0.004649000,-1.427184466,-0.861855670,5.000000000,1,1,0,3750,0
4650,0.004650000,-1.427184466,-0.870103093,5.000000000,1,1,0,3751,0
4651,0.004651000,-1.427184466,-0.878350515,5.000000000,1,1,0,3752,0
4652,0.004652000,-1.427184466,-0.886597938,5.000000000,1,1,0,3753,0
4653,0.004653000,-1.427184466,-0.894845361,5.000000000,1,1,0,3754,0
4654,0.004654000,-1.427184466,-0.903092784,5.000000000,1,1,0,3755,0
4655,0.004655000,-1.427184466,-0.911340206,5.000000000,1,1,0,3756,0
4656,0.004656000,-1.427184466,-0.919587629,5.000000000,1,1,0,3757,0
4657,0.004657000,-1.427184466,-0.927835052,5.000000000,1,1,0,3758,0
4658,0.004658000,-1.427184466,-0.936082474,5.000000000,1,1,0,3759,0
4659,0.004659000,-1.427184466,-0.944329897,5.000000000,1,1,0,3760,0
4660,0.004660000,-1.427184466,-0.952577320,5.000000000,1,1,0,3761,0
4661,0.004661000,-1.427184466,-0.960824742,5.000000000,1,1,0,3762,0
4662,0.004662000,-1.427184466,-0.969072165,5.000000000,1,1,0,3763,0
4663,0.004663000,-1.427184466,-0.977319588,5.000000000,1,1,0,3764,0
4664,0.004664000,-1.427184466,-0.985567010,5.000000000,1,1,0,3765,0
4665,0.004665000,-1.427184466,-0.993814433,5.000000000,1,1,0,3766,0
4666,0.004666000,-1.427184466,-1.002061856,5.000000000,1,1,0,3767,0
4667,0.004667000,-1.427184466,-1.010309278,5.000000000,1,1,0,3768,0
4668,0.004668000,-1.427184466,-1.018556701,5.000000000,1,1,0,3769,0
4669,0.004669000,-1.427184466,-1.026804124,5.000000000,1,1,0,3770,0
4670,0.004670000,-1.427184466,-1.035051546,5.000000000,1,1,0,3771,0
4671,0.004671000,-1.427184466,-1.043298969,5.000000000,1,1,0,3772,0
4672,0.004672000,-1.427184466,-1.051546392,5.000000000,1,1,0,3773,0
4673,0.004673000,-1.427184466,-1.059793814,5.000000000,1,1,0,3774,0
4674,0.004674000,-1.427184466,-1.068041237,5.000000000,1,1,0,3775,0
4675,0.004675000,-1.427184466,-1.076288660,5.000000000,1,1,0,3776,0
4676,0.004676000,-1.427184466,-1.084536082,5.000000000,1,1,0,3777,0
4677,0.004677000,-1.427184466,-1.092783505,5.000000000,1,1,0,3778,0
4678,0.004678000,-1.427184466,-1.101030928,5.000000000,1,1,0,3779,0
4679,0.004679000,-1.427184466,-1.109278351,5.000000000,1,1,0,3780,0
4680,0.004680000,-1.427184466,-1.117525773,5.000000000,1,1,0,3781,0
4681,0.004681000,-1.427184466,-1.125773196,5.000000000,1,1,0,3782,0
4682,0.004682000,-1.427184466,-1.134020619,5.000000000,1,1,0,3783,0
4683,0.004683000,-1.427184466,-1.142268041,5.000000000,1,1,0,3784,0
4684,0.004684000,-1.427184466,-1.150515464,5.000000000,1,1,0,3785,0
4685,0.004685000,-1.427184466,-1.158762887,5.000000000,1,1,0,3786,0
4686,0.004686000,-1.427184466,-1.167010309,5.000000000,1,1,0,3787,0
4687,0.004687000,-1.427184466,-1.175257732,5.000000000,1,1,0,3788,0
4688,0.004688000,-1.427184466,-1.183505155,5.000000000,1,1,0,3789,0
4689,0.004689000,-1.427184466,-1.191752577,5.000000000,1,1,0,3790,0
4690,0.004690000,-1.427184466,-1.200000000,5.000000000,1,1,0,3791,0
4691,0.004691000,-1.427184466,-1.208247423,5.000000000,1,1,0,3792,0
4692,0.004692000,-1.427184466,-1.216494845,5.000000000,1,1,0,3793,0
4693,0.004693000,-1.427184466,-1.224742268,5.000000000,1,1,0,3794,0
4694,0.004694000,-1.427184466,-1.232989691,5.000000000,1,1,0,3795,0
4695,0.004695000,-1.427184466,-1.241237113,5.000000000,1,1,0,3796,0
4696,0.004696000,-1.427184466,-1.249484536,5.000000000,1,1,0,3797,0
4697,0.004697000,-1.427184466,-1.257731959,5.000000000,1,1,0,3798,0
4698,0.004698000,-1.427184466,-1.265979381,5.000000000,1,1,0,3799,0
4699,0.004699000,-1.427184466,-1.274226804,5.000000000,1,1,0,3800,0
4700,0.004700000,-1.427184466,-1.282474227,5.000000000,1,1,0,3801,0
4701,0.004701000,-1.427184466,-1.290721649,5.000000000,1,1,0,3802,0
4702,0.004702000,-1.427184466,-1.298969072,5.000000000,1,1,0,3803,0
4703,0.004703000,-1.427184466,-1.307216495,5.000000000,1,1,0,3804,0
4704,0.004704000,-1.427184466,-1.315463918,5.000000000,1,1,0,3805,0
4705,0.004705000,-1.427184466,-1.323711340,5.000000000,1,1,0,3806,0
4706,0.004706000,-1.427184466,-1.331958763,5.000000000,1,1,0,3807,0
4707,0.004707000,-1.427184466,-1.340206186,5.000000000,1,1,0,3808,0
4708,0.004708000,-1.427184466,-1.348453608,5.000000000,1,1,0,3809,0
4709,0.004709000,-1.427184466,-1.356701031,5.000000000,1,1,0,3810,0
4710,0.004710000,-1.427184466,-1.364948454,5.000000000,1,1,0,3811,0
4711,0.004711000,-1.427184466,-1.373195876,5.000000000,1,1,0,3812,0
4712,0.004712000,-1.427184466,-1.381443299,5.000000000,1,1,0,3813,0
4713,0.004713000,-1.427184466,-1.389690722,5.000000000,1,1,0,3814,0
4714,0.004714000,-1.427184466,-1.397938144,5.000000000,1,1,0,3815,0
4715,0.004715000,-1.427184466,-1.406185567,5.000000000,1,1,0,3816,0
4716,0.004716000,-1.427184466,-1.414432990,5.000000000,1,1,0,3817,0
4717,0.004717000,-1.427184466,-1.422680412,5.000000000,1,1,0,3818,0
4718,0.004718000,-1.427184466,-1.430927835,5.000000000,1,1,0,3819,0
4719,0.004719000,-1.427184466,-1.439175258,5.000000000,1,1,0,3820,0
4720,0.004720000,-1.427184466,-1.447422680,5.000000000,1,1,0,3821,0
4721,0.004721000,-1.427184466,-1.455670103,5.000000000,1,1,0,3822,0
4722,0.004722000,-1.427184466,-1.463917526,5.000000000,1,1,0,3823,0
4723,0.004723000,-1.427184466,-1.472164948,5.000000000,1,1,0,3824,0
4724,0.004724000,-1.427184466,-1.480412371,5.000000000,1,1,0,3825,0
4725,0.004725000,-1.427184466,-1.488659794,5.000000000,1,1,0,3826,0
4726,0.004726000,-1.427184466,-1.496907216,5.000000000,1,1,0,3827,0
4727,0.004727000,-1.427184466,-1.505154639,5.000000000,1,1,0,3828,0
4728,0.004728000,-1.427184466,-1.513402062,5.000000000,1,1,0,3829,0
4729,0.004729000,-1.427184466,-1.521649485,5.000000000,1,1,0,3830,0
4730,0.004730000,-1.427184466,-1.529896907,5.000000000,1,1,0,3831,0
4731,0.004731000,-1.427184466,-1.538144330,5.000000000,1,1,0,3832,0
4732,0.004732000,-1.427184466,-1.546391753,5.000000000,1,1,0,3833,0
4733,0.004733000,-1.427184466,-1.554639175,5.000000000,1,1,0,3834,0
4734,0.004734000,-1.427184466,-1.562886598,5.000000000,1,1,0,3835,0
4735,0.004735000,-1.427184466,-1.571134021,5.000000000,1,1,0,3836,0
4736,0.004736000,-1.427184466,-1.579381443,5.000000000,1,1,0,3837,0
4737,0.004737000,-1.427184466,-1.587628866,5.000000000,1,1,0,3838,0
4738,0.004738000,-1.427184466,-1.595876289,5.000000000,1,1,0,3839,0
4739,0.004739000,-1.427184466,-1.604123711,5.000000000,1,1,0,3840,0
4740,0.004740000,-1.427184466,-1.612371134,5.000000000,1,1,0,3841,0
4741,0.004741000,-1.427184466,-1.620618557,5.000000000,1,1,0,3842,0
4742,0.004742000,-1.427184466,-1.628865979,5.000000000,1,1,0,3843,0
4743,0.004743000,-1.427184466,-1.637113402,5.000000000,1,1,0,3844,0
4744,0.004744000,-1.427184466,-1.645360825,5.000000000,1,1,0,3845,0
4745,0.004745000,-1.427184466,-1.653608247,5.000000000,1,1,0,3846,0
4746,0.004746000,-1.427184466,-1.661855670,5.000000000,1,1,0,3847,0
4747,0.004747000,-1.427184466,-1.670103093,5.000000000,1,1,0,3848,0
4748,0.004748000,-1.427184466,-1.678350515,5.000000000,1,1,0,3849,0
4749,0.004749000,-1.427184466,-1.686597938,5.000000000,1,1,0,3850,0
4750,0.004750000,-1.427184466,-1.694845361,5.000000000,1,1,0,3851,0
4751,0.004751000,-1.427184466,-1.703092784,5.000000000,1,1,0,3852,0
4752,0.004752000,-1.427184466,-1.711340206,5.000000000,1,1,0,3853,0
4753,0.004753000,-1.427184466,-1.719587629,5.000000000,1,1,0,3854,0
4754,0.004754000,-1.427184466,-1.727835052,5.000000000,1,1,0,3855,0
4755,0.004755000,-1.427184466,-1.736082474,5.000000000,1,1,0,3856,0
4756,0.004756000,-1.427184466,-1.752577320,5.000000000,1,1,0,3857,0
4757,0.004757000,-1.427184466,-1.760824742,5.000000000,1,1,0,3858,0
4758,0.004758000,-1.427184466,-1.769072165,5.000000000,1,1,0,3859,0
4759,0.004759000,-1.427184466,-1.777319588,5.000000000,1,1,0,3860,0
4760,0.004760000,-1.427184466,-1.785567010,5.000000000,1,1,0,3861,0
4761,0.004761000,-1.427184466,-1.793814433,5.000000000,1,1,0,3862,0
4762,0.004762000,-1.427184466,-1.802061856,5.000000000,1,1,0,3863,0
4763,0.004763000,-1.427184466,-1.810309278,5.000000000,1,1,0,3864,0
4764,0.004764000,-1.436893204,-1.810309278,5.000000000,1,0,0,3864,1
4765,0.004765000,-1.436893204,-1.802061856,5.000000000,1,1,0,3865,0
4766,0.004766000,-1.436893204,-1.793814433,5.000000000,1,1,0,3866,0
4767,0.004767000,-1.436893204,-1.785567010,5.000000000,1,1,0,3867,0
4768,0.004768000,-1.436893204,-1.777319588,5.000000000,1,1,0,3868,0
4769,0.004769000,-1.436893204,-1.769072165,5.000000000,1,1,0,3869,0
4770,0.004770000,-1.436893204,-1.760824742,5.000000000,1,1,0,3870,0
4771,0.004771000,-1.436893204,-1.752577320,5.000000000,1,1,0,3871,0
4772,0.004772000,-1.446601942,-1.818556701,5.000000000,1,1,0,3872,0
4773,0.004773000,-1.446601942,-1.826804124,5.000000000,1,1,0,3873,0
4774,0.004774000,-1.446601942,-1.835051546,5.000000000,1,1,0,3874,0
4775,0.004775000,-1.446601942,-1.843298969,5.000000000,1,1,0,3875,0
4776,0.004776000,-1.446601942,-1.851546392,5.000000000,1,1,0,3876,0
4777,0.004777000,-1.446601942,-1.859793814,5.000000000,1,1,0,3877,0
4778,0.004778000,-1.456310680,-1.859793814,5.000000000,1,0,0,3877,1
4779,0.004779000,-1.456310680,-1.851546392,5.000000000,1,1,0,3878,0
4780,0.004780000,-1.456310680,-1.843298969,5.000000000,1,1,0,3879,0
4781,0.004781000,-1.456310680,-1.835051546,5.000000000,1,1,0,3880,0
4782,0.004782000,-1.456310680,-1.826804124,5.000000000,1,1,0,3881,0
4783,0.004783000,-1.456310680,-1.818556701,5.000000000,1,1,0,3882,0
4784,0.004784000,-1.466019417,-1.868041237,5.000000000,1,1,0,3883,0
4785,0.004785000,-1.466019417,-1.876288660,5.000000000,1,1,0,3884,0
4786,0.004786000,-1.466019417,-1.884536082,5.000000000,1,1,0,3885,0
4787,0.004787000,-1.466019417,-1.892783505,5.000000000,1,1,0,3886,0
4788,0.004788000,-1.475728155,-1.892783505,5.000000000,1,0,0,3886,1
4789,0.004789000,-1.475728155,-1.884536082,5.000000000,1,1,0,3887,0
4790,0.004790000,-1.475728155,-1.876288660,5.000000000,1,1,0,3888,0
4791,0.004791000,-1.475728155,-1.868041237,5.000000000,1,1,0,3889,0
4792,0.004792000,-1.485436893,-1.901030928,5.000000000,1,1,0,3890,0
4793,0.004793000,-1.485436893,-1.909278351,5.000000000,1,1,0,3891,0
4794,0.004794000,-1.495145631,-1.909278351,5.000000000,1,0,0,3891,1
4795,0.004795000,-1.495145631,-1.901030928,5.000000000,1,1,0,3892,0
4796,0.004796000,-1.504854369,-1.917525773,5.000000000,1,1,0,3893,0
4797,0.004797000,-1.514563107,-1.917525773,5.000000000,1,0,0,3893,1
4798,0.004798000,-1.524271845,-1.925773196,5.000000000,1,1,0,3894,0
4799,0.004799000,-1.524271845,-1.934020619,5.000000000,1,1,0,3895,0
4800,0.004800000,-1.533980583,-1.934020619,5.000000000,1,0,0,3895,1
4801,0.004801000,-1.533980583,-1.925773196,5.000000000,1,1,0,3896,0
4802,0.004802000,-1.543689320,-1.942268041,5.000000000,1,1,0,3897,0
4803,0.004803000,-1.543689320,-1.950515464,5.000000000,1,1,0,3898,0
4804,0.004804000,-1.553398058,-1.950515464,5.000000000,1,0,0,3898,1
4805,0.004805000,-1.553398058,-1.942268041,5.000000000,1,1,0,3899,0
4806,0.004806000,-1.563106796,-1.958762887,5.000000000,1,1,0,3900,0
4807,0.004807000,-1.563106796,-1.967010309,5.000000000,1,1,0,3901,0
4808,0.004808000,-1.572815534,-1.967010309,5.000000000,1,0,0,3901,1
4809,0.004809000,-1.582524272,-1.967010309,5.000000000,1,0,0,3901,2
4810,0.004810000,-1.582524272,-1.958762887,5.000000000,1,1,0,3902,0
4811,0.004811000,-1.572815534,-1.958762887,5.000000000,1,0,0,3902,1
4812,0.004812000,-1.592233010,-1.975257732,5.000000000,1,1,0,3903,0
4813,0.004813000,-1.592233010,-1.983505155,5.000000000,1,1,0,3904,0
4814,0.004814000,-1.601941748,-1.983505155,5.000000000,1,0,0,3904,1
4815,0.004815000,-1.611650485,-1.983505155,5.000000000,1,0,0,3904,2
4816,0.004816000,-1.621359223,-1.983505155,5.000000000,1,0,0,3904,3
4817,0.004817000,-1.631067961,-1.983505155,5.000000000,1,0,0,3904,4
4818,0.004818000,-1.640776699,-1.983505155,5.000000000,1,0,0,3904,5
4819,0.004819000,-1.640776699,-1.975257732,5.000000000,1,1,0,3905,0
4820,0.004820000,-1.631067961,-1.975257732,5.000000000,1,0,0,3905,1
4821,0.004821000,-1.621359223,-1.975257732,5.000000000,1,0,0,3905,2
4822,0.004822000,-1.611650485,-1.975257732,5.000000000,1,0,0,3905,3
4823,0.004823000,-1.601941748,-1.975257732,5.000000000,1,1,1,3905,4
