Sample_Index,Time_s,X_Voltage,Y_Voltage,Laser_Raw,Pixel_Clock,Line_Clock,Frame_Clock,Line_Number,Pixel_In_Line
0,0.000000000,0.845520000,1.665840000,0.000000000,0,0,0,-1,-1
1,0.000001000,0.842112000,1.666560000,0.000000000,0,0,0,-1,-1
2,0.000002000,0.838704000,1.667400000,0.000000000,0,0,0,-1,-1
3,0.000003000,0.835296000,1.668120000,0.000000000,0,0,0,-1,-1
4,0.000004000,0.831888000,1.668960000,0.000000000,0,0,0,-1,-1
5,0.000005000,0.828468000,1.669680000,0.000000000,0,0,0,-1,-1
6,0.000006000,0.825048000,1.670520000,0.000000000,0,0,0,-1,-1
7,0.000007000,0.821616000,1.671240000,0.000000000,0,0,0,-1,-1
8,0.000008000,0.818196000,1.672080000,0.000000000,0,0,0,-1,-1
9,0.000009000,0.814764000,1.672800000,0.000000000,0,0,0,-1,-1
10,0.000010000,0.811332000,1.673640000,0.000000000,0,0,0,-1,-1
11,0.000011000,0.807888000,1.674360000,0.000000000,0,0,0,-1,-1
12,0.000012000,0.804456000,1.675200000,0.000000000,0,0,0,-1,-1
13,0.000013000,0.801012000,1.675920000,0.000000000,0,0,0,-1,-1
14,0.000014000,0.797568000,1.676760000,0.000000000,0,0,0,-1,-1
15,0.000015000,0.794112000,1.677480000,0.000000000,0,0,0,-1,-1
16,0.000016000,0.790656000,1.678320000,0.000000000,0,0,0,-1,-1
17,0.000017000,0.787200000,1.679040000,0.000000000,0,0,0,-1,-1
18,0.000018000,0.783744000,1.679880000,0.000000000,0,0,0,-1,-1
19,0.000019000,0.780288000,1.680600000,0.000000000,0,0,0,-1,-1
20,0.000020000,0.776820000,1.681440000,0.000000000,0,0,0,-1,-1
21,0.000021000,0.773352000,1.682280000,0.000000000,0,0,0,-1,-1
22,0.000022000,0.769872000,1.683000000,0.000000000,0,0,0,-1,-1
23,0.000023000,0.766404000,1.683840000,0.000000000,0,0,0,-1,-1
24,0.000024000,0.762924000,1.684560000,0.000000000,0,0,0,-1,-1
25,0.000025000,0.759444000,1.685400000,0.000000000,0,0,0,-1,-1
26,0.000026000,0.755952000,1.686240000,0.000000000,0,0,0,-1,-1
27,0.000027000,0.752460000,1.686960000,0.000000000,0,0,0,-1,-1
28,0.000028000,0.748980000,1.687800000,0.000000000,0,0,0,-1,-1
29,0.000029000,0.745476000,1.688520000,0.000000000,0,0,0,-1,-1
30,0.000030000,0.741984000,1.689360000,0.000000000,0,0,0,-1,-1
31,0.000031000,0.738480000,1.690200000,0.000000000,0,0,0,-1,-1
32,0.000032000,0.734976000,1.690920000,0.000000000,0,0,0,-1,-1
33,0.000033000,0.731460000,1.691760000,0.000000000,0,0,0,-1,-1
34,0.000034000,0.727956000,1.692600000,0.000000000,0,0,0,-1,-1
35,0.000035000,0.724440000,1.693320000,0.000000000,0,0,0,-1,-1
36,0.000036000,0.720924000,1.694160000,0.000000000,0,0,0,-1,-1
37,0.000037000,0.717396000,1.695000000,0.000000000,0,0,0,-1,-1
38,0.000038000,0.713868000,1.695720000,0.000000000,0,0,0,-1,-1
39,0.000039000,0.710340000,1.696560000,0.000000000,0,0,0,-1,-1
40,0.000040000,0.706812000,1.697400000,0.000000000,0,0,0,-1,-1
41,0.000041000,0.703284000,1.698120000,0.000000000,0,0,0,-1,-1
42,0.000042000,0.699744000,1.698960000,0.000000000,0,0,0,-1,-1
43,0.000043000,0.696192000,1.699800000,0.000000000,0,0,0,-1,-1
44,0.000044000,0.692652000,1.700640000,0.000000000,0,0,0,-1,-1
45,0.000045000,0.689100000,1.701360000,0.000000000,0,0,0,-1,-1
46,0.000046000,0.685548000,1.702200000,0.000000000,0,0,0,-1,-1
47,0.000047000,0.681996000,1.703040000,0.000000000,0,0,0,-1,-1
48,0.000048000,0.678444000,1.703760000,0.000000000,0,0,0,-1,-1
49,0.000049000,0.674880000,1.704600000,0.000000000,0,0,0,-1,-1
50,0.000050000,0.671316000,1.705440000,0.000000000,0,0,0,-1,-1
51,0.000051000,0.667740000,1.706280000,0.000000000,0,0,0,-1,-1
52,0.000052000,0.664176000,1.707000000,0.000000000,0,0,0,-1,-1
53,0.000053000,0.660600000,1.707840000,0.000000000,0,0,0,-1,-1
54,0.000054000,0.657012000,1.708680000,0.000000000,0,0,0,-1,-1
55,0.000055000,0.653436000,1.709520000,0.000000000,0,0,0,-1,-1
56,0.000056000,0.649848000,1.710360000,0.000000000,0,0,0,-1,-1
57,0.000057000,0.646260000,1.711080000,0.000000000,0,0,0,-1,-1
58,0.000058000,0.642660000,1.711920000,0.000000000,0,0,0,-1,-1
59,0.000059000,0.639072000,1.712760000,0.000000000,0,0,0,-1,-1
60,0.000060000,0.635472000,1.713600000,0.000000000,0,0,0,-1,-1
61,0.000061000,0.631872000,1.714440000,0.000000000,0,0,0,-1,-1
62,0.000062000,0.628260000,1.715280000,0.000000000,0,0,0,-1,-1
63,0.000063000,0.624648000,1.716000000,0.000000000,0,0,0,-1,-1
64,0.000064000,0.621036000,1.716840000,0.000000000,0,0,0,-1,-1
65,0.000065000,0.617424000,1.717680000,0.000000000,0,0,0,-1,-1
66,0.000066000,0.613800000,1.718520000,0.000000000,0,0,0,-1,-1
67,0.000067000,0.610176000,1.719360000,0.000000000,0,0,0,-1,-1
68,0.000068000,0.606552000,1.720200000,0.000000000,0,0,0,-1,-1
69,0.000069000,0.602916000,1.721040000,0.000000000,0,0,0,-1,-1
70,0.000070000,0.599280000,1.721760000,0.000000000,0,0,0,-1,-1
71,0.000071000,0.595644000,1.722600000,0.000000000,0,0,0,-1,-1
72,0.000072000,0.592008000,1.723440000,0.000000000,0,0,0,-1,-1
73,0.000073000,0.588360000,1.724280000,0.000000000,0,0,0,-1,-1
74,0.000074000,0.584712000,1.725120000,0.000000000,0,0,0,-1,-1
75,0.000075000,0.581064000,1.725960000,0.000000000,0,0,0,-1,-1
76,0.000076000,0.577404000,1.726800000,0.000000000,0,0,0,-1,-1
77,0.000077000,0.573744000,1.727640000,0.000000000,0,0,0,-1,-1
78,0.000078000,0.570084000,1.728480000,0.000000000,0,0,0,-1,-1
79,0.000079000,0.566424000,1.729320000,0.000000000,0,0,0,-1,-1
80,0.000080000,0.562752000,1.730160000,0.000000000,0,0,0,-1,-1
81,0.000081000,0.559080000,1.731000000,0.000000000,0,0,0,-1,-1
82,0.000082000,0.555396000,1.731840000,0.000000000,0,0,0,-1,-1
83,0.000083000,0.551724000,1.732680000,0.000000000,0,0,0,-1,-1
84,0.000084000,0.548040000,1.733520000,0.000000000,0,0,0,-1,-1
85,0.000085000,0.544356000,1.734360000,0.000000000,0,0,0,-1,-1
86,0.000086000,0.540660000,1.735200000,0.000000000,0,0,0,-1,-1
87,0.000087000,0.536964000,1.736040000,0.000000000,0,0,0,-1,-1
88,0.000088000,0.533268000,1.736880000,0.000000000,0,0,0,-1,-1
89,0.000089000,0.529572000,1.737720000,0.000000000,0,0,0,-1,-1
90,0.000090000,0.525864000,1.738560000,0.000000000,0,0,0,-1,-1
91,0.000091000,0.522156000,1.739400000,0.000000000,0,0,0,-1,-1
92,0.000092000,0.518436000,1.740240000,0.000000000,0,0,0,-1,-1
93,0.000093000,0.514728000,1.741080000,0.000000000,0,0,0,-1,-1
94,0.000094000,0.511008000,1.741920000,0.000000000,0,0,0,-1,-1
95,0.000095000,0.507288000,1.742760000,0.000000000,0,0,0,-1,-1
96,0.000096000,0.503556000,1.743600000,0.000000000,0,0,0,-1,-1
97,0.000097000,0.499824000,1.744440000,0.000000000,0,0,0,-1,-1
98,0.000098000,0.496092000,1.745280000,0.000000000,0,0,0,-1,-1
99,0.000099000,0.492360000,1.746120000,0.000000000,0,0,0,-1,-1
100,0.000100000,0.488616000,1.746960000,0.000000000,0,0,0,-1,-1
101,0.000101000,0.484872000,1.747800000,0.000000000,0,0,0,-1,-1
102,0.000102000,0.481116000,1.748640000,0.000000000,0,0,0,-1,-1
103,0.000103000,0.477372000,1.749480000,0.000000000,0,0,0,-1,-1
104,0.000104000,0.473616000,1.750440000,0.000000000,0,0,0,-1,-1
105,0.000105000,0.469848000,1.751280000,0.000000000,0,0,0,-1,-1
106,0.000106000,0.466092000,1.752120000,0.000000000,0,0,0,-1,-1
107,0.000107000,0.462324000,1.752960000,0.000000000,0,0,0,-1,-1
108,0.000108000,0.458556000,1.753800000,0.000000000,0,0,0,-1,-1
109,0.000109000,0.454776000,1.754640000,0.000000000,0,0,0,-1,-1
110,0.000110000,0.450996000,1.755480000,0.000000000,0,0,0,-1,-1
111,0.000111000,0.447216000,1.756440000,0.000000000,0,0,0,-1,-1
112,0.000112000,0.443436000,1.757280000,0.000000000,0,0,0,-1,-1
113,0.000113000,0.439644000,1.758120000,0.000000000,0,0,0,-1,-1
114,0.000114000,0.435852000,1.758960000,0.000000000,0,0,0,-1,-1
115,0.000115000,0.432060000,1.759800000,0.000000000,0,0,0,-1,-1
116,0.000116000,0.428256000,1.760760000,0.000000000,0,0,0,-1,-1
117,0.000117000,0.424452000,1.761600000,0.000000000,0,0,0,-1,-1
118,0.000118000,0.420648000,1.762440000,0.000000000,0,0,0,-1,-1
119,0.000119000,0.416832000,1.763280000,0.000000000,0,0,0,-1,-1
120,0.000120000,0.413016000,1.764120000,0.000000000,0,0,0,-1,-1
121,0.000121000,0.409200000,1.765080000,0.000000000,0,0,0,-1,-1
122,0.000122000,0.405372000,1.765920000,0.000000000,0,0,0,-1,-1
123,0.000123000,0.401556000,1.766760000,0.000000000,0,0,0,-1,-1
124,0.000124000,0.397716000,1.767600000,0.000000000,0,0,0,-1,-1
125,0.000125000,0.393888000,1.768560000,0.000000000,0,0,0,-1,-1
126,0.000126000,0.390048000,1.769400000,0.000000000,0,0,0,-1,-1
127,0.000127000,0.386208000,1.770240000,0.000000000,0,0,0,-1,-1
128,0.000128000,0.382368000,1.771080000,0.000000000,0,0,0,-1,-1
129,0.000129000,0.378516000,1.772040000,0.000000000,0,0,0,-1,-1
130,0.000130000,0.374664000,1.772880000,0.000000000,0,0,0,-1,-1
131,0.000131000,0.370800000,1.773720000,0.000000000,0,0,0,-1,-1
132,0.000132000,0.366948000,1.774680000,0.000000000,0,0,0,-1,-1
133,0.000133000,0.363084000,1.775520000,0.000000000,0,0,0,-1,-1
134,0.000134000,0.359208000,1.776360000,0.000000000,0,0,0,-1,-1
135,0.000135000,0.355344000,1.777320000,0.000000000,0,0,0,-1,-1
136,0.000136000,0.351468000,1.778160000,0.000000000,0,0,0,-1,-1
137,0.000137000,0.347580000,1.779000000,0.000000000,0,0,0,-1,-1
138,0.000138000,0.343704000,1.779960000,0.000000000,0,0,0,-1,-1
139,0.000139000,0.339816000,1.780800000,0.000000000,0,0,0,-1,-1
140,0.000140000,0.335916000,1.781640000,0.000000000,0,0,0,-1,-1
141,0.000141000,0.332028000,1.782600000,0.000000000,0,0,0,-1,-1
142,0.000142000,0.328128000,1.783440000,0.000000000,0,0,0,-1,-1
143,0.000143000,0.324228000,1.784400000,0.000000000,0,0,0,-1,-1
144,0.000144000,0.320316000,1.785240000,0.000000000,0,0,0,-1,-1
145,0.000145000,0.316404000,1.786080000,0.000000000,0,0,0,-1,-1
146,0.000146000,0.312492000,1.787040000,0.000000000,0,0,0,-1,-1
147,0.000147000,0.308568000,1.787880000,0.000000000,0,0,0,-1,-1
148,0.000148000,0.304656000,1.788840000,0.000000000,0,0,0,-1,-1
149,0.000149000,0.300720000,1.789680000,0.000000000,0,0,0,-1,-1
150,0.000150000,0.296796000,1.790640000,0.000000000,0,0,0,-1,-1
151,0.000151000,0.292860000,1.791480000,0.000000000,0,0,0,-1,-1
152,0.000152000,0.288924000,1.792440000,0.000000000,0,0,0,-1,-1
153,0.000153000,0.284976000,1.793280000,0.000000000,0,0,0,-1,-1
154,0.000154000,0.281028000,1.794120000,0.000000000,0,0,0,-1,-1
155,0.000155000,0.277080000,1.795080000,0.000000000,0,0,0,-1,-1
156,0.000156000,0.273132000,1.795920000,0.000000000,0,0,0,-1,-1
157,0.000157000,0.269172000,1.796880000,0.000000000,0,0,0,-1,-1
158,0.000158000,0.265212000,1.797720000,0.000000000,0,0,0,-1,-1
159,0.000159000,0.261240000,1.798680000,0.000000000,0,0,0,-1,-1
160,0.000160000,0.257280000,1.799520000,0.000000000,0,0,0,-1,-1
161,0.000161000,0.253296000,1.800480000,0.000000000,0,0,0,-1,-1
162,0.000162000,0.249324000,1.801440000,0.000000000,0,0,0,-1,-1
163,0.000163000,0.245340000,1.802280000,0.000000000,0,0,0,-1,-1
164,0.000164000,0.241356000,1.803240000,0.000000000,0,0,0,-1,-1
165,0.000165000,0.237372000,1.804080000,0.000000000,0,0,0,-1,-1
166,0.000166000,0.233376000,1.805040000,0.000000000,0,0,0,-1,-1
167,0.000167000,0.229380000,1.805880000,0.000000000,0,0,0,-1,-1
168,0.000168000,0.225372000,1.806840000,0.000000000,0,0,0,-1,-1
169,0.000169000,0.221364000,1.807800000,0.000000000,0,0,0,-1,-1
170,0.000170000,0.217356000,1.808640000,0.000000000,0,0,0,-1,-1
171,0.000171000,0.213348000,1.809600000,0.000000000,0,0,0,-1,-1
172,0.000172000,0.209328000,1.810440000,0.000000000,0,0,0,-1,-1
173,0.000173000,0.205308000,1.811400000,0.000000000,0,0,0,-1,-1
174,0.000174000,0.201276000,1.812360000,0.000000000,0,0,0,-1,-1
175,0.000175000,0.197244000,1.813200000,0.000000000,0,0,0,-1,-1
176,0.000176000,0.193212000,1.814160000,0.000000000,0,0,0,-1,-1
177,0.000177000,0.189180000,1.815120000,0.000000000,0,0,0,-1,-1
178,0.000178000,0.185136000,1.815960000,0.000000000,0,0,0,-1,-1
179,0.000179000,0.181080000,1.816920000,0.000000000,0,0,0,-1,-1
180,0.000180000,0.177036000,1.817880000,0.000000000,0,0,0,-1,-1
181,0.000181000,0.172980000,1.818720000,0.000000000,0,0,0,-1,-1
182,0.000182000,0.168924000,1.819680000,0.000000000,0,0,0,-1,-1
183,0.000183000,0.164856000,1.820640000,0.000000000,0,0,0,-1,-1
184,0.000184000,0.160788000,1.821480000,0.000000000,0,0,0,-1,-1
185,0.000185000,0.156720000,1.822440000,0.000000000,0,0,0,-1,-1
186,0.000186000,0.152640000,1.823400000,0.000000000,0,0,0,-1,-1
187,0.000187000,0.148560000,1.824240000,0.000000000,0,0,0,-1,-1
188,0.000188000,0.144480000,1.825200000,0.000000000,0,0,0,-1,-1
189,0.000189000,0.140388000,1.826160000,0.000000000,0,0,0,-1,-1
190,0.000190000,0.136296000,1.827120000,0.000000000,0,0,0,-1,-1
191,0.000191000,0.132204000,1.827960000,0.000000000,0,0,0,-1,-1
192,0.000192000,0.128100000,1.828920000,0.000000000,0,0,0,-1,-1
193,0.000193000,0.123996000,1.829880000,0.000000000,0,0,0,-1,-1
194,0.000194000,0.119890800,1.830840000,0.000000000,0,0,0,-1,-1
195,0.000195000,0.115778400,1.831800000,0.000000000,0,0,0,-1,-1
196,0.000196000,0.111661200,1.832640000,0.000000000,0,0,0,-1,-1
197,0.000197000,0.107540400,1.833600000,0.000000000,0,0,0,-1,-1
198,0.000198000,0.103414800,1.834560000,0.000000000,0,0,0,-1,-1
199,0.000199000,0.099284400,1.835520000,0.000000000,0,0,0,-1,-1
200,0.000200000,0.095150400,1.836480000,0.000000000,0,0,0,-1,-1
201,0.000201000,0.091011600,1.837440000,0.000000000,0,0,0,-1,-1
202,0.000202000,0.086869200,1.838280000,0.000000000,0,0,0,-1,-1
203,0.000203000,0.082723200,1.839240000,0.000000000,0,0,0,-1,-1
204,0.000204000,0.078572400,1.840200000,0.000000000,0,0,0,-1,-1
205,0.000205000,0.074416800,1.841160000,0.000000000,0,0,0,-1,-1
206,0.000206000,0.070257600,1.842120000,0.000000000,0,0,0,-1,-1
207,0.000207000,0.066093600,1.843080000,0.000000000,0,0,0,-1,-1
208,0.000208000,0.061924800,1.844040000,0.000000000,0,0,0,-1,-1
209,0.000209000,0.057752400,1.845000000,0.000000000,0,0,0,-1,-1
210,0.000210000,0.053576400,1.845840000,0.000000000,0,0,0,-1,-1
211,0.000211000,0.049395600,1.846800000,0.000000000,0,0,0,-1,-1
212,0.000212000,0.045210000,1.847760000,0.000000000,0,0,0,-1,-1
213,0.000213000,0.041020800,1.848720000,0.000000000,0,0,0,-1,-1
214,0.000214000,0.036826800,1.849680000,0.000000000,0,0,0,-1,-1
215,0.000215000,0.032628000,1.850640000,0.000000000,0,0,0,-1,-1
216,0.000216000,0.028425600,1.851600000,0.000000000,0,0,0,-1,-1
217,0.000217000,0.024218400,1.852560000,0.000000000,0,0,0,-1,-1
218,0.000218000,0.020007600,1.853520000,0.000000000,0,0,0,-1,-1
219,0.000219000,0.015792000,1.854480000,0.000000000,0,0,0,-1,-1
220,0.000220000,0.011571600,1.855440000,0.000000000,0,0,0,-1,-1
221,0.000221000,0.007347240,1.856400000,0.000000000,0,0,0,-1,-1
222,0.000222000,0.003118560,1.857360000,0.000000000,0,0,0,-1,-1
223,0.000223000,-0.001114608,1.858320000,0.000000000,0,0,0,-1,-1
224,0.000224000,-0.005352120,1.859280000,0.000000000,0,0,0,-1,-1
225,0.000225000,-0.009594000,1.860240000,0.000000000,0,0,0,-1,-1
226,0.000226000,-0.013840800,1.861200000,0.000000000,0,0,0,-1,-1
227,0.000227000,-0.018091200,1.862160000,0.000000000,0,0,0,-1,-1
228,0.000228000,-0.022346400,1.863120000,0.000000000,0,0,0,-1,-1
229,0.000229000,-0.026606400,1.864080000,0.000000000,0,0,0,-1,-1
230,0.000230000,-0.030870000,1.865040000,0.000000000,0,0,0,-1,-1
231,0.000231000,-0.035138400,1.866120000,0.000000000,0,0,0,-1,-1
232,0.000232000,-0.039411600,1.867080000,0.000000000,0,0,0,-1,-1
233,0.000233000,-0.043688400,1.868040000,0.000000000,0,0,0,-1,-1
234,0.000234000,-0.047970000,1.869000000,0.000000000,0,0,0,-1,-1
235,0.000235000,-0.052256400,1.869960000,0.000000000,0,0,0,-1,-1
236,0.000236000,-0.056547600,1.870920000,0.000000000,0,0,0,-1,-1
237,0.000237000,-0.060842400,1.871880000,0.000000000,0,0,0,-1,-1
238,0.000238000,-0.065142000,1.872840000,0.000000000,0,0,0,-1,-1
239,0.000239000,-0.069446400,1.873920000,0.000000000,0,0,0,-1,-1
240,0.000240000,-0.073755600,1.874880000,0.000000000,0,0,0,-1,-1
241,0.000241000,-0.078068400,1.875840000,0.000000000,0,0,0,-1,-1
242,0.000242000,-0.082386000,1.876800000,0.000000000,0,0,0,-1,-1
243,0.000243000,-0.086708400,1.877760000,0.000000000,0,0,0,-1,-1
244,0.000244000,-0.091034400,1.878720000,0.000000000,0,0,0,-1,-1
245,0.000245000,-0.095366400,1.879800000,0.000000000,0,0,0,-1,-1
246,0.000246000,-0.099702000,1.880760000,0.000000000,0,0,0,-1,-1
247,0.000247000,-0.104042400,1.881720000,0.000000000,0,0,0,-1,-1
248,0.000248000,-0.108387600,1.882680000,0.000000000,0,0,0,-1,-1
249,0.000249000,-0.112737600,1.883760000,0.000000000,0,0,0,-1,-1
250,0.000250000,-0.117091200,1.884720000,0.000000000,0,0,0,-1,-1
251,0.000251000,-0.121452000,1.885680000,0.000000000,0,0,0,-1,-1
252,0.000252000,-0.125808000,1.886640000,0.000000000,0,0,0,-1,-1
253,0.000253000,-0.130176000,1.887720000,0.000000000,0,0,0,-1,-1
254,0.000254000,-0.134556000,1.888680000,0.000000000,0,0,0,-1,-1
255,0.000255000,-0.138936000,1.889640000,0.000000000,0,0,0,-1,-1
256,0.000256000,-0.143316000,1.890720000,0.000000000,0,0,0,-1,-1
257,0.000257000,-0.147696000,1.891680000,0.000000000,0,0,0,-1,-1
258,0.000258000,-0.152088000,1.892640000,0.000000000,0,0,0,-1,-1
259,0.000259000,-0.156480000,1.893600000,0.000000000,0,0,0,-1,-1
260,0.000260000,-0.160884000,1.894680000,0.000000000,0,0,0,-1,-1
261,0.000261000,-0.165288000,1.895640000,0.000000000,0,0,0,-1,-1
262,0.000262000,-0.169704000,1.896720000,0.000000000,0,0,0,-1,-1
263,0.000263000,-0.174108000,1.897680000,0.000000000,0,0,0,-1,-1
264,0.000264000,-0.178536000,1.898640000,0.000000000,0,0,0,-1,-1
265,0.000265000,-0.182952000,1.899720000,0.000000000,0,0,0,-1,-1
266,0.000266000,-0.187380000,1.900680000,0.000000000,0,0,0,-1,-1
267,0.000267000,-0.191820000,1.901640000,0.000000000,0,0,0,-1,-1
268,0.000268000,-0.196260000,1.902720000,0.000000000,0,0,0,-1,-1
269,0.000269000,-0.200700000,1.903680000,0.000000000,0,0,0,-1,-1
270,0.000270000,-0.205140000,1.904760000,0.000000000,0,0,0,-1,-1
271,0.000271000,-0.209592000,1.905720000,0.000000000,0,0,0,-1,-1
272,0.000272000,-0.214056000,1.906800000,0.000000000,0,0,0,-1,-1
273,0.000273000,-0.218508000,1.907760000,0.000000000,0,0,0,-1,-1
274,0.000274000,-0.222984000,1.908720000,0.000000000,0,0,0,-1,-1
275,0.000275000,-0.227448000,1.909800000,0.000000000,0,0,0,-1,-1
276,0.000276000,-0.231924000,1.910760000,0.000000000,0,0,0,-1,-1
277,0.000277000,-0.236412000,1.911840000,0.000000000,0,0,0,-1,-1
278,0.000278000,-0.240888000,1.912800000,0.000000000,0,0,0,-1,-1
279,0.000279000,-0.245376000,1.913880000,0.000000000,0,0,0,-1,-1
280,0.000280000,-0.249876000,1.914840000,0.000000000,0,0,0,-1,-1
281,0.000281000,-0.254376000,1.915920000,0.000000000,0,0,0,-1,-1
282,0.000282000,-0.258876000,1.917000000,0.000000000,0,0,0,-1,-1
283,0.000283000,-0.263388000,1.917960000,0.000000000,0,0,0,-1,-1
284,0.000284000,-0.267900000,1.919040000,0.000000000,0,0,0,-1,-1
285,0.000285000,-0.272424000,1.920000000,0.000000000,0,0,0,-1,-1
286,0.000286000,-0.276948000,1.921080000,0.000000000,0,0,0,-1,-1
287,0.000287000,-0.281472000,1.922040000,0.000000000,0,0,0,-1,-1
288,0.000288000,-0.286008000,1.923120000,0.000000000,0,0,0,-1,-1
289,0.000289000,-0.290544000,1.924200000,0.000000000,0,0,0,-1,-1
290,0.000290000,-0.295092000,1.925160000,0.000000000,0,0,0,-1,-1
291,0.000291000,-0.299640000,1.926240000,0.000000000,0,0,0,-1,-1
292,0.000292000,-0.304188000,1.927200000,0.000000000,0,0,0,-1,-1
293,0.000293000,-0.308748000,1.928280000,0.000000000,0,0,0,-1,-1
294,0.000294000,-0.313308000,1.929360000,0.000000000,0,0,0,-1,-1
295,0.000295000,-0.317880000,1.930320000,0.000000000,0,0,0,-1,-1
296,0.000296000,-0.322452000,1.931400000,0.000000000,0,0,0,-1,-1
297,0.000297000,-0.327024000,1.932480000,0.000000000,0,0,0,-1,-1
298,0.000298000,-0.331608000,1.933440000,0.000000000,0,0,0,-1,-1
299,0.000299000,-0.336192000,1.934520000,0.000000000,0,0,0,-1,-1
300,0.000300000,-0.340788000,1.935600000,0.000000000,0,0,0,-1,-1
301,0.000301000,-0.345384000,1.936560000,0.000000000,0,0,0,-1,-1
302,0.000302000,-0.349992000,1.937640000,0.000000000,0,0,0,-1,-1
303,0.000303000,-0.354600000,1.938720000,0.000000000,0,0,0,-1,-1
304,0.000304000,-0.359208000,1.939800000,0.000000000,0,0,0,-1,-1
305,0.000305000,-0.363828000,1.940760000,0.000000000,0,0,0,-1,-1
306,0.000306000,-0.368448000,1.941840000,0.000000000,0,0,0,-1,-1
307,0.000307000,-0.373068000,1.942920000,0.000000000,0,0,0,-1,-1
308,0.000308000,-0.377700000,1.944000000,0.000000000,0,0,0,-1,-1
309,0.000309000,-0.382344000,1.944960000,0.000000000,0,0,0,-1,-1
310,0.000310000,-0.386988000,1.946040000,0.000000000,0,0,0,-1,-1
311,0.000311000,-0.391632000,1.947120000,0.000000000,0,0,0,-1,-1
312,0.000312000,-0.396288000,1.948200000,0.000000000,0,0,0,-1,-1
313,0.000313000,-0.400944000,1.949280000,0.000000000,0,0,0,-1,-1
314,0.000314000,-0.405600000,1.950360000,0.000000000,0,0,0,-1,-1
315,0.000315000,-0.410268000,1.951320000,0.000000000,0,0,0,-1,-1
316,0.000316000,-0.414948000,1.952400000,0.000000000,0,0,0,-1,-1
317,0.000317000,-0.419616000,1.953480000,0.000000000,0,0,0,-1,-1
318,0.000318000,-0.424308000,1.954560000,0.000000000,0,0,0,-1,-1
319,0.000319000,-0.428988000,1.955640000,0.000000000,0,0,0,-1,-1
320,0.000320000,-0.433680000,1.956720000,0.000000000,0,0,0,-1,-1
321,0.000321000,-0.438384000,1.957800000,0.000000000,0,0,0,-1,-1
322,0.000322000,-0.443088000,1.958880000,0.000000000,0,0,0,-1,-1
323,0.000323000,-0.447792000,1.959840000,0.000000000,0,0,0,-1,-1
324,0.000324000,-0.452508000,1.960920000,0.000000000,0,0,0,-1,-1
325,0.000325000,-0.457224000,1.962000000,0.000000000,0,0,0,-1,-1
326,0.000326000,-0.461952000,1.963080000,0.000000000,0,0,0,-1,-1
327,0.000327000,-0.466680000,1.964160000,0.000000000,0,0,0,-1,-1
328,0.000328000,-0.471420000,1.965240000,0.000000000,0,0,0,-1,-1
329,0.000329000,-0.476148000,1.966320000,0.000000000,0,0,0,-1,-1
330,0.000330000,-0.480900000,1.967400000,0.000000000,0,0,0,-1,-1
331,0.000331000,-0.485652000,1.968480000,0.000000000,0,0,0,-1,-1
332,0.000332000,-0.490404000,1.969560000,0.000000000,0,0,0,-1,-1
333,0.000333000,-0.495168000,1.970640000,0.000000000,0,0,0,-1,-1
334,0.000334000,-0.499932000,1.971720000,0.000000000,0,0,0,-1,-1
335,0.000335000,-0.504696000,1.972800000,0.000000000,0,0,0,-1,-1
336,0.000336000,-0.509472000,1.973880000,0.000000000,0,0,0,-1,-1
337,0.000337000,-0.514260000,1.974960000,0.000000000,0,0,0,-1,-1
338,0.000338000,-0.519048000,1.976040000,0.000000000,0,0,0,-1,-1
339,0.000339000,-0.523836000,1.977240000,0.000000000,0,0,0,-1,-1
340,0.000340000,-0.528636000,1.978320000,0.000000000,0,0,0,-1,-1
341,0.000341000,-0.533436000,1.979400000,0.000000000,0,0,0,-1,-1
342,0.000342000,-0.538248000,1.980480000,0.000000000,0,0,0,-1,-1
343,0.000343000,-0.543060000,1.981560000,0.000000000,0,0,0,-1,-1
344,0.000344000,-0.547872000,1.982640000,0.000000000,0,0,0,-1,-1
345,0.000345000,-0.552696000,1.983720000,0.000000000,0,0,0,-1,-1
346,0.000346000,-0.557532000,1.984800000,0.000000000,0,0,0,-1,-1
347,0.000347000,-0.562356000,1.986000000,0.000000000,0,0,0,-1,-1
348,0.000348000,-0.567204000,1.987080000,0.000000000,0,0,0,-1,-1
349,0.000349000,-0.572040000,1.988160000,0.000000000,0,0,0,-1,-1
350,0.000350000,-0.576900000,1.989240000,0.000000000,0,0,0,-1,-1
351,0.000351000,-0.581748000,1.990320000,0.000000000,0,0,0,-1,-1
352,0.000352000,-0.586608000,1.991520000,0.000000000,0,0,0,-1,-1
353,0.000353000,-0.591480000,1.992600000,0.000000000,0,0,0,-1,-1
354,0.000354000,-0.596352000,1.993680000,0.000000000,0,0,0,-1,-1
355,0.000355000,-0.601224000,1.994760000,0.000000000,0,0,0,-1,-1
356,0.000356000,-0.606108000,1.995840000,0.000000000,0,0,0,-1,-1
357,0.000357000,-0.611004000,1.997040000,0.000000000,0,0,0,-1,-1
358,0.000358000,-0.615888000,1.998120000,0.000000000,0,0,0,-1,-1
359,0.000359000,-0.620796000,1.999200000,0.000000000,0,0,0,-1,-1
360,0.000360000,-0.625692000,2.000400000,0.000000000,0,0,0,-1,-1
361,0.000361000,-0.630612000,2.001480000,0.000000000,0,0,0,-1,-1
362,0.000362000,-0.635520000,2.002560000,0.000000000,0,0,0,-1,-1
363,0.000363000,-0.640440000,2.003760000,0.000000000,0,0,0,-1,-1
364,0.000364000,-0.645372000,2.004840000,0.000000000,0,0,0,-1,-1
365,0.000365000,-0.650304000,2.005920000,0.000000000,0,0,0,-1,-1
366,0.000366000,-0.655236000,2.007120000,0.000000000,0,0,0,-1,-1
367,0.000367000,-0.660180000,2.008200000,0.000000000,0,0,0,-1,-1
368,0.000368000,-0.665136000,2.009280000,0.000000000,0,0,0,-1,-1
369,0.000369000,-0.670092000,2.010480000,0.000000000,0,0,0,-1,-1
370,0.000370000,-0.675048000,2.011560000,0.000000000,0,0,0,-1,-1
371,0.000371000,-0.680016000,2.012760000,0.000000000,0,0,0,-1,-1
372,0.000372000,-0.684984000,2.013840000,0.000000000,0,0,0,-1,-1
373,0.000373000,-0.689964000,2.014920000,0.000000000,0,0,0,-1,-1
374,0.000374000,-0.694944000,2.016120000,0.000000000,0,0,0,-1,-1
375,0.000375000,-0.699924000,2.017200000,0.000000000,0,0,0,-1,-1
376,0.000376000,-0.704928000,2.018400000,0.000000000,0,0,0,-1,-1
377,0.000377000,-0.709920000,2.019480000,0.000000000,0,0,0,-1,-1
378,0.000378000,-0.714924000,2.020680000,0.000000000,0,0,0,-1,-1
379,0.000379000,-0.719940000,2.021760000,0.000000000,0,0,0,-1,-1
380,0.000380000,-0.724956000,2.022960000,0.000000000,0,0,0,-1,-1
381,0.000381000,-0.729972000,2.024040000,0.000000000,0,0,0,-1,-1
382,0.000382000,-0.735000000,2.025240000,0.000000000,0,0,0,-1,-1
383,0.000383000,-0.740040000,2.026320000,0.000000000,0,0,0,-1,-1
384,0.000384000,-0.745068000,2.027520000,0.000000000,0,0,0,-1,-1
385,0.000385000,-0.750120000,2.028600000,0.000000000,0,0,0,-1,-1
386,0.000386000,-0.755172000,2.029800000,0.000000000,0,0,0,-1,-1
387,0.000387000,-0.760224000,2.030880000,0.000000000,0,0,0,-1,-1
388,0.000388000,-0.765288000,2.032080000,0.000000000,0,0,0,-1,-1
389,0.000389000,-0.770352000,2.033280000,0.000000000,0,0,0,-1,-1
390,0.000390000,-0.775428000,2.034360000,0.000000000,0,0,0,-1,-1
391,0.000391000,-0.780504000,2.035560000,0.000000000,0,0,0,-1,-1
392,0.000392000,-0.785592000,2.036760000,0.000000000,0,0,0,-1,-1
393,0.000393000,-0.790680000,2.037840000,0.000000000,0,0,0,-1,-1
394,0.000394000,-0.795780000,2.039040000,0.000000000,0,0,0,-1,-1
395,0.000395000,-0.800880000,2.040240000,0.000000000,0,0,0,-1,-1
396,0.000396000,-0.805980000,2.041320000,0.000000000,0,0,0,-1,-1
397,0.000397000,-0.811104000,2.042520000,0.000000000,0,0,0,-1,-1
398,0.000398000,-0.816216000,2.043720000,0.000000000,0,0,0,-1,-1
399,0.000399000,-0.821340000,2.044800000,0.000000000,0,0,0,-1,-1
400,0.000400000,-0.826476000,2.046000000,0.000000000,0,0,0,-1,-1
401,0.000401000,-0.831612000,2.047200000,0.000000000,0,0,0,-1,-1
402,0.000402000,-0.836748000,2.048400000,0.000000000,0,0,0,-1,-1
403,0.000403000,-0.841896000,2.049480000,0.000000000,0,0,0,-1,-1
404,0.000404000,-0.847056000,2.050680000,0.000000000,0,0,0,-1,-1
405,0.000405000,-0.852216000,2.051880000,0.000000000,0,0,0,-1,-1
406,0.000406000,-0.857388000,2.053080000,0.000000000,0,0,0,-1,-1
407,0.000407000,-0.862560000,2.054160000,0.000000000,0,0,0,-1,-1
408,0.000408000,-0.867732000,2.055360000,0.000000000,0,0,0,-1,-1
409,0.000409000,-0.872916000,2.056560000,0.000000000,0,0,0,-1,-1
410,0.000410000,-0.878112000,2.057760000,0.000000000,0,0,0,-1,-1
411,0.000411000,-0.883308000,2.058960000,0.000000000,0,0,0,-1,-1
412,0.000412000,-0.888504000,2.060160000,0.000000000,0,0,0,-1,-1
413,0.000413000,-0.893712000,2.061240000,0.000000000,0,0,0,-1,-1
414,0.000414000,-0.898932000,2.062440000,0.000000000,0,0,0,-1,-1
415,0.000415000,-0.904152000,2.063640000,0.000000000,0,0,0,-1,-1
416,0.000416000,-0.909372000,2.064840000,0.000000000,0,0,0,-1,-1
417,0.000417000,-0.914604000,2.066040000,0.000000000,0,0,0,-1,-1
418,0.000418000,-0.919848000,2.067240000,0.000000000,0,0,0,-1,-1
419,0.000419000,-0.925092000,2.068440000,0.000000000,0,0,0,-1,-1
420,0.000420000,-0.930336000,2.069640000,0.000000000,0,0,0,-1,-1
421,0.000421000,-0.935592000,2.070840000,0.000000000,0,0,0,-1,-1
422,0.000422000,-0.940860000,2.072040000,0.000000000,0,0,0,-1,-1
423,0.000423000,-0.946128000,2.073240000,0.000000000,0,0,0,-1,-1
424,0.000424000,-0.951396000,2.074440000,0.000000000,0,0,0,-1,-1
425,0.000425000,-0.956676000,2.075640000,0.000000000,0,0,0,-1,-1
426,0.000426000,-0.961968000,2.076840000,0.000000000,0,0,0,-1,-1
427,0.000427000,-0.967260000,2.078040000,0.000000000,0,0,0,-1,-1
428,0.000428000,-0.972564000,2.079240000,0.000000000,0,0,0,-1,-1
429,0.000429000,-0.977868000,2.080440000,0.000000000,0,0,0,-1,-1
430,0.000430000,-0.983172000,2.081640000,0.000000000,0,0,0,-1,-1
431,0.000431000,-0.988488000,2.082840000,0.000000000,0,0,0,-1,-1
432,0.000432000,-0.993816000,2.084040000,0.000000000,0,0,0,-1,-1
433,0.000433000,-0.999144000,2.085240000,0.000000000,0,0,0,-1,-1
434,0.000434000,-1.004484000,2.086440000,0.000000000,0,0,0,-1,-1
435,0.000435000,-1.009824000,2.087640000,0.000000000,0,0,0,-1,-1
436,0.000436000,-1.015176000,2.088960000,0.000000000,0,0,0,-1,-1
437,0.000437000,-1.020528000,2.090160000,0.000000000,0,0,0,-1,-1
438,0.000438000,-1.025892000,2.091360000,0.000000000,0,0,0,-1,-1
439,0.000439000,-1.031256000,2.092560000,0.000000000,0,0,0,-1,-1
440,0.000440000,-1.036632000,2.093760000,0.000000000,0,0,0,-1,-1
441,0.000441000,-1.042008000,2.094960000,0.000000000,0,0,0,-1,-1
442,0.000442000,-1.047396000,2.096280000,0.000000000,0,0,0,-1,-1
443,0.000443000,-1.052784000,2.097480000,0.000000000,0,0,0,-1,-1
444,0.000444000,-1.058184000,2.098680000,0.000000000,0,0,0,-1,-1
445,0.000445000,-1.063572000,2.091360000,0.000000000,0,0,0,-1,-1
446,0.000446000,-1.068960000,2.084160000,0.000000000,0,0,0,-1,-1
447,0.000447000,-1.074372000,2.085360000,0.000000000,0,0,0,-1,-1
448,0.000448000,-1.079772000,2.078040000,0.000000000,0,0,0,-1,-1
449,0.000449000,-1.079748000,2.069520000,0.000000000,0,0,0,-1,-1
450,0.000450000,-1.085160000,2.062200000,0.000000000,0,0,0,-1,-1
451,0.000451000,-1.085136000,2.053680000,0.000000000,0,0,0,-1,-1
452,0.000452000,-1.090548000,2.046360000,0.000000000,0,0,0,-1,-1
453,0.000453000,-1.090524000,2.037840000,0.000000000,0,0,0,-1,-1
454,0.000454000,-1.090500000,2.029320000,0.000000000,0,0,0,-1,-1
455,0.000455000,-1.090476000,2.020800000,0.000000000,0,0,0,-1,-1
456,0.000456000,-1.090452000,2.012280000,0.000000000,0,0,0,-1,-1
457,0.000457000,-1.090428000,2.003760000,0.000000000,0,0,0,-1,-1
458,0.000458000,-1.090416000,1.995240000,0.000000000,0,0,0,-1,-1
459,0.000459000,-1.090392000,1.986720000,0.000000000,0,0,0,-1,-1
460,0.000460000,-1.090368000,1.978200000,0.000000000,0,0,0,-1,-1
461,0.000461000,-1.090344000,1.969680000,0.000000000,0,0,0,-1,-1
462,0.000462000,-1.090320000,1.961160000,0.000000000,0,0,0,-1,-1
463,0.000463000,-1.090296000,1.952640000,0.000000000,0,0,0,-1,-1
464,0.000464000,-1.090272000,1.944120000,0.000000000,0,0,0,-1,-1
465,0.000465000,-1.090248000,1.935600000,0.000000000,0,0,0,-1,-1
466,0.000466000,-1.090224000,1.927080000,0.000000000,0,0,0,-1,-1
467,0.000467000,-1.090200000,1.918560000,0.000000000,0,0,0,-1,-1
468,0.000468000,-1.090176000,1.910040000,5.000000000,1,1,1,0,0
469,0.000469000,-1.090152000,1.901520000,0.000000000,0,0,0,-1,-1
470,0.000470000,-1.090140000,1.893000000,0.000000000,0,0,0,-1,-1
471,0.000471000,-1.090116000,1.884480000,0.000000000,0,0,0,-1,-1
472,0.000472000,-1.090092000,1.875960000,0.000000000,0,0,0,-1,-1
473,0.000473000,-1.090068000,1.867440000,0.000000000,0,0,0,-1,-1
474,0.000474000,-1.090044000,1.858920000,0.000000000,0,0,0,-1,-1
475,0.000475000,-1.090020000,1.850400000,0.000000000,0,0,0,-1,-1
476,0.000476000,-1.089996000,1.841880000,0.000000000,0,0,0,-1,-1
477,0.000477000,-1.089972000,1.833360000,0.000000000,0,0,0,-1,-1
478,0.000478000,-1.089948000,1.824840000,0.000000000,0,0,0,-1,-1
479,0.000479000,-1.089924000,1.816320000,0.000000000,0,0,0,-1,-1
480,0.000480000,-1.089900000,1.807800000,0.000000000,0,0,0,-1,-1
481,0.000481000,-1.089876000,1.799160000,0.000000000,0,0,0,-1,-1
482,0.000482000,-1.089852000,1.790640000,0.000000000,0,0,0,-1,-1
483,0.000483000,-1.089840000,1.782120000,0.000000000,0,0,0,-1,-1
484,0.000484000,-1.089816000,1.773600000,0.000000000,0,0,0,-1,-1
485,0.000485000,-1.089792000,1.765080000,0.000000000,0,0,0,-1,-1
486,0.000486000,-1.089768000,1.756560000,0.000000000,0,0,0,-1,-1
487,0.000487000,-1.089744000,1.748040000,0.000000000,0,0,0,-1,-1
488,0.000488000,-1.089720000,1.739520000,0.000000000,0,0,0,-1,-1
489,0.000489000,-1.089696000,1.731000000,0.000000000,0,0,0,-1,-1
490,0.000490000,-1.089672000,1.722480000,0.000000000,0,0,0,-1,-1
491,0.000491000,-1.089648000,1.713960000,0.000000000,0,0,0,-1,-1
492,0.000492000,-1.089624000,1.705440000,0.000000000,0,0,0,-1,-1
493,0.000493000,-1.089600000,1.696920000,0.000000000,0,0,0,-1,-1
494,0.000494000,-1.089576000,1.688400000,0.000000000,0,0,0,-1,-1
495,0.000495000,-1.089564000,1.679880000,0.000000000,0,0,0,-1,-1
496,0.000496000,-1.089540000,1.671360000,0.000000000,0,0,0,-1,-1
497,0.000497000,-1.089516000,1.662840000,0.000000000,0,0,0,-1,-1
498,0.000498000,-1.089492000,1.654320000,5.000000000,1,1,0,1,0
499,0.000499000,-1.089468000,1.645800000,0.000000000,0,0,0,-1,-1
500,0.000500000,-1.089444000,1.637280000,0.000000000,0,0,0,-1,-1
501,0.000501000,-1.089420000,1.628760000,0.000000000,0,0,0,-1,-1
502,0.000502000,-1.089396000,1.620240000,0.000000000,0,0,0,-1,-1
503,0.000503000,-1.089372000,1.611720000,0.000000000,0,0,0,-1,-1
504,0.000504000,-1.089348000,1.603200000,0.000000000,0,0,0,-1,-1
505,0.000505000,-1.089324000,1.594560000,0.000000000,0,0,0,-1,-1
506,0.000506000,-1.089300000,1.586040000,0.000000000,0,0,0,-1,-1
507,0.000507000,-1.089288000,1.577520000,0.000000000,0,0,0,-1,-1
508,0.000508000,-1.089264000,1.569000000,0.000000000,0,0,0,-1,-1
509,0.000509000,-1.089240000,1.560480000,0.000000000,0,0,0,-1,-1
510,0.000510000,-1.089216000,1.551960000,0.000000000,0,0,0,-1,-1
511,0.000511000,-1.089192000,1.543440000,0.000000000,0,0,0,-1,-1
512,0.000512000,-1.089168000,1.534920000,0.000000000,0,0,0,-1,-1
513,0.000513000,-1.089144000,1.526400000,0.000000000,0,0,0,-1,-1
514,0.000514000,-1.089120000,1.517880000,0.000000000,0,0,0,-1,-1
515,0.000515000,-1.089096000,1.509360000,0.000000000,0,0,0,-1,-1
516,0.000516000,-1.089072000,1.500840000,0.000000000,0,0,0,-1,-1
517,0.000517000,-1.089048000,1.492320000,0.000000000,0,0,0,-1,-1
518,0.000518000,-1.089024000,1.483800000,0.000000000,0,0,0,-1,-1
519,0.000519000,-1.089000000,1.475280000,0.000000000,0,0,0,-1,-1
520,0.000520000,-1.088988000,1.466760000,0.000000000,0,0,0,-1,-1
521,0.000521000,-1.088964000,1.458240000,0.000000000,0,0,0,-1,-1
522,0.000522000,-1.088940000,1.449720000,0.000000000,0,0,0,-1,-1
523,0.000523000,-1.088916000,1.441200000,0.000000000,0,0,0,-1,-1
524,0.000524000,-1.088892000,1.432680000,0.000000000,0,0,0,-1,-1
525,0.000525000,-1.088868000,1.424160000,0.000000000,0,0,0,-1,-1
526,0.000526000,-1.088844000,1.415640000,0.000000000,0,0,0,-1,-1
527,0.000527000,-1.088820000,1.407000000,0.000000000,0,0,0,-1,-1
528,0.000528000,-1.088796000,1.398480000,5.000000000,1,1,0,2,0
529,0.000529000,-1.088772000,1.389960000,0.000000000,0,0,0,-1,-1
530,0.000530000,-1.088748000,1.381440000,0.000000000,0,0,0,-1,-1
531,0.000531000,-1.088724000,1.372920000,0.000000000,0,0,0,-1,-1
532,0.000532000,-1.088712000,1.364400000,0.000000000,0,0,0,-1,-1
533,0.000533000,-1.088688000,1.355880000,0.000000000,0,0,0,-1,-1
534,0.000534000,-1.088664000,1.347360000,0.000000000,0,0,0,-1,-1
535,0.000535000,-1.088640000,1.338840000,0.000000000,0,0,0,-1,-1
536,0.000536000,-1.088616000,1.330320000,0.000000000,0,0,0,-1,-1
537,0.000537000,-1.088592000,1.321800000,0.000000000,0,0,0,-1,-1
538,0.000538000,-1.088568000,1.313280000,0.000000000,0,0,0,-1,-1
539,0.000539000,-1.088544000,1.304760000,0.000000000,0,0,0,-1,-1
540,0.000540000,-1.088520000,1.296240000,0.000000000,0,0,0,-1,-1
541,0.000541000,-1.088496000,1.287720000,0.000000000,0,0,0,-1,-1
542,0.000542000,-1.088472000,1.279200000,0.000000000,0,0,0,-1,-1
543,0.000543000,-1.088448000,1.270680000,0.000000000,0,0,0,-1,-1
544,0.000544000,-1.088436000,1.262160000,0.000000000,0,0,0,-1,-1
545,0.000545000,-1.088412000,1.253640000,0.000000000,0,0,0,-1,-1
546,0.000546000,-1.088388000,1.245120000,0.000000000,0,0,0,-1,-1
547,0.000547000,-1.088364000,1.236600000,0.000000000,0,0,0,-1,-1
548,0.000548000,-1.088340000,1.227960000,0.000000000,0,0,0,-1,-1
549,0.000549000,-1.088316000,1.219440000,0.000000000,0,0,0,-1,-1
550,0.000550000,-1.088292000,1.210920000,0.000000000,0,0,0,-1,-1
551,0.000551000,-1.088268000,1.202400000,0.000000000,0,0,0,-1,-1
552,0.000552000,-1.088244000,1.193916000,0.000000000,0,0,0,-1,-1
553,0.000553000,-1.088220000,1.185384000,0.000000000,0,0,0,-1,-1
554,0.000554000,-1.088196000,1.176852000,0.000000000,0,0,0,-1,-1
555,0.000555000,-1.088172000,1.168332000,0.000000000,0,0,0,-1,-1
556,0.000556000,-1.088148000,1.159800000,0.000000000,0,0,0,-1,-1
557,0.000557000,-1.088136000,1.151280000,0.000000000,0,0,0,-1,-1
558,0.000558000,-1.088112000,1.142748000,5.000000000,1,1,0,3,0
559,0.000559000,-1.088088000,1.134228000,0.000000000,0,0,0,-1,-1
560,0.000560000,-1.088064000,1.125696000,0.000000000,0,0,0,-1,-1
561,0.000561000,-1.088040000,1.117176000,0.000000000,0,0,0,-1,-1
562,0.000562000,-1.088016000,1.108644000,0.000000000,0,0,0,-1,-1
563,0.000563000,-1.087992000,1.100124000,0.000000000,0,0,0,-1,-1
564,0.000564000,-1.087968000,1.091592000,0.000000000,0,0,0,-1,-1
565,0.000565000,-1.087944000,1.083072000,0.000000000,0,0,0,-1,-1
566,0.000566000,-1.087920000,1.074540000,0.000000000,0,0,0,-1,-1
567,0.000567000,-1.087896000,1.066008000,0.000000000,0,0,0,-1,-1
568,0.000568000,-1.087872000,1.057488000,0.000000000,0,0,0,-1,-1
569,0.000569000,-1.087860000,1.048956000,0.000000000,0,0,0,-1,-1
570,0.000570000,-1.087836000,1.040436000,0.000000000,0,0,0,-1,-1
571,0.000571000,-1.087812000,1.031904000,0.000000000,0,0,0,-1,-1
572,0.000572000,-1.087788000,1.023384000,0.000000000,0,0,0,-1,-1
573,0.000573000,-1.087764000,1.014852000,0.000000000,0,0,0,-1,-1
574,0.000574000,-1.087740000,1.006332000,0.000000000,0,0,0,-1,-1
575,0.000575000,-1.087716000,0.997800000,0.000000000,0,0,0,-1,-1
576,0.000576000,-1.087692000,0.989268000,0.000000000,0,0,0,-1,-1
577,0.000577000,-1.087668000,0.980748000,0.000000000,0,0,0,-1,-1
578,0.000578000,-1.087644000,0.972216000,0.000000000,0,0,0,-1,-1
579,0.000579000,-1.087620000,0.963696000,0.000000000,0,0,0,-1,-1
580,0.000580000,-1.087596000,0.955164000,0.000000000,0,0,0,-1,-1
581,0.000581000,-1.087572000,0.946644000,0.000000000,0,0,0,-1,-1
582,0.000582000,-1.087560000,0.938112000,0.000000000,0,0,0,-1,-1
583,0.000583000,-1.087536000,0.929580000,0.000000000,0,0,0,-1,-1
584,0.000584000,-1.087512000,0.921060000,0.000000000,0,0,0,-1,-1
585,0.000585000,-1.087488000,0.912528000,0.000000000,0,0,0,-1,-1
586,0.000586000,-1.087464000,0.904008000,0.000000000,0,0,0,-1,-1
587,0.000587000,-1.087440000,0.895476000,0.000000000,0,0,0,-1,-1
588,0.000588000,-1.087416000,0.886944000,5.000000000,1,1,0,4,0
589,0.000589000,-1.087392000,0.878424000,0.000000000,0,0,0,-1,-1
590,0.000590000,-1.087368000,0.869892000,0.000000000,0,0,0,-1,-1
591,0.000591000,-1.087344000,0.861372000,0.000000000,0,0,0,-1,-1
592,0.000592000,-1.087320000,0.852840000,0.000000000,0,0,0,-1,-1
593,0.000593000,-1.087296000,0.844308000,0.000000000,0,0,0,-1,-1
594,0.000594000,-1.087284000,0.835788000,0.000000000,0,0,0,-1,-1
595,0.000595000,-1.087260000,0.827256000,0.000000000,0,0,0,-1,-1
596,0.000596000,-1.087236000,0.818736000,0.000000000,0,0,0,-1,-1
597,0.000597000,-1.087212000,0.810204000,0.000000000,0,0,0,-1,-1
598,0.000598000,-1.087188000,0.801672000,0.000000000,0,0,0,-1,-1
599,0.000599000,-1.087164000,0.793152000,0.000000000,0,0,0,-1,-1
600,0.000600000,-1.087140000,0.784620000,0.000000000,0,0,0,-1,-1
601,0.000601000,-1.087116000,0.776100000,0.000000000,0,0,0,-1,-1
602,0.000602000,-1.087092000,0.767568000,0.000000000,0,0,0,-1,-1
603,0.000603000,-1.087068000,0.759036000,0.000000000,0,0,0,-1,-1
604,0.000604000,-1.087044000,0.750516000,0.000000000,0,0,0,-1,-1
605,0.000605000,-1.087020000,0.741984000,0.000000000,0,0,0,-1,-1
606,0.000606000,-1.087008000,0.733452000,0.000000000,0,0,0,-1,-1
607,0.000607000,-1.086984000,0.724932000,0.000000000,0,0,0,-1,-1
608,0.000608000,-1.086960000,0.716400000,0.000000000,0,0,0,-1,-1
609,0.000609000,-1.086936000,0.707880000,0.000000000,0,0,0,-1,-1
610,0.000610000,-1.086912000,0.699348000,0.000000000,0,0,0,-1,-1
611,0.000611000,-1.086888000,0.690816000,0.000000000,0,0,0,-1,-1
612,0.000612000,-1.086864000,0.682296000,0.000000000,0,0,0,-1,-1
613,0.000613000,-1.086840000,0.673764000,0.000000000,0,0,0,-1,-1
614,0.000614000,-1.086816000,0.665232000,0.000000000,0,0,0,-1,-1
615,0.000615000,-1.086792000,0.656712000,0.000000000,0,0,0,-1,-1
616,0.000616000,-1.086768000,0.648180000,0.000000000,0,0,0,-1,-1
617,0.000617000,-1.086744000,0.639648000,0.000000000,0,0,0,-1,-1
618,0.000618000,-1.086720000,0.631128000,5.000000000,1,1,0,5,0
619,0.000619000,-1.086708000,0.622596000,0.000000000,0,0,0,-1,-1
620,0.000620000,-1.086684000,0.614064000,0.000000000,0,0,0,-1,-1
621,0.000621000,-1.086660000,0.605544000,0.000000000,0,0,0,-1,-1
622,0.000622000,-1.086636000,0.597012000,0.000000000,0,0,0,-1,-1
623,0.000623000,-1.086612000,0.588480000,0.000000000,0,0,0,-1,-1
624,0.000624000,-1.086588000,0.579960000,0.000000000,0,0,0,-1,-1
625,0.000625000,-1.086564000,0.571428000,0.000000000,0,0,0,-1,-1
626,0.000626000,-1.086540000,0.562896000,0.000000000,0,0,0,-1,-1
627,0.000627000,-1.086516000,0.554376000,0.000000000,0,0,0,-1,-1
628,0.000628000,-1.086492000,0.545844000,0.000000000,0,0,0,-1,-1
629,0.000629000,-1.086468000,0.537312000,0.000000000,0,0,0,-1,-1
630,0.000630000,-1.086444000,0.528792000,0.000000000,0,0,0,-1,-1
631,0.000631000,-1.086432000,0.520260000,0.000000000,0,0,0,-1,-1
632,0.000632000,-1.086408000,0.511728000,0.000000000,0,0,0,-1,-1
633,0.000633000,-1.086384000,0.503208000,0.000000000,0,0,0,-1,-1
634,0.000634000,-1.086360000,0.494676000,0.000000000,0,0,0,-1,-1
635,0.000635000,-1.086336000,0.486144000,0.000000000,0,0,0,-1,-1
636,0.000636000,-1.086312000,0.477624000,0.000000000,0,0,0,-1,-1
637,0.000637000,-1.086288000,0.469092000,0.000000000,0,0,0,-1,-1
638,0.000638000,-1.086264000,0.460560000,0.000000000,0,0,0,-1,-1
639,0.000639000,-1.086240000,0.452040000,0.000000000,0,0,0,-1,-1
640,0.000640000,-1.086216000,0.443508000,0.000000000,0,0,0,-1,-1
641,0.000641000,-1.086192000,0.434976000,0.000000000,0,0,0,-1,-1
642,0.000642000,-1.086168000,0.426456000,0.000000000,0,0,0,-1,-1
643,0.000643000,-1.086144000,0.417924000,0.000000000,0,0,0,-1,-1
644,0.000644000,-1.086132000,0.409392000,0.000000000,0,0,0,-1,-1
645,0.000645000,-1.086108000,0.400860000,0.000000000,0,0,0,-1,-1
646,0.000646000,-1.086084000,0.392340000,0.000000000,0,0,0,-1,-1
647,0.000647000,-1.086060000,0.383808000,0.000000000,0,0,0,-1,-1
648,0.000648000,-1.086036000,0.375276000,5.000000000,1,1,0,6,0
649,0.000649000,-1.086012000,0.366756000,0.000000000,0,0,0,-1,-1
650,0.000650000,-1.085988000,0.358224000,0.000000000,0,0,0,-1,-1
651,0.000651000,-1.085964000,0.349692000,0.000000000,0,0,0,-1,-1
652,0.000652000,-1.085940000,0.341160000,0.000000000,0,0,0,-1,-1
653,0.000653000,-1.085916000,0.332640000,0.000000000,0,0,0,-1,-1
654,0.000654000,-1.085892000,0.324108000,0.000000000,0,0,0,-1,-1
655,0.000655000,-1.085868000,0.315576000,0.000000000,0,0,0,-1,-1
656,0.000656000,-1.085856000,0.307056000,0.000000000,0,0,0,-1,-1
657,0.000657000,-1.085832000,0.298524000,0.000000000,0,0,0,-1,-1
658,0.000658000,-1.085808000,0.289992000,0.000000000,0,0,0,-1,-1
659,0.000659000,-1.085784000,0.281460000,0.000000000,0,0,0,-1,-1
660,0.000660000,-1.085760000,0.272940000,0.000000000,0,0,0,-1,-1
661,0.000661000,-1.085736000,0.264408000,0.000000000,0,0,0,-1,-1
662,0.000662000,-1.085712000,0.255876000,0.000000000,0,0,0,-1,-1
663,0.000663000,-1.085688000,0.247344000,0.000000000,0,0,0,-1,-1
664,0.000664000,-1.085664000,0.238824000,0.000000000,0,0,0,-1,-1
665,0.000665000,-1.085640000,0.230292000,0.000000000,0,0,0,-1,-1
666,0.000666000,-1.085616000,0.221760000,0.000000000,0,0,0,-1,-1
667,0.000667000,-1.085592000,0.213228000,0.000000000,0,0,0,-1,-1
668,0.000668000,-1.085568000,0.204708000,0.000000000,0,0,0,-1,-1
669,0.000669000,-1.085556000,0.196176000,0.000000000,0,0,0,-1,-1
670,0.000670000,-1.085532000,0.187644000,0.000000000,0,0,0,-1,-1
671,0.000671000,-1.085508000,0.179112000,0.000000000,0,0,0,-1,-1
672,0.000672000,-1.085484000,0.170592000,0.000000000,0,0,0,-1,-1
673,0.000673000,-1.085460000,0.162060000,0.000000000,0,0,0,-1,-1
674,0.000674000,-1.085436000,0.153528000,0.000000000,0,0,0,-1,-1
675,0.000675000,-1.085412000,0.144996000,0.000000000,0,0,0,-1,-1
676,0.000676000,-1.085388000,0.136476000,0.000000000,0,0,0,-1,-1
677,0.000677000,-1.085364000,0.127944000,0.000000000,0,0,0,-1,-1
678,0.000678000,-1.085340000,0.119412000,5.000000000,1,1,0,7,0
679,0.000679000,-1.085316000,0.110882400,0.000000000,0,0,0,-1,-1
680,0.000680000,-1.085292000,0.102354000,0.000000000,0,0,0,-1,-1
681,0.000681000,-1.085280000,0.093824400,0.000000000,0,0,0,-1,-1
682,0.000682000,-1.085256000,0.085294800,0.000000000,0,0,0,-1,-1
683,0.000683000,-1.085232000,0.076765200,0.000000000,0,0,0,-1,-1
684,0.000684000,-1.085208000,0.068235600,0.000000000,0,0,0,-1,-1
685,0.000685000,-1.085184000,0.059706000,0.000000000,0,0,0,-1,-1
686,0.000686000,-1.085160000,0.051177600,0.000000000,0,0,0,-1,-1
687,0.000687000,-1.085136000,0.042648000,0.000000000,0,0,0,-1,-1
688,0.000688000,-1.085112000,0.034118400,0.000000000,0,0,0,-1,-1
689,0.000689000,-1.085088000,0.025588800,0.000000000,0,0,0,-1,-1
690,0.000690000,-1.085064000,0.017059200,0.000000000,0,0,0,-1,-1
691,0.000691000,-1.085040000,0.008529600,0.000000000,0,0,0,-1,-1
692,0.000692000,-1.085016000,0.000000000,0.000000000,0,0,0,-1,-1
693,0.000693000,-1.084992000,-0.008529600,0.000000000,0,0,0,-1,-1
694,0.000694000,-1.084980000,-0.017059200,0.000000000,0,0,0,-1,-1
695,0.000695000,-1.084956000,-0.025588800,0.000000000,0,0,0,-1,-1
696,0.000696000,-1.084932000,-0.034118400,0.000000000,0,0,0,-1,-1
697,0.000697000,-1.084908000,-0.042648000,0.000000000,0,0,0,-1,-1
698,0.000698000,-1.084884000,-0.051177600,0.000000000,0,0,0,-1,-1
699,0.000699000,-1.084860000,-0.059707200,0.000000000,0,0,0,-1,-1
700,0.000700000,-1.084836000,-0.068238000,0.000000000,0,0,0,-1,-1
701,0.000701000,-1.084812000,-0.076767600,0.000000000,0,0,0,-1,-1
702,0.000702000,-1.084788000,-0.085297200,0.000000000,0,0,0,-1,-1
703,0.000703000,-1.084764000,-0.093826800,0.000000000,0,0,0,-1,-1
704,0.000704000,-1.084740000,-0.102356400,0.000000000,0,0,0,-1,-1
705,0.000705000,-1.084716000,-0.110887200,0.000000000,0,0,0,-1,-1
706,0.000706000,-1.084704000,-0.119416800,0.000000000,0,0,0,-1,-1
707,0.000707000,-1.084680000,-0.127944000,0.000000000,0,0,0,-1,-1
708,0.000708000,-1.084656000,-0.136476000,5.000000000,1,1,0,8,0
709,0.000709000,-1.084632000,-0.145008000,0.000000000,0,0,0,-1,-1
710,0.000710000,-1.084608000,-0.153540000,0.000000000,0,0,0,-1,-1
711,0.000711000,-1.084584000,-0.162072000,0.000000000,0,0,0,-1,-1
712,0.000712000,-1.084560000,-0.170592000,0.000000000,0,0,0,-1,-1
713,0.000713000,-1.084536000,-0.179124000,0.000000000,0,0,0,-1,-1
714,0.000714000,-1.084512000,-0.187656000,0.000000000,0,0,0,-1,-1
715,0.000715000,-1.084488000,-0.196188000,0.000000000,0,0,0,-1,-1
716,0.000716000,-1.084464000,-0.204720000,0.000000000,0,0,0,-1,-1
717,0.000717000,-1.084440000,-0.213252000,0.000000000,0,0,0,-1,-1
718,0.000718000,-1.084416000,-0.221772000,0.000000000,0,0,0,-1,-1
719,0.000719000,-1.084404000,-0.230304000,0.000000000,0,0,0,-1,-1
720,0.000720000,-1.084380000,-0.238836000,0.000000000,0,0,0,-1,-1
721,0.000721000,-1.084356000,-0.247368000,0.000000000,0,0,0,-1,-1
722,0.000722000,-1.084332000,-0.255900000,0.000000000,0,0,0,-1,-1
723,0.000723000,-1.084308000,-0.264432000,0.000000000,0,0,0,-1,-1
724,0.000724000,-1.084284000,-0.272964000,0.000000000,0,0,0,-1,-1
725,0.000725000,-1.084260000,-0.281484000,0.000000000,0,0,0,-1,-1
726,0.000726000,-1.084236000,-0.290016000,0.000000000,0,0,0,-1,-1
727,0.000727000,-1.084212000,-0.298548000,0.000000000,0,0,0,-1,-1
728,0.000728000,-1.084188000,-0.307080000,0.000000000,0,0,0,-1,-1
729,0.000729000,-1.084164000,-0.315612000,0.000000000,0,0,0,-1,-1
730,0.000730000,-1.084140000,-0.324144000,0.000000000,0,0,0,-1,-1
731,0.000731000,-1.084128000,-0.332676000,0.000000000,0,0,0,-1,-1
732,0.000732000,-1.084104000,-0.341208000,0.000000000,0,0,0,-1,-1
733,0.000733000,-1.084080000,-0.349728000,0.000000000,0,0,0,-1,-1
734,0.000734000,-1.084056000,-0.358260000,0.000000000,0,0,0,-1,-1
735,0.000735000,-1.084032000,-0.366792000,0.000000000,0,0,0,-1,-1
736,0.000736000,-1.084008000,-0.375324000,0.000000000,0,0,0,-1,-1
737,0.000737000,-1.083984000,-0.383856000,0.000000000,0,0,0,-1,-1
738,0.000738000,-1.083960000,-0.392388000,5.000000000,1,1,0,9,0
739,0.000739000,-1.083936000,-0.400920000,0.000000000,0,0,0,-1,-1
740,0.000740000,-1.083912000,-0.409452000,0.000000000,0,0,0,-1,-1
741,0.000741000,-1.083888000,-0.417984000,0.000000000,0,0,0,-1,-1
742,0.000742000,-1.083864000,-0.426504000,0.000000000,0,0,0,-1,-1
743,0.000743000,-1.083840000,-0.435036000,0.000000000,0,0,0,-1,-1
744,0.000744000,-1.083828000,-0.443568000,0.000000000,0,0,0,-1,-1
745,0.000745000,-1.083804000,-0.452100000,0.000000000,0,0,0,-1,-1
746,0.000746000,-1.083780000,-0.460632000,0.000000000,0,0,0,-1,-1
747,0.000747000,-1.083756000,-0.469164000,0.000000000,0,0,0,-1,-1
748,0.000748000,-1.083732000,-0.477696000,0.000000000,0,0,0,-1,-1
749,0.000749000,-1.083708000,-0.486228000,0.000000000,0,0,0,-1,-1
750,0.000750000,-1.083684000,-0.494760000,0.000000000,0,0,0,-1,-1
751,0.000751000,-1.083660000,-0.503292000,0.000000000,0,0,0,-1,-1
752,0.000752000,-1.083636000,-0.511824000,0.000000000,0,0,0,-1,-1
753,0.000753000,-1.083612000,-0.520344000,0.000000000,0,0,0,-1,-1
754,0.000754000,-1.083588000,-0.528876000,0.000000000,0,0,0,-1,-1
755,0.000755000,-1.083564000,-0.537408000,0.000000000,0,0,0,-1,-1
756,0.000756000,-1.083540000,-0.545940000,0.000000000,0,0,0,-1,-1
757,0.000757000,-1.083528000,-0.554472000,0.000000000,0,0,0,-1,-1
758,0.000758000,-1.083504000,-0.563004000,0.000000000,0,0,0,-1,-1
759,0.000759000,-1.083480000,-0.571536000,0.000000000,0,0,0,-1,-1
760,0.000760000,-1.083456000,-0.580068000,0.000000000,0,0,0,-1,-1
761,0.000761000,-1.083432000,-0.588600000,0.000000000,0,0,0,-1,-1
762,0.000762000,-1.083408000,-0.597132000,0.000000000,0,0,0,-1,-1
763,0.000763000,-1.083384000,-0.605664000,0.000000000,0,0,0,-1,-1
764,0.000764000,-1.083360000,-0.614196000,0.000000000,0,0,0,-1,-1
765,0.000765000,-1.083336000,-0.622728000,0.000000000,0,0,0,-1,-1
766,0.000766000,-1.083312000,-0.631260000,0.000000000,0,0,0,-1,-1
767,0.000767000,-1.083288000,-0.639792000,0.000000000,0,0,0,-1,-1
768,0.000768000,-1.083264000,-0.648312000,5.000000000,1,1,0,10,0
769,0.000769000,-1.083252000,-0.656844000,0.000000000,0,0,0,-1,-1
770,0.000770000,-1.083228000,-0.665376000,0.000000000,0,0,0,-1,-1
771,0.000771000,-1.083204000,-0.673908000,0.000000000,0,0,0,-1,-1
772,0.000772000,-1.083180000,-0.682440000,0.000000000,0,0,0,-1,-1
773,0.000773000,-1.083156000,-0.690972000,0.000000000,0,0,0,-1,-1
774,0.000774000,-1.083132000,-0.699504000,0.000000000,0,0,0,-1,-1
775,0.000775000,-1.083108000,-0.708036000,0.000000000,0,0,0,-1,-1
776,0.000776000,-1.083084000,-0.716568000,0.000000000,0,0,0,-1,-1
777,0.000777000,-1.083060000,-0.725100000,0.000000000,0,0,0,-1,-1
778,0.000778000,-1.083036000,-0.733632000,0.000000000,0,0,0,-1,-1
779,0.000779000,-1.083012000,-0.742164000,0.000000000,0,0,0,-1,-1
780,0.000780000,-1.082988000,-0.750696000,0.000000000,0,0,0,-1,-1
781,0.000781000,-1.082964000,-0.759228000,0.000000000,0,0,0,-1,-1
782,0.000782000,-1.082952000,-0.767760000,0.000000000,0,0,0,-1,-1
783,0.000783000,-1.082928000,-0.776292000,0.000000000,0,0,0,-1,-1
784,0.000784000,-1.082904000,-0.784824000,0.000000000,0,0,0,-1,-1
785,0.000785000,-1.082880000,-0.793356000,0.000000000,0,0,0,-1,-1
786,0.000786000,-1.082856000,-0.801888000,0.000000000,0,0,0,-1,-1
787,0.000787000,-1.082832000,-0.810420000,0.000000000,0,0,0,-1,-1
788,0.000788000,-1.082808000,-0.818952000,0.000000000,0,0,0,-1,-1
789,0.000789000,-1.082784000,-0.827484000,0.000000000,0,0,0,-1,-1
790,0.000790000,-1.082760000,-0.836016000,0.000000000,0,0,0,-1,-1
791,0.000791000,-1.082736000,-0.844548000,0.000000000,0,0,0,-1,-1
792,0.000792000,-1.082712000,-0.853080000,0.000000000,0,0,0,-1,-1
793,0.000793000,-1.082688000,-0.861612000,0.000000000,0,0,0,-1,-1
794,0.000794000,-1.082676000,-0.870144000,0.000000000,0,0,0,-1,-1
795,0.000795000,-1.082652000,-0.878676000,0.000000000,0,0,0,-1,-1
796,0.000796000,-1.082628000,-0.887208000,0.000000000,0,0,0,-1,-1
797,0.000797000,-1.082604000,-0.895740000,0.000000000,0,0,0,-1,-1
798,0.000798000,-1.082580000,-0.904272000,5.000000000,1,1,0,11,0
799,0.000799000,-1.082556000,-0.912804000,0.000000000,0,0,0,-1,-1
800,0.000800000,-1.082532000,-0.921336000,0.000000000,0,0,0,-1,-1
801,0.000801000,-1.082508000,-0.929868000,0.000000000,0,0,0,-1,-1
802,0.000802000,-1.082484000,-0.938400000,0.000000000,0,0,0,-1,-1
803,0.000803000,-1.082460000,-0.946932000,0.000000000,0,0,0,-1,-1
804,0.000804000,-1.082436000,-0.955464000,0.000000000,0,0,0,-1,-1
805,0.000805000,-1.082412000,-0.963996000,0.000000000,0,0,0,-1,-1
806,0.000806000,-1.082388000,-0.972528000,0.000000000,0,0,0,-1,-1
807,0.000807000,-1.082376000,-0.981060000,0.000000000,0,0,0,-1,-1
808,0.000808000,-1.082352000,-0.989592000,0.000000000,0,0,0,-1,-1
809,0.000809000,-1.082328000,-0.998124000,0.000000000,0,0,0,-1,-1
810,0.000810000,-1.082304000,-1.006656000,0.000000000,0,0,0,-1,-1
811,0.000811000,-1.082280000,-1.015188000,0.000000000,0,0,0,-1,-1
812,0.000812000,-1.082256000,-1.023720000,0.000000000,0,0,0,-1,-1
813,0.000813000,-1.082232000,-1.032252000,0.000000000,0,0,0,-1,-1
814,0.000814000,-1.082208000,-1.040784000,0.000000000,0,0,0,-1,-1
815,0.000815000,-1.082184000,-1.049316000,0.000000000,0,0,0,-1,-1
816,0.000816000,-1.082160000,-1.057848000,0.000000000,0,0,0,-1,-1
817,0.000817000,-1.082136000,-1.066380000,0.000000000,0,0,0,-1,-1
818,0.000818000,-1.082112000,-1.074912000,0.000000000,0,0,0,-1,-1
819,0.000819000,-1.082088000,-1.083456000,0.000000000,0,0,0,-1,-1
820,0.000820000,-1.082076000,-1.091988000,0.000000000,0,0,0,-1,-1
821,0.000821000,-1.082052000,-1.100520000,0.000000000,0,0,0,-1,-1
822,0.000822000,-1.082028000,-1.109052000,0.000000000,0,0,0,-1,-1
823,0.000823000,-1.082004000,-1.117584000,0.000000000,0,0,0,-1,-1
824,0.000824000,-1.081980000,-1.126116000,0.000000000,0,0,0,-1,-1
825,0.000825000,-1.081956000,-1.134648000,0.000000000,0,0,0,-1,-1
826,0.000826000,-1.081932000,-1.143180000,0.000000000,0,0,0,-1,-1
827,0.000827000,-1.081908000,-1.151712000,0.000000000,0,0,0,-1,-1
828,0.000828000,-1.081884000,-1.160244000,5.000000000,1,1,0,12,0
829,0.000829000,-1.081860000,-1.168776000,0.000000000,0,0,0,-1,-1
830,0.000830000,-1.081836000,-1.177308000,0.000000000,0,0,0,-1,-1
831,0.000831000,-1.081812000,-1.185840000,0.000000000,0,0,0,-1,-1
832,0.000832000,-1.081800000,-1.194372000,0.000000000,0,0,0,-1,-1
833,0.000833000,-1.081776000,-1.202880000,0.000000000,0,0,0,-1,-1
834,0.000834000,-1.081752000,-1.211400000,0.000000000,0,0,0,-1,-1
835,0.000835000,-1.081728000,-1.219920000,0.000000000,0,0,0,-1,-1
836,0.000836000,-1.081704000,-1.228560000,0.000000000,0,0,0,-1,-1
837,0.000837000,-1.081680000,-1.237080000,0.000000000,0,0,0,-1,-1
838,0.000838000,-1.081656000,-1.245600000,0.000000000,0,0,0,-1,-1
839,0.000839000,-1.081632000,-1.254120000,0.000000000,0,0,0,-1,-1
840,0.000840000,-1.081608000,-1.262640000,0.000000000,0,0,0,-1,-1
841,0.000841000,-1.081584000,-1.271160000,0.000000000,0,0,0,-1,-1
842,0.000842000,-1.081560000,-1.279680000,0.000000000,0,0,0,-1,-1
843,0.000843000,-1.081536000,-1.288200000,0.000000000,0,0,0,-1,-1
844,0.000844000,-1.081512000,-1.296720000,0.000000000,0,0,0,-1,-1
845,0.000845000,-1.081500000,-1.305360000,0.000000000,0,0,0,-1,-1
846,0.000846000,-1.081476000,-1.313880000,0.000000000,0,0,0,-1,-1
847,0.000847000,-1.081452000,-1.322400000,0.000000000,0,0,0,-1,-1
848,0.000848000,-1.081428000,-1.330920000,0.000000000,0,0,0,-1,-1
849,0.000849000,-1.081404000,-1.339440000,0.000000000,0,0,0,-1,-1
850,0.000850000,-1.081380000,-1.347960000,0.000000000,0,0,0,-1,-1
851,0.000851000,-1.081356000,-1.356480000,0.000000000,0,0,0,-1,-1
852,0.000852000,-1.081332000,-1.365000000,0.000000000,0,0,0,-1,-1
853,0.000853000,-1.081308000,-1.373520000,0.000000000,0,0,0,-1,-1
854,0.000854000,-1.081284000,-1.382160000,0.000000000,0,0,0,-1,-1
855,0.000855000,-1.081260000,-1.390680000,0.000000000,0,0,0,-1,-1
856,0.000856000,-1.081236000,-1.399200000,0.000000000,0,0,0,-1,-1
857,0.000857000,-1.081224000,-1.407720000,0.000000000,0,0,0,-1,-1
858,0.000858000,-1.081200000,-1.416240000,5.000000000,1,1,0,13,0
859,0.000859000,-1.081176000,-1.424760000,0.000000000,0,0,0,-1,-1
860,0.000860000,-1.081152000,-1.433280000,0.000000000,0,0,0,-1,-1
861,0.000861000,-1.081128000,-1.441800000,0.000000000,0,0,0,-1,-1
862,0.000862000,-1.081104000,-1.450320000,0.000000000,0,0,0,-1,-1
863,0.000863000,-1.081080000,-1.458960000,0.000000000,0,0,0,-1,-1
864,0.000864000,-1.081056000,-1.467480000,0.000000000,0,0,0,-1,-1
865,0.000865000,-1.081032000,-1.476000000,0.000000000,0,0,0,-1,-1
866,0.000866000,-1.081008000,-1.484520000,0.000000000,0,0,0,-1,-1
867,0.000867000,-1.080984000,-1.493040000,0.000000000,0,0,0,-1,-1
868,0.000868000,-1.080960000,-1.501560000,0.000000000,0,0,0,-1,-1
869,0.000869000,-1.080936000,-1.510080000,0.000000000,0,0,0,-1,-1
870,0.000870000,-1.080924000,-1.518600000,0.000000000,0,0,0,-1,-1
871,0.000871000,-1.080900000,-1.527120000,0.000000000,0,0,0,-1,-1
872,0.000872000,-1.080876000,-1.535760000,0.000000000,0,0,0,-1,-1
873,0.000873000,-1.080852000,-1.544280000,0.000000000,0,0,0,-1,-1
874,0.000874000,-1.080828000,-1.552800000,0.000000000,0,0,0,-1,-1
875,0.000875000,-1.080804000,-1.561320000,0.000000000,0,0,0,-1,-1
876,0.000876000,-1.080780000,-1.569840000,0.000000000,0,0,0,-1,-1
877,0.000877000,-1.080756000,-1.578360000,0.000000000,0,0,0,-1,-1
878,0.000878000,-1.080732000,-1.586880000,0.000000000,0,0,0,-1,-1
879,0.000879000,-1.080708000,-1.595400000,0.000000000,0,0,0,-1,-1
880,0.000880000,-1.080684000,-1.604040000,0.000000000,0,0,0,-1,-1
881,0.000881000,-1.080660000,-1.612560000,0.000000000,0,0,0,-1,-1
882,0.000882000,-1.080636000,-1.621080000,0.000000000,0,0,0,-1,-1
883,0.000883000,-1.080624000,-1.629600000,0.000000000,0,0,0,-1,-1
884,0.000884000,-1.080600000,-1.638120000,0.000000000,0,0,0,-1,-1
885,0.000885000,-1.080576000,-1.646640000,0.000000000,0,0,0,-1,-1
886,0.000886000,-1.080552000,-1.655160000,0.000000000,0,0,0,-1,-1
887,0.000887000,-1.080528000,-1.663680000,0.000000000,0,0,0,-1,-1
888,0.000888000,-1.080504000,-1.672200000,5.000000000,1,1,0,14,0
889,0.000889000,-1.080480000,-1.680840000,0.000000000,0,0,0,-1,-1
890,0.000890000,-1.080456000,-1.689360000,0.000000000,0,0,0,-1,-1
891,0.000891000,-1.080432000,-1.697880000,0.000000000,0,0,0,-1,-1
892,0.000892000,-1.080408000,-1.706400000,0.000000000,0,0,0,-1,-1
893,0.000893000,-1.080384000,-1.714920000,0.000000000,0,0,0,-1,-1
894,0.000894000,-1.080360000,-1.723440000,0.000000000,0,0,0,-1,-1
895,0.000895000,-1.080336000,-1.731960000,0.000000000,0,0,0,-1,-1
896,0.000896000,-1.080324000,-1.740480000,0.000000000,0,0,0,-1,-1
897,0.000897000,-1.080300000,-1.749120000,0.000000000,0,0,0,-1,-1
898,0.000898000,-1.080276000,-1.757640000,0.000000000,0,0,0,-1,-1
899,0.000899000,-1.080252000,-1.766160000,0.000000000,0,0,0,-1,-1
900,0.000900000,-1.080228000,-1.774680000,0.000000000,0,0,0,-1,-1
901,0.000901000,-1.080204000,-1.783200000,0.000000000,0,0,0,-1,-1
902,0.000902000,-1.080180000,-1.791720000,0.000000000,0,0,0,-1,-1
903,0.000903000,-1.080156000,-1.800240000,0.000000000,0,0,0,-1,-1
904,0.000904000,-1.080132000,-1.808760000,0.000000000,0,0,0,-1,-1
905,0.000905000,-1.080108000,-1.817400000,0.000000000,0,0,0,-1,-1
906,0.000906000,-1.080084000,-1.825920000,0.000000000,0,0,0,-1,-1
907,0.000907000,-1.080060000,-1.834440000,0.000000000,0,0,0,-1,-1
908,0.000908000,-1.080048000,-1.842960000,0.000000000,0,0,0,-1,-1
909,0.000909000,-1.080024000,-1.851480000,0.000000000,0,0,0,-1,-1
910,0.000910000,-1.080000000,-1.860000000,0.000000000,0,0,0,-1,-1
911,0.000911000,-1.079976000,-1.868520000,0.000000000,0,0,0,-1,-1
912,0.000912000,-1.079952000,-1.877040000,0.000000000,0,0,0,-1,-1
913,0.000913000,-1.079928000,-1.885680000,0.000000000,0,0,0,-1,-1
914,0.000914000,-1.079904000,-1.894200000,0.000000000,0,0,0,-1,-1
915,0.000915000,-1.079880000,-1.902720000,0.000000000,0,0,0,-1,-1
916,0.000916000,-1.079856000,-1.911240000,0.000000000,0,0,0,-1,-1
917,0.000917000,-1.079832000,-1.919760000,0.000000000,0,0,0,-1,-1
918,0.000918000,-1.079808000,-1.928280000,5.000000000,1,1,0,15,0
919,0.000919000,-1.079784000,-1.936800000,0.000000000,0,0,0,-1,-1
920,0.000920000,-1.079760000,-1.945320000,0.000000000,0,0,0,-1,-1
921,0.000921000,-1.079748000,-1.953960000,0.000000000,0,0,0,-1,-1
922,0.000922000,-1.079724000,-1.962480000,0.000000000,0,0,0,-1,-1
923,0.000923000,-1.074264000,-1.969800000,0.000000000,0,0,0,-1,-1
924,0.000924000,-1.074240000,-1.978320000,0.000000000,0,0,0,-1,-1
925,0.000925000,-1.074216000,-1.986840000,0.000000000,0,0,0,-1,-1
926,0.000926000,-1.068768000,-1.994280000,0.000000000,0,0,0,-1,-1
927,0.000927000,-1.068744000,-2.002800000,0.000000000,0,0,0,-1,-1
928,0.000928000,-1.063296000,-2.010120000,0.000000000,0,0,0,-1,-1
929,0.000929000,-1.057860000,-2.017440000,0.000000000,0,0,0,-1,-1
930,0.000930000,-1.052424000,-2.024760000,0.000000000,0,0,0,-1,-1
931,0.000931000,-1.047000000,-2.032080000,0.000000000,0,0,0,-1,-1
932,0.000932000,-1.041588000,-2.039400000,0.000000000,0,0,0,-1,-1
933,0.000933000,-1.036200000,-2.038200000,0.000000000,0,0,0,-1,-1
934,0.000934000,-1.030788000,-2.045520000,0.000000000,0,0,0,-1,-1
935,0.000935000,-1.025412000,-2.044320000,0.000000000,0,0,0,-1,-1
936,0.000936000,-1.020048000,-2.043120000,0.000000000,0,0,0,-1,-1
937,0.000937000,-1.014660000,-2.050440000,0.000000000,0,0,0,-1,-1
938,0.000938000,-1.009296000,-2.049240000,0.000000000,0,0,0,-1,-1
939,0.000939000,-1.003944000,-2.048040000,0.000000000,0,0,0,-1,-1
940,0.000940000,-0.998604000,-2.046840000,0.000000000,0,0,0,-1,-1
941,0.000941000,-0.993264000,-2.045640000,0.000000000,0,0,0,-1,-1
942,0.000942000,-0.987924000,-2.044440000,0.000000000,0,0,0,-1,-1
943,0.000943000,-0.982596000,-2.043240000,0.000000000,0,0,0,-1,-1
944,0.000944000,-0.977304000,-2.033640000,0.000000000,0,0,0,-1,-1
945,0.000945000,-0.971988000,-2.032440000,0.000000000,0,0,0,-1,-1
946,0.000946000,-0.966684000,-2.031240000,0.000000000,0,0,0,-1,-1
947,0.000947000,-0.961404000,-2.021640000,0.000000000,0,0,0,-1,-1
948,0.000948000,-0.956100000,-2.020440000,0.000000000,0,0,0,-1,-1
949,0.000949000,-0.950844000,-2.010840000,0.000000000,0,0,0,-1,-1
950,0.000950000,-0.945576000,-2.001360000,0.000000000,0,0,0,-1,-1
951,0.000951000,-0.940320000,-1.991760000,0.000000000,0,0,0,-1,-1
952,0.000952000,-0.935076000,-1.982160000,0.000000000,0,0,0,-1,-1
953,0.000953000,-0.929832000,-1.972680000,0.000000000,0,0,0,-1,-1
954,0.000954000,-0.929856000,-1.964280000,0.000000000,0,0,0,-1,-1
955,0.000955000,-0.924624000,-1.954680000,0.000000000,0,0,0,-1,-1
956,0.000956000,-0.924636000,-1.946280000,0.000000000,0,0,0,-1,-1
957,0.000957000,-0.924660000,-1.938000000,0.000000000,0,0,0,-1,-1
958,0.000958000,-0.919428000,-1.928400000,0.000000000,0,0,0,-1,-1
959,0.000959000,-0.919452000,-1.920000000,0.000000000,0,0,0,-1,-1
960,0.000960000,-0.919476000,-1.911720000,0.000000000,0,0,0,-1,-1
961,0.000961000,-0.919500000,-1.903320000,0.000000000,0,0,0,-1,-1
962,0.000962000,-0.919524000,-1.894920000,5.000000000,1,1,0,16,0
963,0.000963000,-0.919548000,-1.886520000,0.000000000,0,0,0,-1,-1
964,0.000964000,-0.919572000,-1.878120000,0.000000000,0,0,0,-1,-1
965,0.000965000,-0.919596000,-1.869720000,0.000000000,0,0,0,-1,-1
966,0.000966000,-0.919620000,-1.861320000,0.000000000,0,0,0,-1,-1
967,0.000967000,-0.919644000,-1.852920000,0.000000000,0,0,0,-1,-1
968,0.000968000,-0.919668000,-1.844520000,0.000000000,0,0,0,-1,-1
969,0.000969000,-0.919680000,-1.836120000,0.000000000,0,0,0,-1,-1
970,0.000970000,-0.919704000,-1.827840000,0.000000000,0,0,0,-1,-1
971,0.000971000,-0.919728000,-1.819440000,0.000000000,0,0,0,-1,-1
972,0.000972000,-0.919752000,-1.811040000,0.000000000,0,0,0,-1,-1
973,0.000973000,-0.919776000,-1.802640000,0.000000000,0,0,0,-1,-1
974,0.000974000,-0.919800000,-1.794240000,0.000000000,0,0,0,-1,-1
975,0.000975000,-0.919824000,-1.785840000,0.000000000,0,0,0,-1,-1
976,0.000976000,-0.919848000,-1.777440000,0.000000000,0,0,0,-1,-1
977,0.000977000,-0.919872000,-1.769040000,0.000000000,0,0,0,-1,-1
978,0.000978000,-0.919896000,-1.760640000,0.000000000,0,0,0,-1,-1
979,0.000979000,-0.919908000,-1.752360000,0.000000000,0,0,0,-1,-1
980,0.000980000,-0.919932000,-1.743960000,0.000000000,0,0,0,-1,-1
981,0.000981000,-0.919956000,-1.735560000,0.000000000,0,0,0,-1,-1
982,0.000982000,-0.919980000,-1.727160000,0.000000000,0,0,0,-1,-1
983,0.000983000,-0.920004000,-1.718760000,0.000000000,0,0,0,-1,-1
984,0.000984000,-0.920028000,-1.710360000,0.000000000,0,0,0,-1,-1
985,0.000985000,-0.920052000,-1.701960000,0.000000000,0,0,0,-1,-1
986,0.000986000,-0.920076000,-1.693560000,0.000000000,0,0,0,-1,-1
987,0.000987000,-0.920100000,-1.685160000,0.000000000,0,0,0,-1,-1
988,0.000988000,-0.920124000,-1.676880000,0.000000000,0,0,0,-1,-1
989,0.000989000,-0.920148000,-1.668480000,0.000000000,0,0,0,-1,-1
990,0.000990000,-0.920160000,-1.660080000,0.000000000,0,0,0,-1,-1
991,0.000991000,-0.920184000,-1.651680000,5.000000000,1,1,0,17,0
992,0.000992000,-0.920208000,-1.643280000,0.000000000,0,0,0,-1,-1
993,0.000993000,-0.920232000,-1.634880000,0.000000000,0,0,0,-1,-1
994,0.000994000,-0.920256000,-1.626480000,0.000000000,0,0,0,-1,-1
995,0.000995000,-0.920280000,-1.618080000,0.000000000,0,0,0,-1,-1
996,0.000996000,-0.920304000,-1.609800000,0.000000000,0,0,0,-1,-1
997,0.000997000,-0.920328000,-1.601400000,0.000000000,0,0,0,-1,-1
998,0.000998000,-0.920352000,-1.593000000,0.000000000,0,0,0,-1,-1
999,0.000999000,-0.920376000,-1.584600000,0.000000000,0,0,0,-1,-1
1000,0.001000000,-0.920400000,-1.576200000,0.000000000,0,0,0,-1,-1
1001,0.001001000,-0.920412000,-1.567800000,0.000000000,0,0,0,-1,-1
1002,0.001002000,-0.920436000,-1.559400000,0.000000000,0,0,0,-1,-1
1003,0.001003000,-0.920460000,-1.551000000,0.000000000,0,0,0,-1,-1
1004,0.001004000,-0.920484000,-1.542600000,0.000000000,0,0,0,-1,-1
1005,0.001005000,-0.920508000,-1.534320000,0.000000000,0,0,0,-1,-1
1006,0.001006000,-0.920532000,-1.525920000,0.000000000,0,0,0,-1,-1
1007,0.001007000,-0.920556000,-1.517520000,0.000000000,0,0,0,-1,-1
1008,0.001008000,-0.920580000,-1.509120000,0.000000000,0,0,0,-1,-1
1009,0.001009000,-0.920604000,-1.500720000,0.000000000,0,0,0,-1,-1
1010,0.001010000,-0.920628000,-1.492320000,0.000000000,0,0,0,-1,-1
1011,0.001011000,-0.920640000,-1.483920000,0.000000000,0,0,0,-1,-1
1012,0.001012000,-0.920664000,-1.475520000,0.000000000,0,0,0,-1,-1
1013,0.001013000,-0.920688000,-1.467120000,0.000000000,0,0,0,-1,-1
1014,0.001014000,-0.920712000,-1.458840000,0.000000000,0,0,0,-1,-1
1015,0.001015000,-0.920736000,-1.450440000,0.000000000,0,0,0,-1,-1
1016,0.001016000,-0.920760000,-1.442040000,0.000000000,0,0,0,-1,-1
1017,0.001017000,-0.920784000,-1.433640000,0.000000000,0,0,0,-1,-1
1018,0.001018000,-0.920808000,-1.425240000,0.000000000,0,0,0,-1,-1
1019,0.001019000,-0.920832000,-1.416840000,0.000000000,0,0,0,-1,-1
1020,0.001020000,-0.920856000,-1.408440000,5.000000000,1,1,0,18,0
1021,0.001021000,-0.920880000,-1.400040000,0.000000000,0,0,0,-1,-1
1022,0.001022000,-0.920892000,-1.391760000,0.000000000,0,0,0,-1,-1
1023,0.001023000,-0.920916000,-1.383360000,0.000000000,0,0,0,-1,-1
1024,0.001024000,-0.920940000,-1.374960000,0.000000000,0,0,0,-1,-1
1025,0.001025000,-0.920964000,-1.366560000,0.000000000,0,0,0,-1,-1
1026,0.001026000,-0.920988000,-1.358160000,0.000000000,0,0,0,-1,-1
1027,0.001027000,-0.921012000,-1.349760000,0.000000000,0,0,0,-1,-1
1028,0.001028000,-0.921036000,-1.341360000,0.000000000,0,0,0,-1,-1
1029,0.001029000,-0.921060000,-1.332960000,0.000000000,0,0,0,-1,-1
1030,0.001030000,-0.921084000,-1.324680000,0.000000000,0,0,0,-1,-1
1031,0.001031000,-0.921108000,-1.316280000,0.000000000,0,0,0,-1,-1
1032,0.001032000,-0.921120000,-1.307880000,0.000000000,0,0,0,-1,-1
1033,0.001033000,-0.921144000,-1.299480000,0.000000000,0,0,0,-1,-1
1034,0.001034000,-0.921168000,-1.291080000,0.000000000,0,0,0,-1,-1
1035,0.001035000,-0.921192000,-1.282680000,0.000000000,0,0,0,-1,-1
1036,0.001036000,-0.921216000,-1.274280000,0.000000000,0,0,0,-1,-1
1037,0.001037000,-0.921240000,-1.265880000,0.000000000,0,0,0,-1,-1
1038,0.001038000,-0.921264000,-1.257480000,0.000000000,0,0,0,-1,-1
1039,0.001039000,-0.921288000,-1.249200000,0.000000000,0,0,0,-1,-1
1040,0.001040000,-0.921312000,-1.240800000,0.000000000,0,0,0,-1,-1
1041,0.001041000,-0.921336000,-1.232400000,0.000000000,0,0,0,-1,-1
1042,0.001042000,-0.921360000,-1.224000000,0.000000000,0,0,0,-1,-1
1043,0.001043000,-0.921372000,-1.215600000,0.000000000,0,0,0,-1,-1
1044,0.001044000,-0.921396000,-1.207200000,0.000000000,0,0,0,-1,-1
1045,0.001045000,-0.921420000,-1.198836000,0.000000000,0,0,0,-1,-1
1046,0.001046000,-0.921444000,-1.190460000,0.000000000,0,0,0,-1,-1
1047,0.001047000,-0.921468000,-1.182072000,0.000000000,0,0,0,-1,-1
1048,0.001048000,-0.921492000,-1.173684000,0.000000000,0,0,0,-1,-1
1049,0.001049000,-0.921516000,-1.165296000,5.000000000,1,1,0,19,0
1050,0.001050000,-0.921540000,-1.156920000,0.000000000,0,0,0,-1,-1
1051,0.001051000,-0.921564000,-1.148532000,0.000000000,0,0,0,-1,-1
1052,0.001052000,-0.921588000,-1.140144000,0.000000000,0,0,0,-1,-1
1053,0.001053000,-0.921612000,-1.131756000,0.000000000,0,0,0,-1,-1
1054,0.001054000,-0.921624000,-1.123380000,0.000000000,0,0,0,-1,-1
1055,0.001055000,-0.921648000,-1.114992000,0.000000000,0,0,0,-1,-1
1056,0.001056000,-0.921672000,-1.106604000,0.000000000,0,0,0,-1,-1
1057,0.001057000,-0.921696000,-1.098216000,0.000000000,0,0,0,-1,-1
1058,0.001058000,-0.921720000,-1.089840000,0.000000000,0,0,0,-1,-1
1059,0.001059000,-0.921744000,-1.081452000,0.000000000,0,0,0,-1,-1
1060,0.001060000,-0.921768000,-1.073064000,0.000000000,0,0,0,-1,-1
1061,0.001061000,-0.921792000,-1.064676000,0.000000000,0,0,0,-1,-1
1062,0.001062000,-0.921816000,-1.056300000,0.000000000,0,0,0,-1,-1
1063,0.001063000,-0.921840000,-1.047912000,0.000000000,0,0,0,-1,-1
1064,0.001064000,-0.921852000,-1.039524000,0.000000000,0,0,0,-1,-1
1065,0.001065000,-0.921876000,-1.031148000,0.000000000,0,0,0,-1,-1
1066,0.001066000,-0.921900000,-1.022760000,0.000000000,0,0,0,-1,-1
1067,0.001067000,-0.921924000,-1.014372000,0.000000000,0,0,0,-1,-1
1068,0.001068000,-0.921948000,-1.005984000,0.000000000,0,0,0,-1,-1
1069,0.001069000,-0.921972000,-0.997608000,0.000000000,0,0,0,-1,-1
1070,0.001070000,-0.921996000,-0.989220000,0.000000000,0,0,0,-1,-1
1071,0.001071000,-0.922020000,-0.980832000,0.000000000,0,0,0,-1,-1
1072,0.001072000,-0.922044000,-0.972456000,0.000000000,0,0,0,-1,-1
1073,0.001073000,-0.922068000,-0.964068000,0.000000000,0,0,0,-1,-1
1074,0.001074000,-0.922092000,-0.955680000,0.000000000,0,0,0,-1,-1
1075,0.001075000,-0.922104000,-0.947292000,0.000000000,0,0,0,-1,-1
1076,0.001076000,-0.922128000,-0.938916000,0.000000000,0,0,0,-1,-1
1077,0.001077000,-0.922152000,-0.930528000,0.000000000,0,0,0,-1,-1
1078,0.001078000,-0.922176000,-0.922140000,5.000000000,1,1,0,20,0
1079,0.001079000,-0.922200000,-0.913764000,0.000000000,0,0,0,-1,-1
1080,0.001080000,-0.922224000,-0.905376000,0.000000000,0,0,0,-1,-1
1081,0.001081000,-0.922248000,-0.896988000,0.000000000,0,0,0,-1,-1
1082,0.001082000,-0.922272000,-0.888612000,0.000000000,0,0,0,-1,-1
1083,0.001083000,-0.922296000,-0.880224000,0.000000000,0,0,0,-1,-1
1084,0.001084000,-0.922320000,-0.871836000,0.000000000,0,0,0,-1,-1
1085,0.001085000,-0.922344000,-0.863448000,0.000000000,0,0,0,-1,-1
1086,0.001086000,-0.922356000,-0.855072000,0.000000000,0,0,0,-1,-1
1087,0.001087000,-0.922380000,-0.846684000,0.000000000,0,0,0,-1,-1
1088,0.001088000,-0.922404000,-0.838296000,0.000000000,0,0,0,-1,-1
1089,0.001089000,-0.922428000,-0.829920000,0.000000000,0,0,0,-1,-1
1090,0.001090000,-0.922452000,-0.821532000,0.000000000,0,0,0,-1,-1
1091,0.001091000,-0.922476000,-0.813144000,0.000000000,0,0,0,-1,-1
1092,0.001092000,-0.922500000,-0.804768000,0.000000000,0,0,0,-1,-1
1093,0.001093000,-0.922524000,-0.796380000,0.000000000,0,0,0,-1,-1
1094,0.001094000,-0.922548000,-0.787992000,0.000000000,0,0,0,-1,-1
1095,0.001095000,-0.922572000,-0.779616000,0.000000000,0,0,0,-1,-1
1096,0.001096000,-0.922584000,-0.771228000,0.000000000,0,0,0,-1,-1
1097,0.001097000,-0.922608000,-0.762840000,0.000000000,0,0,0,-1,-1
1098,0.001098000,-0.922632000,-0.754464000,0.000000000,0,0,0,-1,-1
1099,0.001099000,-0.922656000,-0.746076000,0.000000000,0,0,0,-1,-1
1100,0.001100000,-0.922680000,-0.737688000,0.000000000,0,0,0,-1,-1
1101,0.001101000,-0.922704000,-0.729312000,0.000000000,0,0,0,-1,-1
1102,0.001102000,-0.922728000,-0.720924000,0.000000000,0,0,0,-1,-1
1103,0.001103000,-0.922752000,-0.712536000,0.000000000,0,0,0,-1,-1
1104,0.001104000,-0.922776000,-0.704160000,0.000000000,0,0,0,-1,-1
1105,0.001105000,-0.922800000,-0.695772000,0.000000000,0,0,0,-1,-1
1106,0.001106000,-0.922824000,-0.687384000,0.000000000,0,0,0,-1,-1
1107,0.001107000,-0.922836000,-0.679008000,5.000000000,1,1,0,21,0
1108,0.001108000,-0.922860000,-0.670620000,0.000000000,0,0,0,-1,-1
1109,0.001109000,-0.922884000,-0.662244000,0.000000000,0,0,0,-1,-1
1110,0.001110000,-0.922908000,-0.653856000,0.000000000,0,0,0,-1,-1
1111,0.001111000,-0.922932000,-0.645468000,0.000000000,0,0,0,-1,-1
1112,0.001112000,-0.922956000,-0.637092000,0.000000000,0,0,0,-1,-1
1113,0.001113000,-0.922980000,-0.628704000,0.000000000,0,0,0,-1,-1
1114,0.001114000,-0.923004000,-0.620316000,0.000000000,0,0,0,-1,-1
1115,0.001115000,-0.923028000,-0.611940000,0.000000000,0,0,0,-1,-1
1116,0.001116000,-0.923052000,-0.603552000,0.000000000,0,0,0,-1,-1
1117,0.001117000,-0.923064000,-0.595164000,0.000000000,0,0,0,-1,-1
1118,0.001118000,-0.923088000,-0.586788000,0.000000000,0,0,0,-1,-1
1119,0.001119000,-0.923112000,-0.578400000,0.000000000,0,0,0,-1,-1
1120,0.001120000,-0.923136000,-0.570024000,0.000000000,0,0,0,-1,-1
1121,0.001121000,-0.923160000,-0.561636000,0.000000000,0,0,0,-1,-1
1122,0.001122000,-0.923184000,-0.553248000,0.000000000,0,0,0,-1,-1
1123,0.001123000,-0.923208000,-0.544872000,0.000000000,0,0,0,-1,-1
1124,0.001124000,-0.923232000,-0.536484000,0.000000000,0,0,0,-1,-1
1125,0.001125000,-0.923256000,-0.528108000,0.000000000,0,0,0,-1,-1
1126,0.001126000,-0.923280000,-0.519720000,0.000000000,0,0,0,-1,-1
1127,0.001127000,-0.923304000,-0.511332000,0.000000000,0,0,0,-1,-1
1128,0.001128000,-0.923316000,-0.502956000,0.000000000,0,0,0,-1,-1
1129,0.001129000,-0.923340000,-0.494568000,0.000000000,0,0,0,-1,-1
1130,0.001130000,-0.923364000,-0.486192000,0.000000000,0,0,0,-1,-1
1131,0.001131000,-0.923388000,-0.477804000,0.000000000,0,0,0,-1,-1
1132,0.001132000,-0.923412000,-0.469416000,0.000000000,0,0,0,-1,-1
1133,0.001133000,-0.923436000,-0.461040000,0.000000000,0,0,0,-1,-1
1134,0.001134000,-0.923460000,-0.452652000,0.000000000,0,0,0,-1,-1
1135,0.001135000,-0.923484000,-0.444276000,0.000000000,0,0,0,-1,-1
1136,0.001136000,-0.923508000,-0.435888000,5.000000000,1,1,0,22,0
1137,0.001137000,-0.923532000,-0.427500000,0.000000000,0,0,0,-1,-1
1138,0.001138000,-0.923556000,-0.419124000,0.000000000,0,0,0,-1,-1
1139,0.001139000,-0.923568000,-0.410736000,0.000000000,0,0,0,-1,-1
1140,0.001140000,-0.923592000,-0.402360000,0.000000000,0,0,0,-1,-1
1141,0.001141000,-0.923616000,-0.393972000,0.000000000,0,0,0,-1,-1
1142,0.001142000,-0.923640000,-0.385584000,0.000000000,0,0,0,-1,-1
1143,0.001143000,-0.923664000,-0.377208000,0.000000000,0,0,0,-1,-1
1144,0.001144000,-0.923688000,-0.368820000,0.000000000,0,0,0,-1,-1
1145,0.001145000,-0.923712000,-0.360444000,0.000000000,0,0,0,-1,-1
1146,0.001146000,-0.923736000,-0.352056000,0.000000000,0,0,0,-1,-1
1147,0.001147000,-0.923760000,-0.343680000,0.000000000,0,0,0,-1,-1
1148,0.001148000,-0.923784000,-0.335292000,0.000000000,0,0,0,-1,-1
1149,0.001149000,-0.923796000,-0.326916000,0.000000000,0,0,0,-1,-1
1150,0.001150000,-0.923820000,-0.318528000,0.000000000,0,0,0,-1,-1
1151,0.001151000,-0.923844000,-0.310140000,0.000000000,0,0,0,-1,-1
1152,0.001152000,-0.923868000,-0.301764000,0.000000000,0,0,0,-1,-1
1153,0.001153000,-0.923892000,-0.293376000,0.000000000,0,0,0,-1,-1
1154,0.001154000,-0.923916000,-0.285000000,0.000000000,0,0,0,-1,-1
1155,0.001155000,-0.923940000,-0.276612000,0.000000000,0,0,0,-1,-1
1156,0.001156000,-0.923964000,-0.268236000,0.000000000,0,0,0,-1,-1
1157,0.001157000,-0.923988000,-0.259848000,0.000000000,0,0,0,-1,-1
1158,0.001158000,-0.924012000,-0.251472000,0.000000000,0,0,0,-1,-1
1159,0.001159000,-0.924036000,-0.243084000,0.000000000,0,0,0,-1,-1
1160,0.001160000,-0.924048000,-0.234696000,0.000000000,0,0,0,-1,-1
1161,0.001161000,-0.924072000,-0.226320000,0.000000000,0,0,0,-1,-1
1162,0.001162000,-0.924096000,-0.217932000,0.000000000,0,0,0,-1,-1
1163,0.001163000,-0.924120000,-0.209556000,0.000000000,0,0,0,-1,-1
1164,0.001164000,-0.924144000,-0.201168000,0.000000000,0,0,0,-1,-1
1165,0.001165000,-0.924168000,-0.192792000,5.000000000,1,1,0,23,0
1166,0.001166000,-0.924192000,-0.184404000,0.000000000,0,0,0,-1,-1
1167,0.001167000,-0.924216000,-0.176028000,0.000000000,0,0,0,-1,-1
1168,0.001168000,-0.924240000,-0.167640000,0.000000000,0,0,0,-1,-1
1169,0.001169000,-0.924264000,-0.159264000,0.000000000,0,0,0,-1,-1
1170,0.001170000,-0.924276000,-0.150876000,0.000000000,0,0,0,-1,-1
1171,0.001171000,-0.924300000,-0.142500000,0.000000000,0,0,0,-1,-1
1172,0.001172000,-0.924324000,-0.134112000,0.000000000,0,0,0,-1,-1
1173,0.001173000,-0.924348000,-0.125736000,0.000000000,0,0,0,-1,-1
1174,0.001174000,-0.924372000,-0.117348000,0.000000000,0,0,0,-1,-1
1175,0.001175000,-0.924396000,-0.108966000,0.000000000,0,0,0,-1,-1
1176,0.001176000,-0.924420000,-0.100584000,0.000000000,0,0,0,-1,-1
1177,0.001177000,-0.924444000,-0.092202000,0.000000000,0,0,0,-1,-1
1178,0.001178000,-0.924468000,-0.083820000,0.000000000,0,0,0,-1,-1
1179,0.001179000,-0.924492000,-0.075438000,0.000000000,0,0,0,-1,-1
1180,0.001180000,-0.924516000,-0.067056000,0.000000000,0,0,0,-1,-1
1181,0.001181000,-0.924528000,-0.058674000,0.000000000,0,0,0,-1,-1
1182,0.001182000,-0.924552000,-0.050292000,0.000000000,0,0,0,-1,-1
1183,0.001183000,-0.924576000,-0.041910000,0.000000000,0,0,0,-1,-1
1184,0.001184000,-0.924600000,-0.033528000,0.000000000,0,0,0,-1,-1
1185,0.001185000,-0.924624000,-0.025146000,0.000000000,0,0,0,-1,-1
1186,0.001186000,-0.924648000,-0.016764000,0.000000000,0,0,0,-1,-1
1187,0.001187000,-0.924672000,-0.008381880,0.000000000,0,0,0,-1,-1
1188,0.001188000,-0.924696000,0.000000000,0.000000000,0,0,0,-1,-1
1189,0.001189000,-0.924720000,0.008381880,0.000000000,0,0,0,-1,-1
1190,0.001190000,-0.924744000,0.016764000,0.000000000,0,0,0,-1,-1
1191,0.001191000,-0.924756000,0.025146000,0.000000000,0,0,0,-1,-1
1192,0.001192000,-0.924780000,0.033526800,0.000000000,0,0,0,-1,-1
1193,0.001193000,-0.924804000,0.041908800,0.000000000,0,0,0,-1,-1
1194,0.001194000,-0.924828000,0.050290800,5.000000000,1,1,0,24,0
1195,0.001195000,-0.924852000,0.058672800,0.000000000,0,0,0,-1,-1
1196,0.001196000,-0.924876000,0.067053600,0.000000000,0,0,0,-1,-1
1197,0.001197000,-0.924900000,0.075435600,0.000000000,0,0,0,-1,-1
1198,0.001198000,-0.924924000,0.083817600,0.000000000,0,0,0,-1,-1
1199,0.001199000,-0.924948000,0.092199600,0.000000000,0,0,0,-1,-1
1200,0.001200000,-0.924972000,0.100580400,0.000000000,0,0,0,-1,-1
1201,0.001201000,-0.924996000,0.108962400,0.000000000,0,0,0,-1,-1
1202,0.001202000,-0.925008000,0.117344400,0.000000000,0,0,0,-1,-1
1203,0.001203000,-0.925032000,0.125724000,0.000000000,0,0,0,-1,-1
1204,0.001204000,-0.925056000,0.134112000,0.000000000,0,0,0,-1,-1
1205,0.001205000,-0.925080000,0.142488000,0.000000000,0,0,0,-1,-1
1206,0.001206000,-0.925104000,0.150864000,0.000000000,0,0,0,-1,-1
1207,0.001207000,-0.925128000,0.159252000,0.000000000,0,0,0,-1,-1
1208,0.001208000,-0.925152000,0.167628000,0.000000000,0,0,0,-1,-1
1209,0.001209000,-0.925176000,0.176016000,0.000000000,0,0,0,-1,-1
1210,0.001210000,-0.925200000,0.184392000,0.000000000,0,0,0,-1,-1
1211,0.001211000,-0.925224000,0.192780000,0.000000000,0,0,0,-1,-1
1212,0.001212000,-0.925236000,0.201156000,0.000000000,0,0,0,-1,-1
1213,0.001213000,-0.925260000,0.209544000,0.000000000,0,0,0,-1,-1
1214,0.001214000,-0.925284000,0.217920000,0.000000000,0,0,0,-1,-1
1215,0.001215000,-0.925308000,0.226296000,0.000000000,0,0,0,-1,-1
1216,0.001216000,-0.925332000,0.234684000,0.000000000,0,0,0,-1,-1
1217,0.001217000,-0.925356000,0.243060000,0.000000000,0,0,0,-1,-1
1218,0.001218000,-0.925380000,0.251448000,0.000000000,0,0,0,-1,-1
1219,0.001219000,-0.925404000,0.259824000,0.000000000,0,0,0,-1,-1
1220,0.001220000,-0.925428000,0.268212000,0.000000000,0,0,0,-1,-1
1221,0.001221000,-0.925452000,0.276588000,0.000000000,0,0,0,-1,-1
1222,0.001222000,-0.925476000,0.284964000,0.000000000,0,0,0,-1,-1
1223,0.001223000,-0.925488000,0.293352000,5.000000000,1,1,0,25,0
1224,0.001224000,-0.925512000,0.301728000,0.000000000,0,0,0,-1,-1
1225,0.001225000,-0.925536000,0.310116000,0.000000000,0,0,0,-1,-1
1226,0.001226000,-0.925560000,0.318492000,0.000000000,0,0,0,-1,-1
1227,0.001227000,-0.925584000,0.326880000,0.000000000,0,0,0,-1,-1
1228,0.001228000,-0.925608000,0.335256000,0.000000000,0,0,0,-1,-1
1229,0.001229000,-0.925632000,0.343632000,0.000000000,0,0,0,-1,-1
1230,0.001230000,-0.925656000,0.352020000,0.000000000,0,0,0,-1,-1
1231,0.001231000,-0.925680000,0.360396000,0.000000000,0,0,0,-1,-1
1232,0.001232000,-0.925704000,0.368784000,0.000000000,0,0,0,-1,-1
1233,0.001233000,-0.925716000,0.377160000,0.000000000,0,0,0,-1,-1
1234,0.001234000,-0.925740000,0.385536000,0.000000000,0,0,0,-1,-1
1235,0.001235000,-0.925764000,0.393924000,0.000000000,0,0,0,-1,-1
1236,0.001236000,-0.925788000,0.402300000,0.000000000,0,0,0,-1,-1
1237,0.001237000,-0.925812000,0.410688000,0.000000000,0,0,0,-1,-1
1238,0.001238000,-0.925836000,0.419064000,0.000000000,0,0,0,-1,-1
1239,0.001239000,-0.925860000,0.427440000,0.000000000,0,0,0,-1,-1
1240,0.001240000,-0.925884000,0.435828000,0.000000000,0,0,0,-1,-1
1241,0.001241000,-0.925908000,0.444204000,0.000000000,0,0,0,-1,-1
1242,0.001242000,-0.925932000,0.452592000,0.000000000,0,0,0,-1,-1
1243,0.001243000,-0.925956000,0.460968000,0.000000000,0,0,0,-1,-1
1244,0.001244000,-0.925968000,0.469344000,0.000000000,0,0,0,-1,-1
1245,0.001245000,-0.925992000,0.477732000,0.000000000,0,0,0,-1,-1
1246,0.001246000,-0.926016000,0.486108000,0.000000000,0,0,0,-1,-1
1247,0.001247000,-0.926040000,0.494484000,0.000000000,0,0,0,-1,-1
1248,0.001248000,-0.926064000,0.502872000,0.000000000,0,0,0,-1,-1
1249,0.001249000,-0.926088000,0.511248000,0.000000000,0,0,0,-1,-1
1250,0.001250000,-0.926112000,0.519636000,0.000000000,0,0,0,-1,-1
1251,0.001251000,-0.926136000,0.528012000,0.000000000,0,0,0,-1,-1
1252,0.001252000,-0.926160000,0.536388000,5.000000000,1,1,0,26,0
1253,0.001253000,-0.926184000,0.544776000,0.000000000,0,0,0,-1,-1
1254,0.001254000,-0.926196000,0.553152000,0.000000000,0,0,0,-1,-1
1255,0.001255000,-0.926220000,0.561528000,0.000000000,0,0,0,-1,-1
1256,0.001256000,-0.926244000,0.569916000,0.000000000,0,0,0,-1,-1
1257,0.001257000,-0.926268000,0.578292000,0.000000000,0,0,0,-1,-1
1258,0.001258000,-0.926292000,0.586680000,0.000000000,0,0,0,-1,-1
1259,0.001259000,-0.926316000,0.595056000,0.000000000,0,0,0,-1,-1
1260,0.001260000,-0.926340000,0.603432000,0.000000000,0,0,0,-1,-1
1261,0.001261000,-0.926364000,0.611820000,0.000000000,0,0,0,-1,-1
1262,0.001262000,-0.926388000,0.620196000,0.000000000,0,0,0,-1,-1
1263,0.001263000,-0.926412000,0.628572000,0.000000000,0,0,0,-1,-1
1264,0.001264000,-0.926436000,0.636960000,0.000000000,0,0,0,-1,-1
1265,0.001265000,-0.926448000,0.645336000,0.000000000,0,0,0,-1,-1
1266,0.001266000,-0.926472000,0.653712000,0.000000000,0,0,0,-1,-1
1267,0.001267000,-0.926496000,0.662100000,0.000000000,0,0,0,-1,-1
1268,0.001268000,-0.926520000,0.670476000,0.000000000,0,0,0,-1,-1
1269,0.001269000,-0.926544000,0.678852000,0.000000000,0,0,0,-1,-1
1270,0.001270000,-0.926568000,0.687240000,0.000000000,0,0,0,-1,-1
1271,0.001271000,-0.926592000,0.695616000,0.000000000,0,0,0,-1,-1
1272,0.001272000,-0.926616000,0.703992000,0.000000000,0,0,0,-1,-1
1273,0.001273000,-0.926640000,0.712380000,0.000000000,0,0,0,-1,-1
1274,0.001274000,-0.926664000,0.720756000,0.000000000,0,0,0,-1,-1
1275,0.001275000,-0.926676000,0.729132000,0.000000000,0,0,0,-1,-1
1276,0.001276000,-0.926700000,0.737520000,0.000000000,0,0,0,-1,-1
1277,0.001277000,-0.926724000,0.745896000,0.000000000,0,0,0,-1,-1
1278,0.001278000,-0.926748000,0.754272000,0.000000000,0,0,0,-1,-1
1279,0.001279000,-0.926772000,0.762660000,0.000000000,0,0,0,-1,-1
1280,0.001280000,-0.926796000,0.771036000,0.000000000,0,0,0,-1,-1
1281,0.001281000,-0.926820000,0.779412000,5.000000000,1,1,0,27,0
1282,0.001282000,-0.926844000,0.787788000,0.000000000,0,0,0,-1,-1
1283,0.001283000,-0.926868000,0.796176000,0.000000000,0,0,0,-1,-1
1284,0.001284000,-0.926892000,0.804552000,0.000000000,0,0,0,-1,-1
1285,0.001285000,-0.926916000,0.812928000,0.000000000,0,0,0,-1,-1
1286,0.001286000,-0.926928000,0.821316000,0.000000000,0,0,0,-1,-1
1287,0.001287000,-0.926952000,0.829692000,0.000000000,0,0,0,-1,-1
1288,0.001288000,-0.926976000,0.838068000,0.000000000,0,0,0,-1,-1
1289,0.001289000,-0.927000000,0.846456000,0.000000000,0,0,0,-1,-1
1290,0.001290000,-0.927024000,0.854832000,0.000000000,0,0,0,-1,-1
1291,0.001291000,-0.927048000,0.863208000,0.000000000,0,0,0,-1,-1
1292,0.001292000,-0.927072000,0.871584000,0.000000000,0,0,0,-1,-1
1293,0.001293000,-0.927096000,0.879972000,0.000000000,0,0,0,-1,-1
1294,0.001294000,-0.927120000,0.888348000,0.000000000,0,0,0,-1,-1
1295,0.001295000,-0.927144000,0.896724000,0.000000000,0,0,0,-1,-1
1296,0.001296000,-0.927156000,0.905112000,0.000000000,0,0,0,-1,-1
1297,0.001297000,-0.927180000,0.913488000,0.000000000,0,0,0,-1,-1
1298,0.001298000,-0.927204000,0.921864000,0.000000000,0,0,0,-1,-1
1299,0.001299000,-0.927228000,0.930240000,0.000000000,0,0,0,-1,-1
1300,0.001300000,-0.927252000,0.938628000,0.000000000,0,0,0,-1,-1
1301,0.001301000,-0.927276000,0.947004000,0.000000000,0,0,0,-1,-1
1302,0.001302000,-0.927300000,0.955380000,0.000000000,0,0,0,-1,-1
1303,0.001303000,-0.927324000,0.963768000,0.000000000,0,0,0,-1,-1
1304,0.001304000,-0.927348000,0.972144000,0.000000000,0,0,0,-1,-1
1305,0.001305000,-0.927372000,0.980520000,0.000000000,0,0,0,-1,-1
1306,0.001306000,-0.927396000,0.988896000,0.000000000,0,0,0,-1,-1
1307,0.001307000,-0.927408000,0.997284000,0.000000000,0,0,0,-1,-1
1308,0.001308000,-0.927432000,1.005660000,0.000000000,0,0,0,-1,-1
1309,0.001309000,-0.927456000,1.014036000,0.000000000,0,0,0,-1,-1
1310,0.001310000,-0.927480000,1.022412000,5.000000000,1,1,0,28,0
1311,0.001311000,-0.927504000,1.030800000,0.000000000,0,0,0,-1,-1
1312,0.001312000,-0.927528000,1.039176000,0.000000000,0,0,0,-1,-1
1313,0.001313000,-0.927552000,1.047552000,0.000000000,0,0,0,-1,-1
1314,0.001314000,-0.927576000,1.055928000,0.000000000,0,0,0,-1,-1
1315,0.001315000,-0.927600000,1.064316000,0.000000000,0,0,0,-1,-1
1316,0.001316000,-0.927624000,1.072692000,0.000000000,0,0,0,-1,-1
1317,0.001317000,-0.927636000,1.081068000,0.000000000,0,0,0,-1,-1
1318,0.001318000,-0.927660000,1.089444000,0.000000000,0,0,0,-1,-1
1319,0.001319000,-0.927684000,1.097832000,0.000000000,0,0,0,-1,-1
1320,0.001320000,-0.927708000,1.106208000,0.000000000,0,0,0,-1,-1
1321,0.001321000,-0.927732000,1.114584000,0.000000000,0,0,0,-1,-1
1322,0.001322000,-0.927756000,1.122960000,0.000000000,0,0,0,-1,-1
1323,0.001323000,-0.927780000,1.131348000,0.000000000,0,0,0,-1,-1
1324,0.001324000,-0.927804000,1.139724000,0.000000000,0,0,0,-1,-1
1325,0.001325000,-0.927828000,1.148100000,0.000000000,0,0,0,-1,-1
1326,0.001326000,-0.927852000,1.156476000,0.000000000,0,0,0,-1,-1
1327,0.001327000,-0.927876000,1.164852000,0.000000000,0,0,0,-1,-1
1328,0.001328000,-0.927888000,1.173240000,0.000000000,0,0,0,-1,-1
1329,0.001329000,-0.927912000,1.181616000,0.000000000,0,0,0,-1,-1
1330,0.001330000,-0.927936000,1.189992000,0.000000000,0,0,0,-1,-1
1331,0.001331000,-0.927960000,1.198368000,0.000000000,0,0,0,-1,-1
1332,0.001332000,-0.927984000,1.206720000,0.000000000,0,0,0,-1,-1
1333,0.001333000,-0.928008000,1.215120000,0.000000000,0,0,0,-1,-1
1334,0.001334000,-0.928032000,1.223520000,0.000000000,0,0,0,-1,-1
1335,0.001335000,-0.928056000,1.231920000,0.000000000,0,0,0,-1,-1
1336,0.001336000,-0.928080000,1.240320000,0.000000000,0,0,0,-1,-1
1337,0.001337000,-0.928104000,1.248600000,0.000000000,0,0,0,-1,-1
1338,0.001338000,-0.928116000,1.257000000,0.000000000,0,0,0,-1,-1
1339,0.001339000,-0.928140000,1.265400000,5.000000000,1,1,0,29,0
1340,0.001340000,-0.928164000,1.273800000,0.000000000,0,0,0,-1,-1
1341,0.001341000,-0.928188000,1.282200000,0.000000000,0,0,0,-1,-1
1342,0.001342000,-0.928212000,1.290480000,0.000000000,0,0,0,-1,-1
1343,0.001343000,-0.928236000,1.298880000,0.000000000,0,0,0,-1,-1
1344,0.001344000,-0.928260000,1.307280000,0.000000000,0,0,0,-1,-1
1345,0.001345000,-0.928284000,1.315680000,0.000000000,0,0,0,-1,-1
1346,0.001346000,-0.928308000,1.324080000,0.000000000,0,0,0,-1,-1
1347,0.001347000,-0.928332000,1.332480000,0.000000000,0,0,0,-1,-1
1348,0.001348000,-0.928356000,1.340760000,0.000000000,0,0,0,-1,-1
1349,0.001349000,-0.928368000,1.349160000,0.000000000,0,0,0,-1,-1
1350,0.001350000,-0.928392000,1.357560000,0.000000000,0,0,0,-1,-1
1351,0.001351000,-0.928416000,1.365960000,0.000000000,0,0,0,-1,-1
1352,0.001352000,-0.928440000,1.374360000,0.000000000,0,0,0,-1,-1
1353,0.001353000,-0.928464000,1.382640000,0.000000000,0,0,0,-1,-1
1354,0.001354000,-0.928488000,1.391040000,0.000000000,0,0,0,-1,-1
1355,0.001355000,-0.928512000,1.399440000,0.000000000,0,0,0,-1,-1
1356,0.001356000,-0.928536000,1.407840000,0.000000000,0,0,0,-1,-1
1357,0.001357000,-0.928560000,1.416240000,0.000000000,0,0,0,-1,-1
1358,0.001358000,-0.928584000,1.424640000,0.000000000,0,0,0,-1,-1
1359,0.001359000,-0.928596000,1.432920000,0.000000000,0,0,0,-1,-1
1360,0.001360000,-0.928620000,1.441320000,0.000000000,0,0,0,-1,-1
1361,0.001361000,-0.928644000,1.449720000,0.000000000,0,0,0,-1,-1
1362,0.001362000,-0.928668000,1.458120000,0.000000000,0,0,0,-1,-1
1363,0.001363000,-0.928692000,1.466520000,0.000000000,0,0,0,-1,-1
1364,0.001364000,-0.928716000,1.474800000,0.000000000,0,0,0,-1,-1
1365,0.001365000,-0.928740000,1.483200000,0.000000000,0,0,0,-1,-1
1366,0.001366000,-0.928764000,1.491600000,0.000000000,0,0,0,-1,-1
1367,0.001367000,-0.928788000,1.500000000,0.000000000,0,0,0,-1,-1
1368,0.001368000,-0.928812000,1.508400000,5.000000000,1,1,0,30,0
1369,0.001369000,-0.928836000,1.516800000,0.000000000,0,0,0,-1,-1
1370,0.001370000,-0.928848000,1.525080000,0.000000000,0,0,0,-1,-1
1371,0.001371000,-0.928872000,1.533480000,0.000000000,0,0,0,-1,-1
1372,0.001372000,-0.928896000,1.541880000,0.000000000,0,0,0,-1,-1
1373,0.001373000,-0.928920000,1.550280000,0.000000000,0,0,0,-1,-1
1374,0.001374000,-0.928944000,1.558680000,0.000000000,0,0,0,-1,-1
1375,0.001375000,-0.928968000,1.566960000,0.000000000,0,0,0,-1,-1
1376,0.001376000,-0.928992000,1.575360000,0.000000000,0,0,0,-1,-1
1377,0.001377000,-0.929016000,1.583760000,0.000000000,0,0,0,-1,-1
1378,0.001378000,-0.929040000,1.592160000,0.000000000,0,0,0,-1,-1
1379,0.001379000,-0.929064000,1.600560000,0.000000000,0,0,0,-1,-1
1380,0.001380000,-0.929076000,1.608840000,0.000000000,0,0,0,-1,-1
1381,0.001381000,-0.929100000,1.617240000,0.000000000,0,0,0,-1,-1
1382,0.001382000,-0.929124000,1.625640000,0.000000000,0,0,0,-1,-1
1383,0.001383000,-0.929148000,1.634040000,0.000000000,0,0,0,-1,-1
1384,0.001384000,-0.929172000,1.642440000,0.000000000,0,0,0,-1,-1
1385,0.001385000,-0.929196000,1.650840000,0.000000000,0,0,0,-1,-1
1386,0.001386000,-0.929220000,1.659120000,0.000000000,0,0,0,-1,-1
1387,0.001387000,-0.929244000,1.667520000,0.000000000,0,0,0,-1,-1
1388,0.001388000,-0.929268000,1.675920000,0.000000000,0,0,0,-1,-1
1389,0.001389000,-0.929292000,1.684320000,0.000000000,0,0,0,-1,-1
1390,0.001390000,-0.929316000,1.692720000,0.000000000,0,0,0,-1,-1
1391,0.001391000,-0.929328000,1.701000000,0.000000000,0,0,0,-1,-1
1392,0.001392000,-0.929352000,1.709400000,0.000000000,0,0,0,-1,-1
1393,0.001393000,-0.929376000,1.717800000,0.000000000,0,0,0,-1,-1
1394,0.001394000,-0.929400000,1.726200000,0.000000000,0,0,0,-1,-1
1395,0.001395000,-0.929424000,1.734600000,0.000000000,0,0,0,-1,-1
1396,0.001396000,-0.929448000,1.742880000,0.000000000,0,0,0,-1,-1
1397,0.001397000,-0.929472000,1.751280000,5.000000000,1,1,0,31,0
1398,0.001398000,-0.929496000,1.759680000,0.000000000,0,0,0,-1,-1
1399,0.001399000,-0.929520000,1.768080000,0.000000000,0,0,0,-1,-1
1400,0.001400000,-0.929544000,1.776480000,0.000000000,0,0,0,-1,-1
1401,0.001401000,-0.929556000,1.784760000,0.000000000,0,0,0,-1,-1
1402,0.001402000,-0.929580000,1.793160000,0.000000000,0,0,0,-1,-1
1403,0.001403000,-0.929604000,1.801560000,0.000000000,0,0,0,-1,-1
1404,0.001404000,-0.929628000,1.809960000,0.000000000,0,0,0,-1,-1
1405,0.001405000,-0.929652000,1.818360000,0.000000000,0,0,0,-1,-1
1406,0.001406000,-0.929676000,1.826760000,0.000000000,0,0,0,-1,-1
1407,0.001407000,-0.929700000,1.835040000,0.000000000,0,0,0,-1,-1
1408,0.001408000,-0.929724000,1.843440000,0.000000000,0,0,0,-1,-1
1409,0.001409000,-0.929748000,1.851840000,0.000000000,0,0,0,-1,-1
1410,0.001410000,-0.929772000,1.860240000,0.000000000,0,0,0,-1,-1
1411,0.001411000,-0.929784000,1.868640000,0.000000000,0,0,0,-1,-1
1412,0.001412000,-0.929808000,1.876920000,0.000000000,0,0,0,-1,-1
1413,0.001413000,-0.929832000,1.885320000,0.000000000,0,0,0,-1,-1
1414,0.001414000,-0.929856000,1.893720000,0.000000000,0,0,0,-1,-1
1415,0.001415000,-0.929880000,1.902120000,0.000000000,0,0,0,-1,-1
1416,0.001416000,-0.929904000,1.910520000,0.000000000,0,0,0,-1,-1
1417,0.001417000,-0.924672000,1.917720000,0.000000000,0,0,0,-1,-1
1418,0.001418000,-0.924696000,1.926120000,0.000000000,0,0,0,-1,-1
1419,0.001419000,-0.924720000,1.934520000,0.000000000,0,0,0,-1,-1
1420,0.001420000,-0.919500000,1.941720000,0.000000000,0,0,0,-1,-1
1421,0.001421000,-0.919524000,1.950120000,0.000000000,0,0,0,-1,-1
1422,0.001422000,-0.914304000,1.957320000,0.000000000,0,0,0,-1,-1
1423,0.001423000,-0.909096000,1.964520000,0.000000000,0,0,0,-1,-1
1424,0.001424000,-0.903900000,1.971840000,0.000000000,0,0,0,-1,-1
1425,0.001425000,-0.898704000,1.979040000,0.000000000,0,0,0,-1,-1
1426,0.001426000,-0.893508000,1.986240000,0.000000000,0,0,0,-1,-1
1427,0.001427000,-0.888300000,1.985040000,0.000000000,0,0,0,-1,-1
1428,0.001428000,-0.883116000,1.992240000,0.000000000,0,0,0,-1,-1
1429,0.001429000,-0.877920000,1.991160000,0.000000000,0,0,0,-1,-1
1430,0.001430000,-0.872736000,1.989960000,0.000000000,0,0,0,-1,-1
1431,0.001431000,-0.867576000,1.997160000,0.000000000,0,0,0,-1,-1
1432,0.001432000,-0.862392000,1.995960000,0.000000000,0,0,0,-1,-1
1433,0.001433000,-0.857220000,1.994880000,0.000000000,0,0,0,-1,-1
1434,0.001434000,-0.852060000,1.993680000,0.000000000,0,0,0,-1,-1
1435,0.001435000,-0.846900000,1.992600000,0.000000000,0,0,0,-1,-1
1436,0.001436000,-0.841740000,1.991400000,0.000000000,0,0,0,-1,-1
1437,0.001437000,-0.836592000,1.990320000,0.000000000,0,0,0,-1,-1
1438,0.001438000,-0.831432000,1.980840000,0.000000000,0,0,0,-1,-1
1439,0.001439000,-0.826296000,1.979760000,0.000000000,0,0,0,-1,-1
1440,0.001440000,-0.821160000,1.978680000,0.000000000,0,0,0,-1,-1
1441,0.001441000,-0.816012000,1.969200000,0.000000000,0,0,0,-1,-1
1442,0.001442000,-0.810888000,1.968120000,0.000000000,0,0,0,-1,-1
1443,0.001443000,-0.805752000,1.958760000,0.000000000,0,0,0,-1,-1
1444,0.001444000,-0.800628000,1.949400000,0.000000000,0,0,0,-1,-1
1445,0.001445000,-0.795504000,1.940040000,0.000000000,0,0,0,-1,-1
1446,0.001446000,-0.790380000,1.930680000,0.000000000,0,0,0,-1,-1
1447,0.001447000,-0.785268000,1.921320000,0.000000000,0,0,0,-1,-1
1448,0.001448000,-0.785244000,1.913040000,0.000000000,0,0,0,-1,-1
1449,0.001449000,-0.780144000,1.903680000,0.000000000,0,0,0,-1,-1
1450,0.001450000,-0.780120000,1.895520000,0.000000000,0,0,0,-1,-1
1451,0.001451000,-0.780096000,1.887240000,0.000000000,0,0,0,-1,-1
1452,0.001452000,-0.774996000,1.878000000,0.000000000,0,0,0,-1,-1
1453,0.001453000,-0.774972000,1.869720000,0.000000000,0,0,0,-1,-1
1454,0.001454000,-0.774948000,1.861440000,0.000000000,0,0,0,-1,-1
1455,0.001455000,-0.774924000,1.853280000,0.000000000,0,0,0,-1,-1
1456,0.001456000,-0.774900000,1.845000000,5.000000000,1,1,0,32,0
1457,0.001457000,-0.774876000,1.836840000,0.000000000,0,0,0,-1,-1
1458,0.001458000,-0.774864000,1.828560000,0.000000000,0,0,0,-1,-1
1459,0.001459000,-0.774840000,1.820280000,0.000000000,0,0,0,-1,-1
1460,0.001460000,-0.774816000,1.812120000,0.000000000,0,0,0,-1,-1
1461,0.001461000,-0.774792000,1.803840000,0.000000000,0,0,0,-1,-1
1462,0.001462000,-0.774768000,1.795560000,0.000000000,0,0,0,-1,-1
1463,0.001463000,-0.774744000,1.787400000,0.000000000,0,0,0,-1,-1
1464,0.001464000,-0.774720000,1.779120000,0.000000000,0,0,0,-1,-1
1465,0.001465000,-0.774696000,1.770960000,0.000000000,0,0,0,-1,-1
1466,0.001466000,-0.774672000,1.762680000,0.000000000,0,0,0,-1,-1
1467,0.001467000,-0.774660000,1.754400000,0.000000000,0,0,0,-1,-1
1468,0.001468000,-0.774636000,1.746240000,0.000000000,0,0,0,-1,-1
1469,0.001469000,-0.774612000,1.737960000,0.000000000,0,0,0,-1,-1
1470,0.001470000,-0.774588000,1.729680000,0.000000000,0,0,0,-1,-1
1471,0.001471000,-0.774564000,1.721520000,0.000000000,0,0,0,-1,-1
1472,0.001472000,-0.774540000,1.713240000,0.000000000,0,0,0,-1,-1
1473,0.001473000,-0.774516000,1.705080000,0.000000000,0,0,0,-1,-1
1474,0.001474000,-0.774492000,1.696800000,0.000000000,0,0,0,-1,-1
1475,0.001475000,-0.774468000,1.688520000,0.000000000,0,0,0,-1,-1
1476,0.001476000,-0.774456000,1.680360000,0.000000000,0,0,0,-1,-1
1477,0.001477000,-0.774432000,1.672080000,0.000000000,0,0,0,-1,-1
1478,0.001478000,-0.774408000,1.663800000,0.000000000,0,0,0,-1,-1
1479,0.001479000,-0.774384000,1.655640000,0.000000000,0,0,0,-1,-1
1480,0.001480000,-0.774360000,1.647360000,0.000000000,0,0,0,-1,-1
1481,0.001481000,-0.774336000,1.639200000,0.000000000,0,0,0,-1,-1
1482,0.001482000,-0.774312000,1.630920000,0.000000000,0,0,0,-1,-1
1483,0.001483000,-0.774288000,1.622640000,0.000000000,0,0,0,-1,-1
1484,0.001484000,-0.774264000,1.614480000,5.000000000,1,1,0,33,0
1485,0.001485000,-0.774252000,1.606200000,0.000000000,0,0,0,-1,-1
1486,0.001486000,-0.774228000,1.597920000,0.000000000,0,0,0,-1,-1
1487,0.001487000,-0.774204000,1.589760000,0.000000000,0,0,0,-1,-1
1488,0.001488000,-0.774180000,1.581480000,0.000000000,0,0,0,-1,-1
1489,0.001489000,-0.774156000,1.573320000,0.000000000,0,0,0,-1,-1
1490,0.001490000,-0.774132000,1.565040000,0.000000000,0,0,0,-1,-1
1491,0.001491000,-0.774108000,1.556760000,0.000000000,0,0,0,-1,-1
1492,0.001492000,-0.774084000,1.548600000,0.000000000,0,0,0,-1,-1
1493,0.001493000,-0.774060000,1.540320000,0.000000000,0,0,0,-1,-1
1494,0.001494000,-0.774048000,1.532040000,0.000000000,0,0,0,-1,-1
1495,0.001495000,-0.774024000,1.523880000,0.000000000,0,0,0,-1,-1
1496,0.001496000,-0.774000000,1.515600000,0.000000000,0,0,0,-1,-1
1497,0.001497000,-0.773976000,1.507440000,0.000000000,0,0,0,-1,-1
1498,0.001498000,-0.773952000,1.499160000,0.000000000,0,0,0,-1,-1
1499,0.001499000,-0.773928000,1.490880000,0.000000000,0,0,0,-1,-1
1500,0.001500000,-0.773904000,1.482720000,0.000000000,0,0,0,-1,-1
1501,0.001501000,-0.773880000,1.474440000,0.000000000,0,0,0,-1,-1
1502,0.001502000,-0.773856000,1.466160000,0.000000000,0,0,0,-1,-1
1503,0.001503000,-0.773844000,1.458000000,0.000000000,0,0,0,-1,-1
1504,0.001504000,-0.773820000,1.449720000,0.000000000,0,0,0,-1,-1
1505,0.001505000,-0.773796000,1.441560000,0.000000000,0,0,0,-1,-1
1506,0.001506000,-0.773772000,1.433280000,0.000000000,0,0,0,-1,-1
1507,0.001507000,-0.773748000,1.425000000,0.000000000,0,0,0,-1,-1
1508,0.001508000,-0.773724000,1.416840000,0.000000000,0,0,0,-1,-1
1509,0.001509000,-0.773700000,1.408560000,0.000000000,0,0,0,-1,-1
1510,0.001510000,-0.773676000,1.400280000,0.000000000,0,0,0,-1,-1
1511,0.001511000,-0.773652000,1.392120000,0.000000000,0,0,0,-1,-1
1512,0.001512000,-0.773640000,1.383840000,5.000000000,1,1,0,34,0
1513,0.001513000,-0.773616000,1.375680000,0.000000000,0,0,0,-1,-1
1514,0.001514000,-0.773592000,1.367400000,0.000000000,0,0,0,-1,-1
1515,0.001515000,-0.773568000,1.359120000,0.000000000,0,0,0,-1,-1
1516,0.001516000,-0.773544000,1.350960000,0.000000000,0,0,0,-1,-1
1517,0.001517000,-0.773520000,1.342680000,0.000000000,0,0,0,-1,-1
1518,0.001518000,-0.773496000,1.334400000,0.000000000,0,0,0,-1,-1
1519,0.001519000,-0.773472000,1.326240000,0.000000000,0,0,0,-1,-1
1520,0.001520000,-0.773448000,1.317960000,0.000000000,0,0,0,-1,-1
1521,0.001521000,-0.773436000,1.309800000,0.000000000,0,0,0,-1,-1
1522,0.001522000,-0.773412000,1.301520000,0.000000000,0,0,0,-1,-1
1523,0.001523000,-0.773388000,1.293240000,0.000000000,0,0,0,-1,-1
1524,0.001524000,-0.773364000,1.285080000,0.000000000,0,0,0,-1,-1
1525,0.001525000,-0.773340000,1.276800000,0.000000000,0,0,0,-1,-1
1526,0.001526000,-0.773316000,1.268520000,0.000000000,0,0,0,-1,-1
1527,0.001527000,-0.773292000,1.260360000,0.000000000,0,0,0,-1,-1
1528,0.001528000,-0.773268000,1.252080000,0.000000000,0,0,0,-1,-1
1529,0.001529000,-0.773244000,1.243800000,0.000000000,0,0,0,-1,-1
1530,0.001530000,-0.773232000,1.235640000,0.000000000,0,0,0,-1,-1
1531,0.001531000,-0.773208000,1.227360000,0.000000000,0,0,0,-1,-1
1532,0.001532000,-0.773184000,1.219200000,0.000000000,0,0,0,-1,-1
1533,0.001533000,-0.773160000,1.210920000,0.000000000,0,0,0,-1,-1
1534,0.001534000,-0.773136000,1.202640000,0.000000000,0,0,0,-1,-1
1535,0.001535000,-0.773112000,1.194444000,0.000000000,0,0,0,-1,-1
1536,0.001536000,-0.773088000,1.186212000,0.000000000,0,0,0,-1,-1
1537,0.001537000,-0.773064000,1.177968000,0.000000000,0,0,0,-1,-1
1538,0.001538000,-0.773040000,1.169736000,0.000000000,0,0,0,-1,-1
1539,0.001539000,-0.773028000,1.161504000,0.000000000,0,0,0,-1,-1
1540,0.001540000,-0.773004000,1.153260000,5.000000000,1,1,0,35,0
1541,0.001541000,-0.772980000,1.145028000,0.000000000,0,0,0,-1,-1
1542,0.001542000,-0.772956000,1.136796000,0.000000000,0,0,0,-1,-1
1543,0.001543000,-0.772932000,1.128552000,0.000000000,0,0,0,-1,-1
1544,0.001544000,-0.772908000,1.120320000,0.000000000,0,0,0,-1,-1
1545,0.001545000,-0.772884000,1.112088000,0.000000000,0,0,0,-1,-1
1546,0.001546000,-0.772860000,1.103844000,0.000000000,0,0,0,-1,-1
1547,0.001547000,-0.772836000,1.095612000,0.000000000,0,0,0,-1,-1
1548,0.001548000,-0.772824000,1.087380000,0.000000000,0,0,0,-1,-1
1549,0.001549000,-0.772800000,1.079136000,0.000000000,0,0,0,-1,-1
1550,0.001550000,-0.772776000,1.070904000,0.000000000,0,0,0,-1,-1
1551,0.001551000,-0.772752000,1.062672000,0.000000000,0,0,0,-1,-1
1552,0.001552000,-0.772728000,1.054428000,0.000000000,0,0,0,-1,-1
1553,0.001553000,-0.772704000,1.046196000,0.000000000,0,0,0,-1,-1
1554,0.001554000,-0.772680000,1.037952000,0.000000000,0,0,0,-1,-1
1555,0.001555000,-0.772656000,1.029720000,0.000000000,0,0,0,-1,-1
1556,0.001556000,-0.772632000,1.021488000,0.000000000,0,0,0,-1,-1
1557,0.001557000,-0.772620000,1.013244000,0.000000000,0,0,0,-1,-1
1558,0.001558000,-0.772596000,1.005012000,0.000000000,0,0,0,-1,-1
1559,0.001559000,-0.772572000,0.996780000,0.000000000,0,0,0,-1,-1
1560,0.001560000,-0.772548000,0.988536000,0.000000000,0,0,0,-1,-1
1561,0.001561000,-0.772524000,0.980304000,0.000000000,0,0,0,-1,-1
1562,0.001562000,-0.772500000,0.972072000,0.000000000,0,0,0,-1,-1
1563,0.001563000,-0.772476000,0.963828000,0.000000000,0,0,0,-1,-1
1564,0.001564000,-0.772452000,0.955596000,0.000000000,0,0,0,-1,-1
1565,0.001565000,-0.772428000,0.947352000,0.000000000,0,0,0,-1,-1
1566,0.001566000,-0.772416000,0.939120000,0.000000000,0,0,0,-1,-1
1567,0.001567000,-0.772392000,0.930888000,0.000000000,0,0,0,-1,-1
1568,0.001568000,-0.772368000,0.922644000,5.000000000,1,1,0,36,0
1569,0.001569000,-0.772344000,0.914412000,0.000000000,0,0,0,-1,-1
1570,0.001570000,-0.772320000,0.906168000,0.000000000,0,0,0,-1,-1
1571,0.001571000,-0.772296000,0.897936000,0.000000000,0,0,0,-1,-1
1572,0.001572000,-0.772272000,0.889704000,0.000000000,0,0,0,-1,-1
1573,0.001573000,-0.772248000,0.881460000,0.000000000,0,0,0,-1,-1
1574,0.001574000,-0.772224000,0.873228000,0.000000000,0,0,0,-1,-1
1575,0.001575000,-0.772212000,0.864984000,0.000000000,0,0,0,-1,-1
1576,0.001576000,-0.772188000,0.856752000,0.000000000,0,0,0,-1,-1
1577,0.001577000,-0.772164000,0.848520000,0.000000000,0,0,0,-1,-1
1578,0.001578000,-0.772140000,0.840276000,0.000000000,0,0,0,-1,-1
1579,0.001579000,-0.772116000,0.832044000,0.000000000,0,0,0,-1,-1
1580,0.001580000,-0.772092000,0.823800000,0.000000000,0,0,0,-1,-1
1581,0.001581000,-0.772068000,0.815568000,0.000000000,0,0,0,-1,-1
1582,0.001582000,-0.772044000,0.807336000,0.000000000,0,0,0,-1,-1
1583,0.001583000,-0.772020000,0.799092000,0.000000000,0,0,0,-1,-1
1584,0.001584000,-0.772008000,0.790860000,0.000000000,0,0,0,-1,-1
1585,0.001585000,-0.771984000,0.782616000,0.000000000,0,0,0,-1,-1
1586,0.001586000,-0.771960000,0.774384000,0.000000000,0,0,0,-1,-1
1587,0.001587000,-0.771936000,0.766140000,0.000000000,0,0,0,-1,-1
1588,0.001588000,-0.771912000,0.757908000,0.000000000,0,0,0,-1,-1
1589,0.001589000,-0.771888000,0.749676000,0.000000000,0,0,0,-1,-1
1590,0.001590000,-0.771864000,0.741432000,0.000000000,0,0,0,-1,-1
1591,0.001591000,-0.771840000,0.733200000,0.000000000,0,0,0,-1,-1
1592,0.001592000,-0.771816000,0.724956000,0.000000000,0,0,0,-1,-1
1593,0.001593000,-0.771792000,0.716724000,0.000000000,0,0,0,-1,-1
1594,0.001594000,-0.771780000,0.708480000,0.000000000,0,0,0,-1,-1
1595,0.001595000,-0.771756000,0.700248000,0.000000000,0,0,0,-1,-1
1596,0.001596000,-0.771732000,0.692016000,5.000000000,1,1,0,37,0
1597,0.001597000,-0.771708000,0.683772000,0.000000000,0,0,0,-1,-1
1598,0.001598000,-0.771684000,0.675540000,0.000000000,0,0,0,-1,-1
1599,0.001599000,-0.771660000,0.667296000,0.000000000,0,0,0,-1,-1
1600,0.001600000,-0.771636000,0.659064000,0.000000000,0,0,0,-1,-1
1601,0.001601000,-0.771612000,0.650820000,0.000000000,0,0,0,-1,-1
1602,0.001602000,-0.771588000,0.642588000,0.000000000,0,0,0,-1,-1
1603,0.001603000,-0.771576000,0.634344000,0.000000000,0,0,0,-1,-1
1604,0.001604000,-0.771552000,0.626112000,0.000000000,0,0,0,-1,-1
1605,0.001605000,-0.771528000,0.617880000,0.000000000,0,0,0,-1,-1
1606,0.001606000,-0.771504000,0.609636000,0.000000000,0,0,0,-1,-1
1607,0.001607000,-0.771480000,0.601404000,0.000000000,0,0,0,-1,-1
1608,0.001608000,-0.771456000,0.593160000,0.000000000,0,0,0,-1,-1
1609,0.001609000,-0.771432000,0.584928000,0.000000000,0,0,0,-1,-1
1610,0.001610000,-0.771408000,0.576684000,0.000000000,0,0,0,-1,-1
1611,0.001611000,-0.771384000,0.568452000,0.000000000,0,0,0,-1,-1
1612,0.001612000,-0.771372000,0.560208000,0.000000000,0,0,0,-1,-1
1613,0.001613000,-0.771348000,0.551976000,0.000000000,0,0,0,-1,-1
1614,0.001614000,-0.771324000,0.543732000,0.000000000,0,0,0,-1,-1
1615,0.001615000,-0.771300000,0.535500000,0.000000000,0,0,0,-1,-1
1616,0.001616000,-0.771276000,0.527256000,0.000000000,0,0,0,-1,-1
1617,0.001617000,-0.771252000,0.519024000,0.000000000,0,0,0,-1,-1
1618,0.001618000,-0.771228000,0.510780000,0.000000000,0,0,0,-1,-1
1619,0.001619000,-0.771204000,0.502548000,0.000000000,0,0,0,-1,-1
1620,0.001620000,-0.771180000,0.494304000,0.000000000,0,0,0,-1,-1
1621,0.001621000,-0.771168000,0.486072000,0.000000000,0,0,0,-1,-1
1622,0.001622000,-0.771144000,0.477828000,0.000000000,0,0,0,-1,-1
1623,0.001623000,-0.771120000,0.469596000,0.000000000,0,0,0,-1,-1
1624,0.001624000,-0.771096000,0.461352000,5.000000000,1,1,0,38,0
1625,0.001625000,-0.771072000,0.453120000,0.000000000,0,0,0,-1,-1
1626,0.001626000,-0.771048000,0.444888000,0.000000000,0,0,0,-1,-1
1627,0.001627000,-0.771024000,0.436644000,0.000000000,0,0,0,-1,-1
1628,0.001628000,-0.771000000,0.428412000,0.000000000,0,0,0,-1,-1
1629,0.001629000,-0.770976000,0.420168000,0.000000000,0,0,0,-1,-1
1630,0.001630000,-0.770964000,0.411936000,0.000000000,0,0,0,-1,-1
1631,0.001631000,-0.770940000,0.403692000,0.000000000,0,0,0,-1,-1
1632,0.001632000,-0.770916000,0.395448000,0.000000000,0,0,0,-1,-1
1633,0.001633000,-0.770892000,0.387216000,0.000000000,0,0,0,-1,-1
1634,0.001634000,-0.770868000,0.378972000,0.000000000,0,0,0,-1,-1
1635,0.001635000,-0.770844000,0.370740000,0.000000000,0,0,0,-1,-1
1636,0.001636000,-0.770820000,0.362496000,0.000000000,0,0,0,-1,-1
1637,0.001637000,-0.770796000,0.354264000,0.000000000,0,0,0,-1,-1
1638,0.001638000,-0.770772000,0.346020000,0.000000000,0,0,0,-1,-1
1639,0.001639000,-0.770760000,0.337788000,0.000000000,0,0,0,-1,-1
1640,0.001640000,-0.770736000,0.329544000,0.000000000,0,0,0,-1,-1
1641,0.001641000,-0.770712000,0.321312000,0.000000000,0,0,0,-1,-1
1642,0.001642000,-0.770688000,0.313068000,0.000000000,0,0,0,-1,-1
1643,0.001643000,-0.770664000,0.304836000,0.000000000,0,0,0,-1,-1
1644,0.001644000,-0.770640000,0.296592000,0.000000000,0,0,0,-1,-1
1645,0.001645000,-0.770616000,0.288360000,0.000000000,0,0,0,-1,-1
1646,0.001646000,-0.770592000,0.280116000,0.000000000,0,0,0,-1,-1
1647,0.001647000,-0.770568000,0.271884000,0.000000000,0,0,0,-1,-1
1648,0.001648000,-0.770556000,0.263640000,0.000000000,0,0,0,-1,-1
1649,0.001649000,-0.770532000,0.255408000,0.000000000,0,0,0,-1,-1
1650,0.001650000,-0.770508000,0.247164000,0.000000000,0,0,0,-1,-1
1651,0.001651000,-0.770484000,0.238932000,0.000000000,0,0,0,-1,-1
1652,0.001652000,-0.770460000,0.230688000,5.000000000,1,1,0,39,0
1653,0.001653000,-0.770436000,0.222444000,0.000000000,0,0,0,-1,-1
1654,0.001654000,-0.770412000,0.214212000,0.000000000,0,0,0,-1,-1
1655,0.001655000,-0.770388000,0.205968000,0.000000000,0,0,0,-1,-1
1656,0.001656000,-0.770364000,0.197736000,0.000000000,0,0,0,-1,-1
1657,0.001657000,-0.770352000,0.189492000,0.000000000,0,0,0,-1,-1
1658,0.001658000,-0.770328000,0.181260000,0.000000000,0,0,0,-1,-1
1659,0.001659000,-0.770304000,0.173016000,0.000000000,0,0,0,-1,-1
1660,0.001660000,-0.770280000,0.164784000,0.000000000,0,0,0,-1,-1
1661,0.001661000,-0.770256000,0.156540000,0.000000000,0,0,0,-1,-1
1662,0.001662000,-0.770232000,0.148296000,0.000000000,0,0,0,-1,-1
1663,0.001663000,-0.770208000,0.140064000,0.000000000,0,0,0,-1,-1
1664,0.001664000,-0.770184000,0.131820000,0.000000000,0,0,0,-1,-1
1665,0.001665000,-0.770160000,0.123588000,0.000000000,0,0,0,-1,-1
1666,0.001666000,-0.770148000,0.115346400,0.000000000,0,0,0,-1,-1
1667,0.001667000,-0.770124000,0.107107200,0.000000000,0,0,0,-1,-1
1668,0.001668000,-0.770100000,0.098868000,0.000000000,0,0,0,-1,-1
1669,0.001669000,-0.770076000,0.090628800,0.000000000,0,0,0,-1,-1
1670,0.001670000,-0.770052000,0.082390800,0.000000000,0,0,0,-1,-1
1671,0.001671000,-0.770028000,0.074151600,0.000000000,0,0,0,-1,-1
1672,0.001672000,-0.770004000,0.065912400,0.000000000,0,0,0,-1,-1
1673,0.001673000,-0.769980000,0.057673200,0.000000000,0,0,0,-1,-1
1674,0.001674000,-0.769956000,0.049434000,0.000000000,0,0,0,-1,-1
1675,0.001675000,-0.769944000,0.041196000,0.000000000,0,0,0,-1,-1
1676,0.001676000,-0.769920000,0.032956800,0.000000000,0,0,0,-1,-1
1677,0.001677000,-0.769896000,0.024717600,0.000000000,0,0,0,-1,-1
1678,0.001678000,-0.769872000,0.016478400,0.000000000,0,0,0,-1,-1
1679,0.001679000,-0.769848000,0.008239200,0.000000000,0,0,0,-1,-1
1680,0.001680000,-0.769824000,0.000000000,5.000000000,1,1,0,40,0
1681,0.001681000,-0.769800000,-0.008239200,0.000000000,0,0,0,-1,-1
1682,0.001682000,-0.769776000,-0.016478400,0.000000000,0,0,0,-1,-1
1683,0.001683000,-0.769752000,-0.024717600,0.000000000,0,0,0,-1,-1
1684,0.001684000,-0.769740000,-0.032956800,0.000000000,0,0,0,-1,-1
1685,0.001685000,-0.769716000,-0.041196000,0.000000000,0,0,0,-1,-1
1686,0.001686000,-0.769692000,-0.049435200,0.000000000,0,0,0,-1,-1
1687,0.001687000,-0.769668000,-0.057674400,0.000000000,0,0,0,-1,-1
1688,0.001688000,-0.769644000,-0.065913600,0.000000000,0,0,0,-1,-1
1689,0.001689000,-0.769620000,-0.074152800,0.000000000,0,0,0,-1,-1
1690,0.001690000,-0.769596000,-0.082393200,0.000000000,0,0,0,-1,-1
1691,0.001691000,-0.769572000,-0.090632400,0.000000000,0,0,0,-1,-1
1692,0.001692000,-0.769548000,-0.098871600,0.000000000,0,0,0,-1,-1
1693,0.001693000,-0.769536000,-0.107110800,0.000000000,0,0,0,-1,-1
1694,0.001694000,-0.769512000,-0.115350000,0.000000000,0,0,0,-1,-1
1695,0.001695000,-0.769488000,-0.123588000,0.000000000,0,0,0,-1,-1
1696,0.001696000,-0.769464000,-0.131832000,0.000000000,0,0,0,-1,-1
1697,0.001697000,-0.769440000,-0.140064000,0.000000000,0,0,0,-1,-1
1698,0.001698000,-0.769416000,-0.148308000,0.000000000,0,0,0,-1,-1
1699,0.001699000,-0.769392000,-0.156552000,0.000000000,0,0,0,-1,-1
1700,0.001700000,-0.769368000,-0.164784000,0.000000000,0,0,0,-1,-1
1701,0.001701000,-0.769344000,-0.173028000,0.000000000,0,0,0,-1,-1
1702,0.001702000,-0.769320000,-0.181272000,0.000000000,0,0,0,-1,-1
1703,0.001703000,-0.769308000,-0.189504000,0.000000000,0,0,0,-1,-1
1704,0.001704000,-0.769284000,-0.197748000,0.000000000,0,0,0,-1,-1
1705,0.001705000,-0.769260000,-0.205980000,0.000000000,0,0,0,-1,-1
1706,0.001706000,-0.769236000,-0.214224000,0.000000000,0,0,0,-1,-1
1707,0.001707000,-0.769212000,-0.222468000,0.000000000,0,0,0,-1,-1
1708,0.001708000,-0.769188000,-0.230700000,5.000000000,1,1,0,41,0
1709,0.001709000,-0.769164000,-0.238944000,0.000000000,0,0,0,-1,-1
1710,0.001710000,-0.769140000,-0.247188000,0.000000000,0,0,0,-1,-1
1711,0.001711000,-0.769116000,-0.255420000,0.000000000,0,0,0,-1,-1
1712,0.001712000,-0.769104000,-0.263664000,0.000000000,0,0,0,-1,-1
1713,0.001713000,-0.769080000,-0.271908000,0.000000000,0,0,0,-1,-1
1714,0.001714000,-0.769056000,-0.280140000,0.000000000,0,0,0,-1,-1
1715,0.001715000,-0.769032000,-0.288384000,0.000000000,0,0,0,-1,-1
1716,0.001716000,-0.769008000,-0.296628000,0.000000000,0,0,0,-1,-1
1717,0.001717000,-0.768984000,-0.304860000,0.000000000,0,0,0,-1,-1
1718,0.001718000,-0.768960000,-0.313104000,0.000000000,0,0,0,-1,-1
1719,0.001719000,-0.768936000,-0.321348000,0.000000000,0,0,0,-1,-1
1720,0.001720000,-0.768912000,-0.329580000,0.000000000,0,0,0,-1,-1
1721,0.001721000,-0.768900000,-0.337824000,0.000000000,0,0,0,-1,-1
1722,0.001722000,-0.768876000,-0.346068000,0.000000000,0,0,0,-1,-1
1723,0.001723000,-0.768852000,-0.354300000,0.000000000,0,0,0,-1,-1
1724,0.001724000,-0.768828000,-0.362544000,0.000000000,0,0,0,-1,-1
1725,0.001725000,-0.768804000,-0.370788000,0.000000000,0,0,0,-1,-1
1726,0.001726000,-0.768780000,-0.379020000,0.000000000,0,0,0,-1,-1
1727,0.001727000,-0.768756000,-0.387264000,0.000000000,0,0,0,-1,-1
1728,0.001728000,-0.768732000,-0.395508000,0.000000000,0,0,0,-1,-1
1729,0.001729000,-0.768708000,-0.403740000,0.000000000,0,0,0,-1,-1
1730,0.001730000,-0.768696000,-0.411984000,0.000000000,0,0,0,-1,-1
1731,0.001731000,-0.768672000,-0.420228000,0.000000000,0,0,0,-1,-1
1732,0.001732000,-0.768648000,-0.428472000,0.000000000,0,0,0,-1,-1
1733,0.001733000,-0.768624000,-0.436704000,0.000000000,0,0,0,-1,-1
1734,0.001734000,-0.768600000,-0.444948000,0.000000000,0,0,0,-1,-1
1735,0.001735000,-0.768576000,-0.453192000,0.000000000,0,0,0,-1,-1
1736,0.001736000,-0.768552000,-0.461424000,5.000000000,1,1,0,42,0
1737,0.001737000,-0.768528000,-0.469668000,0.000000000,0,0,0,-1,-1
1738,0.001738000,-0.768504000,-0.477912000,0.000000000,0,0,0,-1,-1
1739,0.001739000,-0.768492000,-0.486144000,0.000000000,0,0,0,-1,-1
1740,0.001740000,-0.768468000,-0.494388000,0.000000000,0,0,0,-1,-1
1741,0.001741000,-0.768444000,-0.502632000,0.000000000,0,0,0,-1,-1
1742,0.001742000,-0.768420000,-0.510876000,0.000000000,0,0,0,-1,-1
1743,0.001743000,-0.768396000,-0.519108000,0.000000000,0,0,0,-1,-1
1744,0.001744000,-0.768372000,-0.527352000,0.000000000,0,0,0,-1,-1
1745,0.001745000,-0.768348000,-0.535596000,0.000000000,0,0,0,-1,-1
1746,0.001746000,-0.768324000,-0.543828000,0.000000000,0,0,0,-1,-1
1747,0.001747000,-0.768300000,-0.552072000,0.000000000,0,0,0,-1,-1
1748,0.001748000,-0.768288000,-0.560316000,0.000000000,0,0,0,-1,-1
1749,0.001749000,-0.768264000,-0.568560000,0.000000000,0,0,0,-1,-1
1750,0.001750000,-0.768240000,-0.576792000,0.000000000,0,0,0,-1,-1
1751,0.001751000,-0.768216000,-0.585036000,0.000000000,0,0,0,-1,-1
1752,0.001752000,-0.768192000,-0.593280000,0.000000000,0,0,0,-1,-1
1753,0.001753000,-0.768168000,-0.601512000,0.000000000,0,0,0,-1,-1
1754,0.001754000,-0.768144000,-0.609756000,0.000000000,0,0,0,-1,-1
1755,0.001755000,-0.768120000,-0.618000000,0.000000000,0,0,0,-1,-1
1756,0.001756000,-0.768096000,-0.626244000,0.000000000,0,0,0,-1,-1
1757,0.001757000,-0.768084000,-0.634476000,0.000000000,0,0,0,-1,-1
1758,0.001758000,-0.768060000,-0.642720000,0.000000000,0,0,0,-1,-1
1759,0.001759000,-0.768036000,-0.650964000,0.000000000,0,0,0,-1,-1
1760,0.001760000,-0.768012000,-0.659208000,0.000000000,0,0,0,-1,-1
1761,0.001761000,-0.767988000,-0.667440000,0.000000000,0,0,0,-1,-1
1762,0.001762000,-0.767964000,-0.675684000,0.000000000,0,0,0,-1,-1
1763,0.001763000,-0.767940000,-0.683928000,0.000000000,0,0,0,-1,-1
1764,0.001764000,-0.767916000,-0.692172000,5.000000000,1,1,0,43,0
1765,0.001765000,-0.767892000,-0.700404000,0.000000000,0,0,0,-1,-1
1766,0.001766000,-0.767880000,-0.708648000,0.000000000,0,0,0,-1,-1
1767,0.001767000,-0.767856000,-0.716892000,0.000000000,0,0,0,-1,-1
1768,0.001768000,-0.767832000,-0.725136000,0.000000000,0,0,0,-1,-1
1769,0.001769000,-0.767808000,-0.733368000,0.000000000,0,0,0,-1,-1
1770,0.001770000,-0.767784000,-0.741612000,0.000000000,0,0,0,-1,-1
1771,0.001771000,-0.767760000,-0.749856000,0.000000000,0,0,0,-1,-1
1772,0.001772000,-0.767736000,-0.758100000,0.000000000,0,0,0,-1,-1
1773,0.001773000,-0.767712000,-0.766332000,0.000000000,0,0,0,-1,-1
1774,0.001774000,-0.767688000,-0.774576000,0.000000000,0,0,0,-1,-1
1775,0.001775000,-0.767664000,-0.782820000,0.000000000,0,0,0,-1,-1
1776,0.001776000,-0.767652000,-0.791064000,0.000000000,0,0,0,-1,-1
1777,0.001777000,-0.767628000,-0.799308000,0.000000000,0,0,0,-1,-1
1778,0.001778000,-0.767604000,-0.807540000,0.000000000,0,0,0,-1,-1
1779,0.001779000,-0.767580000,-0.815784000,0.000000000,0,0,0,-1,-1
1780,0.001780000,-0.767556000,-0.824028000,0.000000000,0,0,0,-1,-1
1781,0.001781000,-0.767532000,-0.832272000,0.000000000,0,0,0,-1,-1
1782,0.001782000,-0.767508000,-0.840504000,0.000000000,0,0,0,-1,-1
1783,0.001783000,-0.767484000,-0.848748000,0.000000000,0,0,0,-1,-1
1784,0.001784000,-0.767460000,-0.856992000,0.000000000,0,0,0,-1,-1
1785,0.001785000,-0.767448000,-0.865236000,0.000000000,0,0,0,-1,-1
1786,0.001786000,-0.767424000,-0.873480000,0.000000000,0,0,0,-1,-1
1787,0.001787000,-0.767400000,-0.881712000,0.000000000,0,0,0,-1,-1
1788,0.001788000,-0.767376000,-0.889956000,0.000000000,0,0,0,-1,-1
1789,0.001789000,-0.767352000,-0.898200000,0.000000000,0,0,0,-1,-1
1790,0.001790000,-0.767328000,-0.906444000,0.000000000,0,0,0,-1,-1
1791,0.001791000,-0.767304000,-0.914688000,0.000000000,0,0,0,-1,-1
1792,0.001792000,-0.767280000,-0.922920000,5.000000000,1,1,0,44,0
1793,0.001793000,-0.767256000,-0.931164000,0.000000000,0,0,0,-1,-1
1794,0.001794000,-0.767244000,-0.939408000,0.000000000,0,0,0,-1,-1
1795,0.001795000,-0.767220000,-0.947652000,0.000000000,0,0,0,-1,-1
1796,0.001796000,-0.767196000,-0.955896000,0.000000000,0,0,0,-1,-1
1797,0.001797000,-0.767172000,-0.964128000,0.000000000,0,0,0,-1,-1
1798,0.001798000,-0.767148000,-0.972372000,0.000000000,0,0,0,-1,-1
1799,0.001799000,-0.767124000,-0.980616000,0.000000000,0,0,0,-1,-1
1800,0.001800000,-0.767100000,-0.988860000,0.000000000,0,0,0,-1,-1
1801,0.001801000,-0.767076000,-0.997104000,0.000000000,0,0,0,-1,-1
1802,0.001802000,-0.767052000,-1.005348000,0.000000000,0,0,0,-1,-1
1803,0.001803000,-0.767040000,-1.013580000,0.000000000,0,0,0,-1,-1
1804,0.001804000,-0.767016000,-1.021824000,0.000000000,0,0,0,-1,-1
1805,0.001805000,-0.766992000,-1.030068000,0.000000000,0,0,0,-1,-1
1806,0.001806000,-0.766968000,-1.038312000,0.000000000,0,0,0,-1,-1
1807,0.001807000,-0.766944000,-1.046556000,0.000000000,0,0,0,-1,-1
1808,0.001808000,-0.766920000,-1.054788000,0.000000000,0,0,0,-1,-1
1809,0.001809000,-0.766896000,-1.063032000,0.000000000,0,0,0,-1,-1
1810,0.001810000,-0.766872000,-1.071276000,0.000000000,0,0,0,-1,-1
1811,0.001811000,-0.766848000,-1.079520000,0.000000000,0,0,0,-1,-1
1812,0.001812000,-0.766836000,-1.087764000,0.000000000,0,0,0,-1,-1
1813,0.001813000,-0.766812000,-1.096008000,0.000000000,0,0,0,-1,-1
1814,0.001814000,-0.766788000,-1.104252000,0.000000000,0,0,0,-1,-1
1815,0.001815000,-0.766764000,-1.112484000,0.000000000,0,0,0,-1,-1
1816,0.001816000,-0.766740000,-1.120728000,0.000000000,0,0,0,-1,-1
1817,0.001817000,-0.766716000,-1.128972000,0.000000000,0,0,0,-1,-1
1818,0.001818000,-0.766692000,-1.137216000,0.000000000,0,0,0,-1,-1
1819,0.001819000,-0.766668000,-1.145460000,0.000000000,0,0,0,-1,-1
1820,0.001820000,-0.766644000,-1.153704000,5.000000000,1,1,0,45,0
1821,0.001821000,-0.766632000,-1.161936000,0.000000000,0,0,0,-1,-1
1822,0.001822000,-0.766608000,-1.170180000,0.000000000,0,0,0,-1,-1
1823,0.001823000,-0.766584000,-1.178424000,0.000000000,0,0,0,-1,-1
1824,0.001824000,-0.766560000,-1.186668000,0.000000000,0,0,0,-1,-1
1825,0.001825000,-0.766536000,-1.194912000,0.000000000,0,0,0,-1,-1
1826,0.001826000,-0.766512000,-1.203120000,0.000000000,0,0,0,-1,-1
1827,0.001827000,-0.766488000,-1.211400000,0.000000000,0,0,0,-1,-1
1828,0.001828000,-0.766464000,-1.219680000,0.000000000,0,0,0,-1,-1
1829,0.001829000,-0.766440000,-1.227840000,0.000000000,0,0,0,-1,-1
1830,0.001830000,-0.766428000,-1.236120000,0.000000000,0,0,0,-1,-1
1831,0.001831000,-0.766404000,-1.244400000,0.000000000,0,0,0,-1,-1
1832,0.001832000,-0.766380000,-1.252560000,0.000000000,0,0,0,-1,-1
1833,0.001833000,-0.766356000,-1.260840000,0.000000000,0,0,0,-1,-1
1834,0.001834000,-0.766332000,-1.269120000,0.000000000,0,0,0,-1,-1
1835,0.001835000,-0.766308000,-1.277280000,0.000000000,0,0,0,-1,-1
1836,0.001836000,-0.766284000,-1.285560000,0.000000000,0,0,0,-1,-1
1837,0.001837000,-0.766260000,-1.293840000,0.000000000,0,0,0,-1,-1
1838,0.001838000,-0.766236000,-1.302120000,0.000000000,0,0,0,-1,-1
1839,0.001839000,-0.766212000,-1.310280000,0.000000000,0,0,0,-1,-1
1840,0.001840000,-0.766200000,-1.318560000,0.000000000,0,0,0,-1,-1
1841,0.001841000,-0.766176000,-1.326840000,0.000000000,0,0,0,-1,-1
1842,0.001842000,-0.766152000,-1.335000000,0.000000000,0,0,0,-1,-1
1843,0.001843000,-0.766128000,-1.343280000,0.000000000,0,0,0,-1,-1
1844,0.001844000,-0.766104000,-1.351560000,0.000000000,0,0,0,-1,-1
1845,0.001845000,-0.766080000,-1.359720000,0.000000000,0,0,0,-1,-1
1846,0.001846000,-0.766056000,-1.368000000,0.000000000,0,0,0,-1,-1
1847,0.001847000,-0.766032000,-1.376280000,0.000000000,0,0,0,-1,-1
1848,0.001848000,-0.766008000,-1.384440000,5.000000000,1,1,0,46,0
1849,0.001849000,-0.765996000,-1.392720000,0.000000000,0,0,0,-1,-1
1850,0.001850000,-0.765972000,-1.401000000,0.000000000,0,0,0,-1,-1
1851,0.001851000,-0.765948000,-1.409280000,0.000000000,0,0,0,-1,-1
1852,0.001852000,-0.765924000,-1.417440000,0.000000000,0,0,0,-1,-1
1853,0.001853000,-0.765900000,-1.425720000,0.000000000,0,0,0,-1,-1
1854,0.001854000,-0.765876000,-1.434000000,0.000000000,0,0,0,-1,-1
1855,0.001855000,-0.765852000,-1.442160000,0.000000000,0,0,0,-1,-1
1856,0.001856000,-0.765828000,-1.450440000,0.000000000,0,0,0,-1,-1
1857,0.001857000,-0.765804000,-1.458720000,0.000000000,0,0,0,-1,-1
1858,0.001858000,-0.765792000,-1.466880000,0.000000000,0,0,0,-1,-1
1859,0.001859000,-0.765768000,-1.475160000,0.000000000,0,0,0,-1,-1
1860,0.001860000,-0.765744000,-1.483440000,0.000000000,0,0,0,-1,-1
1861,0.001861000,-0.765720000,-1.491600000,0.000000000,0,0,0,-1,-1
1862,0.001862000,-0.765696000,-1.499880000,0.000000000,0,0,0,-1,-1
1863,0.001863000,-0.765672000,-1.508160000,0.000000000,0,0,0,-1,-1
1864,0.001864000,-0.765648000,-1.516440000,0.000000000,0,0,0,-1,-1
1865,0.001865000,-0.765624000,-1.524600000,0.000000000,0,0,0,-1,-1
1866,0.001866000,-0.765600000,-1.532880000,0.000000000,0,0,0,-1,-1
1867,0.001867000,-0.765588000,-1.541160000,0.000000000,0,0,0,-1,-1
1868,0.001868000,-0.765564000,-1.549320000,0.000000000,0,0,0,-1,-1
1869,0.001869000,-0.765540000,-1.557600000,0.000000000,0,0,0,-1,-1
1870,0.001870000,-0.765516000,-1.565880000,0.000000000,0,0,0,-1,-1
1871,0.001871000,-0.765492000,-1.574040000,0.000000000,0,0,0,-1,-1
1872,0.001872000,-0.765468000,-1.582320000,0.000000000,0,0,0,-1,-1
1873,0.001873000,-0.765444000,-1.590600000,0.000000000,0,0,0,-1,-1
1874,0.001874000,-0.765420000,-1.598760000,0.000000000,0,0,0,-1,-1
1875,0.001875000,-0.765396000,-1.607040000,0.000000000,0,0,0,-1,-1
1876,0.001876000,-0.765384000,-1.615320000,5.000000000,1,1,0,47,0
1877,0.001877000,-0.765360000,-1.623600000,0.000000000,0,0,0,-1,-1
1878,0.001878000,-0.765336000,-1.631760000,0.000000000,0,0,0,-1,-1
1879,0.001879000,-0.765312000,-1.640040000,0.000000000,0,0,0,-1,-1
1880,0.001880000,-0.765288000,-1.648320000,0.000000000,0,0,0,-1,-1
1881,0.001881000,-0.765264000,-1.656480000,0.000000000,0,0,0,-1,-1
1882,0.001882000,-0.765240000,-1.664760000,0.000000000,0,0,0,-1,-1
1883,0.001883000,-0.765216000,-1.673040000,0.000000000,0,0,0,-1,-1
1884,0.001884000,-0.765192000,-1.681200000,0.000000000,0,0,0,-1,-1
1885,0.001885000,-0.765180000,-1.689480000,0.000000000,0,0,0,-1,-1
1886,0.001886000,-0.765156000,-1.697760000,0.000000000,0,0,0,-1,-1
1887,0.001887000,-0.765132000,-1.706040000,0.000000000,0,0,0,-1,-1
1888,0.001888000,-0.765108000,-1.714200000,0.000000000,0,0,0,-1,-1
1889,0.001889000,-0.765084000,-1.722480000,0.000000000,0,0,0,-1,-1
1890,0.001890000,-0.765060000,-1.730760000,0.000000000,0,0,0,-1,-1
1891,0.001891000,-0.765036000,-1.738920000,0.000000000,0,0,0,-1,-1
1892,0.001892000,-0.765012000,-1.747200000,0.000000000,0,0,0,-1,-1
1893,0.001893000,-0.764988000,-1.755480000,0.000000000,0,0,0,-1,-1
1894,0.001894000,-0.764964000,-1.763640000,0.000000000,0,0,0,-1,-1
1895,0.001895000,-0.764952000,-1.771920000,0.000000000,0,0,0,-1,-1
1896,0.001896000,-0.764928000,-1.780200000,0.000000000,0,0,0,-1,-1
1897,0.001897000,-0.764904000,-1.788360000,0.000000000,0,0,0,-1,-1
1898,0.001898000,-0.764880000,-1.796640000,0.000000000,0,0,0,-1,-1
1899,0.001899000,-0.764856000,-1.804920000,0.000000000,0,0,0,-1,-1
1900,0.001900000,-0.764832000,-1.813200000,0.000000000,0,0,0,-1,-1
1901,0.001901000,-0.764808000,-1.821360000,0.000000000,0,0,0,-1,-1
1902,0.001902000,-0.764784000,-1.829640000,0.000000000,0,0,0,-1,-1
1903,0.001903000,-0.764760000,-1.837920000,0.000000000,0,0,0,-1,-1
1904,0.001904000,-0.764748000,-1.846080000,0.000000000,0,0,0,-1,-1
1905,0.001905000,-0.764724000,-1.854360000,0.000000000,0,0,0,-1,-1
1906,0.001906000,-0.764700000,-1.862640000,0.000000000,0,0,0,-1,-1
1907,0.001907000,-0.764676000,-1.870920000,0.000000000,0,0,0,-1,-1
1908,0.001908000,-0.764652000,-1.879080000,0.000000000,0,0,0,-1,-1
1909,0.001909000,-0.764628000,-1.887360000,0.000000000,0,0,0,-1,-1
1910,0.001910000,-0.764604000,-1.895640000,0.000000000,0,0,0,-1,-1
1911,0.001911000,-0.759516000,-1.902720000,0.000000000,0,0,0,-1,-1
1912,0.001912000,-0.759492000,-1.911000000,0.000000000,0,0,0,-1,-1
1913,0.001913000,-0.759468000,-1.919280000,0.000000000,0,0,0,-1,-1
1914,0.001914000,-0.754380000,-1.926360000,0.000000000,0,0,0,-1,-1
1915,0.001915000,-0.754356000,-1.934640000,0.000000000,0,0,0,-1,-1
1916,0.001916000,-0.749280000,-1.941720000,0.000000000,0,0,0,-1,-1
1917,0.001917000,-0.744204000,-1.948920000,0.000000000,0,0,0,-1,-1
1918,0.001918000,-0.739128000,-1.956000000,0.000000000,0,0,0,-1,-1
1919,0.001919000,-0.734064000,-1.963080000,0.000000000,0,0,0,-1,-1
1920,0.001920000,-0.729012000,-1.970160000,0.000000000,0,0,0,-1,-1
1921,0.001921000,-0.723984000,-1.969080000,0.000000000,0,0,0,-1,-1
1922,0.001922000,-0.718932000,-1.976160000,0.000000000,0,0,0,-1,-1
1923,0.001923000,-0.713916000,-1.975080000,0.000000000,0,0,0,-1,-1
1924,0.001924000,-0.708900000,-1.974000000,0.000000000,0,0,0,-1,-1
1925,0.001925000,-0.703872000,-1.981080000,0.000000000,0,0,0,-1,-1
1926,0.001926000,-0.698868000,-1.979880000,0.000000000,0,0,0,-1,-1
1927,0.001927000,-0.693876000,-1.978800000,0.000000000,0,0,0,-1,-1
1928,0.001928000,-0.688884000,-1.977720000,0.000000000,0,0,0,-1,-1
1929,0.001929000,-0.683904000,-1.976520000,0.000000000,0,0,0,-1,-1
1930,0.001930000,-0.678924000,-1.975440000,0.000000000,0,0,0,-1,-1
1931,0.001931000,-0.673944000,-1.974360000,0.000000000,0,0,0,-1,-1
1932,0.001932000,-0.669000000,-1.965120000,0.000000000,0,0,0,-1,-1
1933,0.001933000,-0.664032000,-1.964040000,0.000000000,0,0,0,-1,-1
1934,0.001934000,-0.659076000,-1.962840000,0.000000000,0,0,0,-1,-1
1935,0.001935000,-0.654156000,-1.953600000,0.000000000,0,0,0,-1,-1
1936,0.001936000,-0.649212000,-1.952520000,0.000000000,0,0,0,-1,-1
1937,0.001937000,-0.644292000,-1.943280000,0.000000000,0,0,0,-1,-1
1938,0.001938000,-0.639372000,-1.934040000,0.000000000,0,0,0,-1,-1
1939,0.001939000,-0.634464000,-1.924920000,0.000000000,0,0,0,-1,-1
1940,0.001940000,-0.629568000,-1.915680000,0.000000000,0,0,0,-1,-1
1941,0.001941000,-0.624672000,-1.906560000,0.000000000,0,0,0,-1,-1
1942,0.001942000,-0.624696000,-1.898400000,0.000000000,0,0,0,-1,-1
1943,0.001943000,-0.619800000,-1.889280000,0.000000000,0,0,0,-1,-1
1944,0.001944000,-0.619824000,-1.881120000,0.000000000,0,0,0,-1,-1
1945,0.001945000,-0.619848000,-1.872960000,0.000000000,0,0,0,-1,-1
1946,0.001946000,-0.614964000,-1.863840000,0.000000000,0,0,0,-1,-1
1947,0.001947000,-0.614988000,-1.855800000,0.000000000,0,0,0,-1,-1
1948,0.001948000,-0.615012000,-1.847640000,0.000000000,0,0,0,-1,-1
1949,0.001949000,-0.615036000,-1.839480000,0.000000000,0,0,0,-1,-1
1950,0.001950000,-0.615060000,-1.831440000,5.000000000,1,1,0,48,0
1951,0.001951000,-0.615072000,-1.823280000,0.000000000,0,0,0,-1,-1
1952,0.001952000,-0.615096000,-1.815240000,0.000000000,0,0,0,-1,-1
1953,0.001953000,-0.615120000,-1.807080000,0.000000000,0,0,0,-1,-1
1954,0.001954000,-0.615144000,-1.799040000,0.000000000,0,0,0,-1,-1
1955,0.001955000,-0.615168000,-1.790880000,0.000000000,0,0,0,-1,-1
1956,0.001956000,-0.615192000,-1.782840000,0.000000000,0,0,0,-1,-1
1957,0.001957000,-0.615216000,-1.774680000,0.000000000,0,0,0,-1,-1
1958,0.001958000,-0.615240000,-1.766520000,0.000000000,0,0,0,-1,-1
1959,0.001959000,-0.615264000,-1.758480000,0.000000000,0,0,0,-1,-1
1960,0.001960000,-0.615276000,-1.750320000,0.000000000,0,0,0,-1,-1
1961,0.001961000,-0.615300000,-1.742280000,0.000000000,0,0,0,-1,-1
1962,0.001962000,-0.615324000,-1.734120000,0.000000000,0,0,0,-1,-1
1963,0.001963000,-0.615348000,-1.726080000,0.000000000,0,0,0,-1,-1
1964,0.001964000,-0.615372000,-1.717920000,0.000000000,0,0,0,-1,-1
1965,0.001965000,-0.615396000,-1.709880000,0.000000000,0,0,0,-1,-1
1966,0.001966000,-0.615420000,-1.701720000,0.000000000,0,0,0,-1,-1
1967,0.001967000,-0.615444000,-1.693680000,0.000000000,0,0,0,-1,-1
1968,0.001968000,-0.615456000,-1.685520000,0.000000000,0,0,0,-1,-1
1969,0.001969000,-0.615480000,-1.677360000,0.000000000,0,0,0,-1,-1
1970,0.001970000,-0.615504000,-1.669320000,0.000000000,0,0,0,-1,-1
1971,0.001971000,-0.615528000,-1.661160000,0.000000000,0,0,0,-1,-1
1972,0.001972000,-0.615552000,-1.653120000,0.000000000,0,0,0,-1,-1
1973,0.001973000,-0.615576000,-1.644960000,0.000000000,0,0,0,-1,-1
1974,0.001974000,-0.615600000,-1.636920000,0.000000000,0,0,0,-1,-1
1975,0.001975000,-0.615624000,-1.628760000,0.000000000,0,0,0,-1,-1
1976,0.001976000,-0.615636000,-1.620720000,0.000000000,0,0,0,-1,-1
1977,0.001977000,-0.615660000,-1.612560000,5.000000000,1,1,0,49,0
1978,0.001978000,-0.615684000,-1.604520000,0.000000000,0,0,0,-1,-1
1979,0.001979000,-0.615708000,-1.596360000,0.000000000,0,0,0,-1,-1
1980,0.001980000,-0.615732000,-1.588200000,0.000000000,0,0,0,-1,-1
1981,0.001981000,-0.615756000,-1.580160000,0.000000000,0,0,0,-1,-1
1982,0.001982000,-0.615780000,-1.572000000,0.000000000,0,0,0,-1,-1
1983,0.001983000,-0.615804000,-1.563960000,0.000000000,0,0,0,-1,-1
1984,0.001984000,-0.615816000,-1.555800000,0.000000000,0,0,0,-1,-1
1985,0.001985000,-0.615840000,-1.547760000,0.000000000,0,0,0,-1,-1
1986,0.001986000,-0.615864000,-1.539600000,0.000000000,0,0,0,-1,-1
1987,0.001987000,-0.615888000,-1.531560000,0.000000000,0,0,0,-1,-1
1988,0.001988000,-0.615912000,-1.523400000,0.000000000,0,0,0,-1,-1
1989,0.001989000,-0.615936000,-1.515360000,0.000000000,0,0,0,-1,-1
1990,0.001990000,-0.615960000,-1.507200000,0.000000000,0,0,0,-1,-1
1991,0.001991000,-0.615984000,-1.499040000,0.000000000,0,0,0,-1,-1
1992,0.001992000,-0.615996000,-1.491000000,0.000000000,0,0,0,-1,-1
1993,0.001993000,-0.616020000,-1.482840000,0.000000000,0,0,0,-1,-1
1994,0.001994000,-0.616044000,-1.474800000,0.000000000,0,0,0,-1,-1
1995,0.001995000,-0.616068000,-1.466640000,0.000000000,0,0,0,-1,-1
1996,0.001996000,-0.616092000,-1.458600000,0.000000000,0,0,0,-1,-1
1997,0.001997000,-0.616116000,-1.450440000,0.000000000,0,0,0,-1,-1
1998,0.001998000,-0.616140000,-1.442400000,0.000000000,0,0,0,-1,-1
1999,0.001999000,-0.616164000,-1.434240000,0.000000000,0,0,0,-1,-1
2000,0.002000000,-0.616176000,-1.426200000,0.000000000,0,0,0,-1,-1
2001,0.002001000,-0.616200000,-1.418040000,0.000000000,0,0,0,-1,-1
2002,0.002002000,-0.616224000,-1.409880000,0.000000000,0,0,0,-1,-1
2003,0.002003000,-0.616248000,-1.401840000,0.000000000,0,0,0,-1,-1
2004,0.002004000,-0.616272000,-1.393680000,5.000000000,1,1,0,50,0
2005,0.002005000,-0.616296000,-1.385640000,0.000000000,0,0,0,-1,-1
2006,0.002006000,-0.616320000,-1.377480000,0.000000000,0,0,0,-1,-1
2007,0.002007000,-0.616344000,-1.369440000,0.000000000,0,0,0,-1,-1
2008,0.002008000,-0.616356000,-1.361280000,0.000000000,0,0,0,-1,-1
2009,0.002009000,-0.616380000,-1.353240000,0.000000000,0,0,0,-1,-1
2010,0.002010000,-0.616404000,-1.345080000,0.000000000,0,0,0,-1,-1
2011,0.002011000,-0.616428000,-1.337040000,0.000000000,0,0,0,-1,-1
2012,0.002012000,-0.616452000,-1.328880000,0.000000000,0,0,0,-1,-1
2013,0.002013000,-0.616476000,-1.320840000,0.000000000,0,0,0,-1,-1
2014,0.002014000,-0.616500000,-1.312680000,0.000000000,0,0,0,-1,-1
2015,0.002015000,-0.616524000,-1.304520000,0.000000000,0,0,0,-1,-1
2016,0.002016000,-0.616536000,-1.296480000,0.000000000,0,0,0,-1,-1
2017,0.002017000,-0.616560000,-1.288320000,0.000000000,0,0,0,-1,-1
2018,0.002018000,-0.616584000,-1.280280000,0.000000000,0,0,0,-1,-1
2019,0.002019000,-0.616608000,-1.272120000,0.000000000,0,0,0,-1,-1
2020,0.002020000,-0.616632000,-1.264080000,0.000000000,0,0,0,-1,-1
2021,0.002021000,-0.616656000,-1.255920000,0.000000000,0,0,0,-1,-1
2022,0.002022000,-0.616680000,-1.247880000,0.000000000,0,0,0,-1,-1
2023,0.002023000,-0.616704000,-1.239720000,0.000000000,0,0,0,-1,-1
2024,0.002024000,-0.616716000,-1.231680000,0.000000000,0,0,0,-1,-1
2025,0.002025000,-0.616740000,-1.223520000,0.000000000,0,0,0,-1,-1
2026,0.002026000,-0.616764000,-1.215480000,0.000000000,0,0,0,-1,-1
2027,0.002027000,-0.616788000,-1.207320000,0.000000000,0,0,0,-1,-1
2028,0.002028000,-0.616812000,-1.199220000,0.000000000,0,0,0,-1,-1
2029,0.002029000,-0.616836000,-1.191108000,0.000000000,0,0,0,-1,-1
2030,0.002030000,-0.616860000,-1.183008000,0.000000000,0,0,0,-1,-1
2031,0.002031000,-0.616884000,-1.174908000,5.000000000,1,1,0,51,0
2032,0.002032000,-0.616896000,-1.166796000,0.000000000,0,0,0,-1,-1
2033,0.002033000,-0.616920000,-1.158696000,0.000000000,0,0,0,-1,-1
2034,0.002034000,-0.616944000,-1.150596000,0.000000000,0,0,0,-1,-1
2035,0.002035000,-0.616968000,-1.142484000,0.000000000,0,0,0,-1,-1
2036,0.002036000,-0.616992000,-1.134384000,0.000000000,0,0,0,-1,-1
2037,0.002037000,-0.617016000,-1.126284000,0.000000000,0,0,0,-1,-1
2038,0.002038000,-0.617040000,-1.118172000,0.000000000,0,0,0,-1,-1
2039,0.002039000,-0.617064000,-1.110072000,0.000000000,0,0,0,-1,-1
2040,0.002040000,-0.617076000,-1.101960000,0.000000000,0,0,0,-1,-1
2041,0.002041000,-0.617100000,-1.093860000,0.000000000,0,0,0,-1,-1
2042,0.002042000,-0.617124000,-1.085760000,0.000000000,0,0,0,-1,-1
2043,0.002043000,-0.617148000,-1.077648000,0.000000000,0,0,0,-1,-1
2044,0.002044000,-0.617172000,-1.069548000,0.000000000,0,0,0,-1,-1
2045,0.002045000,-0.617196000,-1.061448000,0.000000000,0,0,0,-1,-1
2046,0.002046000,-0.617220000,-1.053336000,0.000000000,0,0,0,-1,-1
2047,0.002047000,-0.617244000,-1.045236000,0.000000000,0,0,0,-1,-1
2048,0.002048000,-0.617256000,-1.037136000,0.000000000,0,0,0,-1,-1
2049,0.002049000,-0.617280000,-1.029024000,0.000000000,0,0,0,-1,-1
2050,0.002050000,-0.617304000,-1.020924000,0.000000000,0,0,0,-1,-1
2051,0.002051000,-0.617328000,-1.012824000,0.000000000,0,0,0,-1,-1
2052,0.002052000,-0.617352000,-1.004712000,0.000000000,0,0,0,-1,-1
2053,0.002053000,-0.617376000,-0.996612000,0.000000000,0,0,0,-1,-1
2054,0.002054000,-0.617400000,-0.988512000,0.000000000,0,0,0,-1,-1
2055,0.002055000,-0.617424000,-0.980400000,0.000000000,0,0,0,-1,-1
2056,0.002056000,-0.617436000,-0.972300000,0.000000000,0,0,0,-1,-1
2057,0.002057000,-0.617460000,-0.964200000,0.000000000,0,0,0,-1,-1
2058,0.002058000,-0.617484000,-0.956100000,5.000000000,1,1,0,52,0
2059,0.002059000,-0.617508000,-0.947988000,0.000000000,0,0,0,-1,-1
2060,0.002060000,-0.617532000,-0.939888000,0.000000000,0,0,0,-1,-1
2061,0.002061000,-0.617556000,-0.931788000,0.000000000,0,0,0,-1,-1
2062,0.002062000,-0.617580000,-0.923676000,0.000000000,0,0,0,-1,-1
2063,0.002063000,-0.617604000,-0.915576000,0.000000000,0,0,0,-1,-1
2064,0.002064000,-0.617616000,-0.907476000,0.000000000,0,0,0,-1,-1
2065,0.002065000,-0.617640000,-0.899364000,0.000000000,0,0,0,-1,-1
2066,0.002066000,-0.617664000,-0.891264000,0.000000000,0,0,0,-1,-1
2067,0.002067000,-0.617688000,-0.883164000,0.000000000,0,0,0,-1,-1
2068,0.002068000,-0.617712000,-0.875052000,0.000000000,0,0,0,-1,-1
2069,0.002069000,-0.617736000,-0.866952000,0.000000000,0,0,0,-1,-1
2070,0.002070000,-0.617760000,-0.858852000,0.000000000,0,0,0,-1,-1
2071,0.002071000,-0.617784000,-0.850752000,0.000000000,0,0,0,-1,-1
2072,0.002072000,-0.617796000,-0.842640000,0.000000000,0,0,0,-1,-1
2073,0.002073000,-0.617820000,-0.834540000,0.000000000,0,0,0,-1,-1
2074,0.002074000,-0.617844000,-0.826440000,0.000000000,0,0,0,-1,-1
2075,0.002075000,-0.617868000,-0.818328000,0.000000000,0,0,0,-1,-1
2076,0.002076000,-0.617892000,-0.810228000,0.000000000,0,0,0,-1,-1
2077,0.002077000,-0.617916000,-0.802128000,0.000000000,0,0,0,-1,-1
2078,0.002078000,-0.617940000,-0.794028000,0.000000000,0,0,0,-1,-1
2079,0.002079000,-0.617964000,-0.785916000,0.000000000,0,0,0,-1,-1
2080,0.002080000,-0.617976000,-0.777816000,0.000000000,0,0,0,-1,-1
2081,0.002081000,-0.618000000,-0.769716000,0.000000000,0,0,0,-1,-1
2082,0.002082000,-0.618024000,-0.761616000,0.000000000,0,0,0,-1,-1
2083,0.002083000,-0.618048000,-0.753504000,0.000000000,0,0,0,-1,-1
2084,0.002084000,-0.618072000,-0.745404000,0.000000000,0,0,0,-1,-1
2085,0.002085000,-0.618096000,-0.737304000,5.000000000,1,1,0,53,0
2086,0.002086000,-0.618120000,-0.729192000,0.000000000,0,0,0,-1,-1
2087,0.002087000,-0.618144000,-0.721092000,0.000000000,0,0,0,-1,-1
2088,0.002088000,-0.618156000,-0.712992000,0.000000000,0,0,0,-1,-1
2089,0.002089000,-0.618180000,-0.704892000,0.000000000,0,0,0,-1,-1
2090,0.002090000,-0.618204000,-0.696780000,0.000000000,0,0,0,-1,-1
2091,0.002091000,-0.618228000,-0.688680000,0.000000000,0,0,0,-1,-1
2092,0.002092000,-0.618252000,-0.680580000,0.000000000,0,0,0,-1,-1
2093,0.002093000,-0.618276000,-0.672480000,0.000000000,0,0,0,-1,-1
2094,0.002094000,-0.618300000,-0.664368000,0.000000000,0,0,0,-1,-1
2095,0.002095000,-0.618324000,-0.656268000,0.000000000,0,0,0,-1,-1
2096,0.002096000,-0.618336000,-0.648168000,0.000000000,0,0,0,-1,-1
2097,0.002097000,-0.618360000,-0.640068000,0.000000000,0,0,0,-1,-1
2098,0.002098000,-0.618384000,-0.631956000,0.000000000,0,0,0,-1,-1
2099,0.002099000,-0.618408000,-0.623856000,0.000000000,0,0,0,-1,-1
2100,0.002100000,-0.618432000,-0.615756000,0.000000000,0,0,0,-1,-1
2101,0.002101000,-0.618456000,-0.607656000,0.000000000,0,0,0,-1,-1
2102,0.002102000,-0.618480000,-0.599544000,0.000000000,0,0,0,-1,-1
2103,0.002103000,-0.618504000,-0.591444000,0.000000000,0,0,0,-1,-1
2104,0.002104000,-0.618516000,-0.583344000,0.000000000,0,0,0,-1,-1
2105,0.002105000,-0.618540000,-0.575244000,0.000000000,0,0,0,-1,-1
2106,0.002106000,-0.618564000,-0.567144000,0.000000000,0,0,0,-1,-1
2107,0.002107000,-0.618588000,-0.559032000,0.000000000,0,0,0,-1,-1
2108,0.002108000,-0.618612000,-0.550932000,0.000000000,0,0,0,-1,-1
2109,0.002109000,-0.618636000,-0.542832000,0.000000000,0,0,0,-1,-1
2110,0.002110000,-0.618660000,-0.534732000,0.000000000,0,0,0,-1,-1
2111,0.002111000,-0.618684000,-0.526620000,0.000000000,0,0,0,-1,-1
2112,0.002112000,-0.618696000,-0.518520000,5.000000000,1,1,0,54,0
2113,0.002113000,-0.618720000,-0.510420000,0.000000000,0,0,0,-1,-1
2114,0.002114000,-0.618744000,-0.502320000,0.000000000,0,0,0,-1,-1
2115,0.002115000,-0.618768000,-0.494220000,0.000000000,0,0,0,-1,-1
2116,0.002116000,-0.618792000,-0.486108000,0.000000000,0,0,0,-1,-1
2117,0.002117000,-0.618816000,-0.478008000,0.000000000,0,0,0,-1,-1
2118,0.002118000,-0.618840000,-0.469908000,0.000000000,0,0,0,-1,-1
2119,0.002119000,-0.618864000,-0.461808000,0.000000000,0,0,0,-1,-1
2120,0.002120000,-0.618876000,-0.453708000,0.000000000,0,0,0,-1,-1
2121,0.002121000,-0.618900000,-0.445596000,0.000000000,0,0,0,-1,-1
2122,0.002122000,-0.618924000,-0.437496000,0.000000000,0,0,0,-1,-1
2123,0.002123000,-0.618948000,-0.429396000,0.000000000,0,0,0,-1,-1
2124,0.002124000,-0.618972000,-0.421296000,0.000000000,0,0,0,-1,-1
2125,0.002125000,-0.618996000,-0.413196000,0.000000000,0,0,0,-1,-1
2126,0.002126000,-0.619020000,-0.405084000,0.000000000,0,0,0,-1,-1
2127,0.002127000,-0.619044000,-0.396984000,0.000000000,0,0,0,-1,-1
2128,0.002128000,-0.619056000,-0.388884000,0.000000000,0,0,0,-1,-1
2129,0.002129000,-0.619080000,-0.380784000,0.000000000,0,0,0,-1,-1
2130,0.002130000,-0.619104000,-0.372684000,0.000000000,0,0,0,-1,-1
2131,0.002131000,-0.619128000,-0.364572000,0.000000000,0,0,0,-1,-1
2132,0.002132000,-0.619152000,-0.356472000,0.000000000,0,0,0,-1,-1
2133,0.002133000,-0.619176000,-0.348372000,0.000000000,0,0,0,-1,-1
2134,0.002134000,-0.619200000,-0.340272000,0.000000000,0,0,0,-1,-1
2135,0.002135000,-0.619224000,-0.332172000,0.000000000,0,0,0,-1,-1
2136,0.002136000,-0.619236000,-0.324072000,0.000000000,0,0,0,-1,-1
2137,0.002137000,-0.619260000,-0.315960000,0.000000000,0,0,0,-1,-1
2138,0.002138000,-0.619284000,-0.307860000,0.000000000,0,0,0,-1,-1
2139,0.002139000,-0.619308000,-0.299760000,5.000000000,1,1,0,55,0
2140,0.002140000,-0.619332000,-0.291660000,0.000000000,0,0,0,-1,-1
2141,0.002141000,-0.619356000,-0.283560000,0.000000000,0,0,0,-1,-1
2142,0.002142000,-0.619380000,-0.275460000,0.000000000,0,0,0,-1,-1
2143,0.002143000,-0.619404000,-0.267348000,0.000000000,0,0,0,-1,-1
2144,0.002144000,-0.619416000,-0.259248000,0.000000000,0,0,0,-1,-1
2145,0.002145000,-0.619440000,-0.251148000,0.000000000,0,0,0,-1,-1
2146,0.002146000,-0.619464000,-0.243048000,0.000000000,0,0,0,-1,-1
2147,0.002147000,-0.619488000,-0.234948000,0.000000000,0,0,0,-1,-1
2148,0.002148000,-0.619512000,-0.226848000,0.000000000,0,0,0,-1,-1
2149,0.002149000,-0.619536000,-0.218736000,0.000000000,0,0,0,-1,-1
2150,0.002150000,-0.619560000,-0.210636000,0.000000000,0,0,0,-1,-1
2151,0.002151000,-0.619584000,-0.202536000,0.000000000,0,0,0,-1,-1
2152,0.002152000,-0.619596000,-0.194436000,0.000000000,0,0,0,-1,-1
2153,0.002153000,-0.619620000,-0.186336000,0.000000000,0,0,0,-1,-1
2154,0.002154000,-0.619644000,-0.178236000,0.000000000,0,0,0,-1,-1
2155,0.002155000,-0.619668000,-0.170136000,0.000000000,0,0,0,-1,-1
2156,0.002156000,-0.619692000,-0.162024000,0.000000000,0,0,0,-1,-1
2157,0.002157000,-0.619716000,-0.153924000,0.000000000,0,0,0,-1,-1
2158,0.002158000,-0.619740000,-0.145824000,0.000000000,0,0,0,-1,-1
2159,0.002159000,-0.619764000,-0.137724000,0.000000000,0,0,0,-1,-1
2160,0.002160000,-0.619776000,-0.129624000,0.000000000,0,0,0,-1,-1
2161,0.002161000,-0.619800000,-0.121524000,0.000000000,0,0,0,-1,-1
2162,0.002162000,-0.619824000,-0.113419200,0.000000000,0,0,0,-1,-1
2163,0.002163000,-0.619848000,-0.105318000,0.000000000,0,0,0,-1,-1
2164,0.002164000,-0.619872000,-0.097216800,0.000000000,0,0,0,-1,-1
2165,0.002165000,-0.619896000,-0.089114400,0.000000000,0,0,0,-1,-1
2166,0.002166000,-0.619920000,-0.081013200,5.000000000,1,1,0,56,0
2167,0.002167000,-0.619944000,-0.072912000,0.000000000,0,0,0,-1,-1
2168,0.002168000,-0.619956000,-0.064810800,0.000000000,0,0,0,-1,-1
2169,0.002169000,-0.619980000,-0.056709600,0.000000000,0,0,0,-1,-1
2170,0.002170000,-0.620004000,-0.048607200,0.000000000,0,0,0,-1,-1
2171,0.002171000,-0.620028000,-0.040506000,0.000000000,0,0,0,-1,-1
2172,0.002172000,-0.620052000,-0.032404800,0.000000000,0,0,0,-1,-1
2173,0.002173000,-0.620076000,-0.024303600,0.000000000,0,0,0,-1,-1
2174,0.002174000,-0.620100000,-0.016202400,0.000000000,0,0,0,-1,-1
2175,0.002175000,-0.620124000,-0.008101200,0.000000000,0,0,0,-1,-1
2176,0.002176000,-0.620136000,0.000000000,0.000000000,0,0,0,-1,-1
2177,0.002177000,-0.620160000,0.008101200,0.000000000,0,0,0,-1,-1
2178,0.002178000,-0.620184000,0.016202400,0.000000000,0,0,0,-1,-1
2179,0.002179000,-0.620208000,0.024303600,0.000000000,0,0,0,-1,-1
2180,0.002180000,-0.620232000,0.032404800,0.000000000,0,0,0,-1,-1
2181,0.002181000,-0.620256000,0.040506000,0.000000000,0,0,0,-1,-1
2182,0.002182000,-0.620280000,0.048607200,0.000000000,0,0,0,-1,-1
2183,0.002183000,-0.620304000,0.056708400,0.000000000,0,0,0,-1,-1
2184,0.002184000,-0.620316000,0.064809600,0.000000000,0,0,0,-1,-1
2185,0.002185000,-0.620340000,0.072910800,0.000000000,0,0,0,-1,-1
2186,0.002186000,-0.620364000,0.081010800,0.000000000,0,0,0,-1,-1
2187,0.002187000,-0.620388000,0.089112000,0.000000000,0,0,0,-1,-1
2188,0.002188000,-0.620412000,0.097213200,0.000000000,0,0,0,-1,-1
2189,0.002189000,-0.620436000,0.105314400,0.000000000,0,0,0,-1,-1
2190,0.002190000,-0.620460000,0.113415600,0.000000000,0,0,0,-1,-1
2191,0.002191000,-0.620484000,0.121512000,0.000000000,0,0,0,-1,-1
2192,0.002192000,-0.620496000,0.129612000,0.000000000,0,0,0,-1,-1
2193,0.002193000,-0.620520000,0.137712000,5.000000000,1,1,0,57,0
2194,0.002194000,-0.620544000,0.145824000,0.000000000,0,0,0,-1,-1
2195,0.002195000,-0.620568000,0.153924000,0.000000000,0,0,0,-1,-1
2196,0.002196000,-0.620592000,0.162024000,0.000000000,0,0,0,-1,-1
2197,0.002197000,-0.620616000,0.170124000,0.000000000,0,0,0,-1,-1
2198,0.002198000,-0.620640000,0.178224000,0.000000000,0,0,0,-1,-1
2199,0.002199000,-0.620664000,0.186324000,0.000000000,0,0,0,-1,-1
2200,0.002200000,-0.620676000,0.194424000,0.000000000,0,0,0,-1,-1
2201,0.002201000,-0.620700000,0.202524000,0.000000000,0,0,0,-1,-1
2202,0.002202000,-0.620724000,0.210624000,0.000000000,0,0,0,-1,-1
2203,0.002203000,-0.620748000,0.218724000,0.000000000,0,0,0,-1,-1
2204,0.002204000,-0.620772000,0.226824000,0.000000000,0,0,0,-1,-1
2205,0.002205000,-0.620796000,0.234924000,0.000000000,0,0,0,-1,-1
2206,0.002206000,-0.620820000,0.243024000,0.000000000,0,0,0,-1,-1
2207,0.002207000,-0.620844000,0.251124000,0.000000000,0,0,0,-1,-1
2208,0.002208000,-0.620856000,0.259224000,0.000000000,0,0,0,-1,-1
2209,0.002209000,-0.620880000,0.267324000,0.000000000,0,0,0,-1,-1
2210,0.002210000,-0.620904000,0.275424000,0.000000000,0,0,0,-1,-1
2211,0.002211000,-0.620928000,0.283524000,0.000000000,0,0,0,-1,-1
2212,0.002212000,-0.620952000,0.291636000,0.000000000,0,0,0,-1,-1
2213,0.002213000,-0.620976000,0.299736000,0.000000000,0,0,0,-1,-1
2214,0.002214000,-0.621000000,0.307836000,0.000000000,0,0,0,-1,-1
2215,0.002215000,-0.621024000,0.315936000,0.000000000,0,0,0,-1,-1
2216,0.002216000,-0.621036000,0.324036000,0.000000000,0,0,0,-1,-1
2217,0.002217000,-0.621060000,0.332136000,0.000000000,0,0,0,-1,-1
2218,0.002218000,-0.621084000,0.340236000,0.000000000,0,0,0,-1,-1
2219,0.002219000,-0.621108000,0.348336000,0.000000000,0,0,0,-1,-1
2220,0.002220000,-0.621132000,0.356436000,5.000000000,1,1,0,58,0
2221,0.002221000,-0.621156000,0.364536000,0.000000000,0,0,0,-1,-1
2222,0.002222000,-0.621180000,0.372636000,0.000000000,0,0,0,-1,-1
2223,0.002223000,-0.621204000,0.380736000,0.000000000,0,0,0,-1,-1
2224,0.002224000,-0.621216000,0.388836000,0.000000000,0,0,0,-1,-1
2225,0.002225000,-0.621240000,0.396936000,0.000000000,0,0,0,-1,-1
2226,0.002226000,-0.621264000,0.405036000,0.000000000,0,0,0,-1,-1
2227,0.002227000,-0.621288000,0.413136000,0.000000000,0,0,0,-1,-1
2228,0.002228000,-0.621312000,0.421236000,0.000000000,0,0,0,-1,-1
2229,0.002229000,-0.621336000,0.429336000,0.000000000,0,0,0,-1,-1
2230,0.002230000,-0.621360000,0.437436000,0.000000000,0,0,0,-1,-1
2231,0.002231000,-0.621384000,0.445536000,0.000000000,0,0,0,-1,-1
2232,0.002232000,-0.621396000,0.453636000,0.000000000,0,0,0,-1,-1
2233,0.002233000,-0.621420000,0.461736000,0.000000000,0,0,0,-1,-1
2234,0.002234000,-0.621444000,0.469836000,0.000000000,0,0,0,-1,-1
2235,0.002235000,-0.621468000,0.477936000,0.000000000,0,0,0,-1,-1
2236,0.002236000,-0.621492000,0.486036000,0.000000000,0,0,0,-1,-1
2237,0.002237000,-0.621516000,0.494136000,0.000000000,0,0,0,-1,-1
2238,0.002238000,-0.621540000,0.502236000,0.000000000,0,0,0,-1,-1
2239,0.002239000,-0.621564000,0.510336000,0.000000000,0,0,0,-1,-1
2240,0.002240000,-0.621576000,0.518436000,0.000000000,0,0,0,-1,-1
2241,0.002241000,-0.621600000,0.526536000,0.000000000,0,0,0,-1,-1
2242,0.002242000,-0.621624000,0.534636000,0.000000000,0,0,0,-1,-1
2243,0.002243000,-0.621648000,0.542736000,0.000000000,0,0,0,-1,-1
2244,0.002244000,-0.621672000,0.550836000,0.000000000,0,0,0,-1,-1
2245,0.002245000,-0.621696000,0.558936000,0.000000000,0,0,0,-1,-1
2246,0.002246000,-0.621720000,0.567036000,0.000000000,0,0,0,-1,-1
2247,0.002247000,-0.621744000,0.575136000,5.000000000,1,1,0,59,0
2248,0.002248000,-0.621756000,0.583236000,0.000000000,0,0,0,-1,-1
2249,0.002249000,-0.621780000,0.591336000,0.000000000,0,0,0,-1,-1
2250,0.002250000,-0.621804000,0.599436000,0.000000000,0,0,0,-1,-1
2251,0.002251000,-0.621828000,0.607536000,0.000000000,0,0,0,-1,-1
2252,0.002252000,-0.621852000,0.615636000,0.000000000,0,0,0,-1,-1
2253,0.002253000,-0.621876000,0.623736000,0.000000000,0,0,0,-1,-1
2254,0.002254000,-0.621900000,0.631836000,0.000000000,0,0,0,-1,-1
2255,0.002255000,-0.621924000,0.639936000,0.000000000,0,0,0,-1,-1
2256,0.002256000,-0.621936000,0.648024000,0.000000000,0,0,0,-1,-1
2257,0.002257000,-0.621960000,0.656124000,0.000000000,0,0,0,-1,-1
2258,0.002258000,-0.621984000,0.664224000,0.000000000,0,0,0,-1,-1
2259,0.002259000,-0.622008000,0.672324000,0.000000000,0,0,0,-1,-1
2260,0.002260000,-0.622032000,0.680424000,0.000000000,0,0,0,-1,-1
2261,0.002261000,-0.622056000,0.688524000,0.000000000,0,0,0,-1,-1
2262,0.002262000,-0.622080000,0.696624000,0.000000000,0,0,0,-1,-1
2263,0.002263000,-0.622104000,0.704724000,0.000000000,0,0,0,-1,-1
2264,0.002264000,-0.622116000,0.712824000,0.000000000,0,0,0,-1,-1
2265,0.002265000,-0.622140000,0.720924000,0.000000000,0,0,0,-1,-1
2266,0.002266000,-0.622164000,0.729024000,0.000000000,0,0,0,-1,-1
2267,0.002267000,-0.622188000,0.737124000,0.000000000,0,0,0,-1,-1
2268,0.002268000,-0.622212000,0.745224000,0.000000000,0,0,0,-1,-1
2269,0.002269000,-0.622236000,0.753324000,0.000000000,0,0,0,-1,-1
2270,0.002270000,-0.622260000,0.761424000,0.000000000,0,0,0,-1,-1
2271,0.002271000,-0.622284000,0.769524000,0.000000000,0,0,0,-1,-1
2272,0.002272000,-0.622296000,0.777624000,0.000000000,0,0,0,-1,-1
2273,0.002273000,-0.622320000,0.785724000,0.000000000,0,0,0,-1,-1
2274,0.002274000,-0.622344000,0.793812000,5.000000000,1,1,0,60,0
2275,0.002275000,-0.622368000,0.801912000,0.000000000,0,0,0,-1,-1
2276,0.002276000,-0.622392000,0.810012000,0.000000000,0,0,0,-1,-1
2277,0.002277000,-0.622416000,0.818112000,0.000000000,0,0,0,-1,-1
2278,0.002278000,-0.622440000,0.826212000,0.000000000,0,0,0,-1,-1
2279,0.002279000,-0.622464000,0.834312000,0.000000000,0,0,0,-1,-1
2280,0.002280000,-0.622476000,0.842412000,0.000000000,0,0,0,-1,-1
2281,0.002281000,-0.622500000,0.850512000,0.000000000,0,0,0,-1,-1
2282,0.002282000,-0.622524000,0.858612000,0.000000000,0,0,0,-1,-1
2283,0.002283000,-0.622548000,0.866712000,0.000000000,0,0,0,-1,-1
2284,0.002284000,-0.622572000,0.874812000,0.000000000,0,0,0,-1,-1
2285,0.002285000,-0.622596000,0.882912000,0.000000000,0,0,0,-1,-1
2286,0.002286000,-0.622620000,0.891000000,0.000000000,0,0,0,-1,-1
2287,0.002287000,-0.622644000,0.899100000,0.000000000,0,0,0,-1,-1
2288,0.002288000,-0.622656000,0.907200000,0.000000000,0,0,0,-1,-1
2289,0.002289000,-0.622680000,0.915300000,0.000000000,0,0,0,-1,-1
2290,0.002290000,-0.622704000,0.923400000,0.000000000,0,0,0,-1,-1
2291,0.002291000,-0.622728000,0.931500000,0.000000000,0,0,0,-1,-1
2292,0.002292000,-0.622752000,0.939600000,0.000000000,0,0,0,-1,-1
2293,0.002293000,-0.622776000,0.947700000,0.000000000,0,0,0,-1,-1
2294,0.002294000,-0.622800000,0.955800000,0.000000000,0,0,0,-1,-1
2295,0.002295000,-0.622824000,0.963900000,0.000000000,0,0,0,-1,-1
2296,0.002296000,-0.622836000,0.971988000,0.000000000,0,0,0,-1,-1
2297,0.002297000,-0.622860000,0.980088000,0.000000000,0,0,0,-1,-1
2298,0.002298000,-0.622884000,0.988188000,0.000000000,0,0,0,-1,-1
2299,0.002299000,-0.622908000,0.996288000,0.000000000,0,0,0,-1,-1
2300,0.002300000,-0.622932000,1.004388000,0.000000000,0,0,0,-1,-1
2301,0.002301000,-0.622956000,1.012488000,5.000000000,1,1,0,61,0
2302,0.002302000,-0.622980000,1.020588000,0.000000000,0,0,0,-1,-1
2303,0.002303000,-0.623004000,1.028688000,0.000000000,0,0,0,-1,-1
2304,0.002304000,-0.623016000,1.036776000,0.000000000,0,0,0,-1,-1
2305,0.002305000,-0.623040000,1.044876000,0.000000000,0,0,0,-1,-1
2306,0.002306000,-0.623064000,1.052976000,0.000000000,0,0,0,-1,-1
2307,0.002307000,-0.623088000,1.061076000,0.000000000,0,0,0,-1,-1
2308,0.002308000,-0.623112000,1.069176000,0.000000000,0,0,0,-1,-1
2309,0.002309000,-0.623136000,1.077276000,0.000000000,0,0,0,-1,-1
2310,0.002310000,-0.623160000,1.085376000,0.000000000,0,0,0,-1,-1
2311,0.002311000,-0.623184000,1.093476000,0.000000000,0,0,0,-1,-1
2312,0.002312000,-0.623196000,1.101564000,0.000000000,0,0,0,-1,-1
2313,0.002313000,-0.623220000,1.109664000,0.000000000,0,0,0,-1,-1
2314,0.002314000,-0.623244000,1.117764000,0.000000000,0,0,0,-1,-1
2315,0.002315000,-0.623268000,1.125864000,0.000000000,0,0,0,-1,-1
2316,0.002316000,-0.623292000,1.133964000,0.000000000,0,0,0,-1,-1
2317,0.002317000,-0.623316000,1.142064000,0.000000000,0,0,0,-1,-1
2318,0.002318000,-0.623340000,1.150164000,0.000000000,0,0,0,-1,-1
2319,0.002319000,-0.623364000,1.158252000,0.000000000,0,0,0,-1,-1
2320,0.002320000,-0.623376000,1.166352000,0.000000000,0,0,0,-1,-1
2321,0.002321000,-0.623400000,1.174452000,0.000000000,0,0,0,-1,-1
2322,0.002322000,-0.623424000,1.182552000,0.000000000,0,0,0,-1,-1
2323,0.002323000,-0.623448000,1.190652000,0.000000000,0,0,0,-1,-1
2324,0.002324000,-0.623472000,1.198752000,0.000000000,0,0,0,-1,-1
2325,0.002325000,-0.623496000,1.206840000,0.000000000,0,0,0,-1,-1
2326,0.002326000,-0.623520000,1.215000000,0.000000000,0,0,0,-1,-1
2327,0.002327000,-0.623544000,1.223040000,0.000000000,0,0,0,-1,-1
2328,0.002328000,-0.623556000,1.231080000,5.000000000,1,1,0,62,0
2329,0.002329000,-0.623580000,1.239240000,0.000000000,0,0,0,-1,-1
2330,0.002330000,-0.623604000,1.247280000,0.000000000,0,0,0,-1,-1
2331,0.002331000,-0.623628000,1.255440000,0.000000000,0,0,0,-1,-1
2332,0.002332000,-0.623652000,1.263480000,0.000000000,0,0,0,-1,-1
2333,0.002333000,-0.623676000,1.271640000,0.000000000,0,0,0,-1,-1
2334,0.002334000,-0.623700000,1.279680000,0.000000000,0,0,0,-1,-1
2335,0.002335000,-0.623724000,1.287840000,0.000000000,0,0,0,-1,-1
2336,0.002336000,-0.623736000,1.295880000,0.000000000,0,0,0,-1,-1
2337,0.002337000,-0.623760000,1.304040000,0.000000000,0,0,0,-1,-1
2338,0.002338000,-0.623784000,1.312080000,0.000000000,0,0,0,-1,-1
2339,0.002339000,-0.623808000,1.320240000,0.000000000,0,0,0,-1,-1
2340,0.002340000,-0.623832000,1.328280000,0.000000000,0,0,0,-1,-1
2341,0.002341000,-0.623856000,1.336440000,0.000000000,0,0,0,-1,-1
2342,0.002342000,-0.623880000,1.344480000,0.000000000,0,0,0,-1,-1
2343,0.002343000,-0.623904000,1.352640000,0.000000000,0,0,0,-1,-1
2344,0.002344000,-0.623916000,1.360680000,0.000000000,0,0,0,-1,-1
2345,0.002345000,-0.623940000,1.368840000,0.000000000,0,0,0,-1,-1
2346,0.002346000,-0.623964000,1.376880000,0.000000000,0,0,0,-1,-1
2347,0.002347000,-0.623988000,1.385040000,0.000000000,0,0,0,-1,-1
2348,0.002348000,-0.624012000,1.393080000,0.000000000,0,0,0,-1,-1
2349,0.002349000,-0.624036000,1.401240000,0.000000000,0,0,0,-1,-1
2350,0.002350000,-0.624060000,1.409280000,0.000000000,0,0,0,-1,-1
2351,0.002351000,-0.624084000,1.417440000,0.000000000,0,0,0,-1,-1
2352,0.002352000,-0.624096000,1.425480000,0.000000000,0,0,0,-1,-1
2353,0.002353000,-0.624120000,1.433640000,0.000000000,0,0,0,-1,-1
2354,0.002354000,-0.624144000,1.441680000,0.000000000,0,0,0,-1,-1
2355,0.002355000,-0.624168000,1.449720000,5.000000000,1,1,0,63,0
2356,0.002356000,-0.624192000,1.457880000,0.000000000,0,0,0,-1,-1
2357,0.002357000,-0.624216000,1.465920000,0.000000000,0,0,0,-1,-1
2358,0.002358000,-0.624240000,1.474080000,0.000000000,0,0,0,-1,-1
2359,0.002359000,-0.624264000,1.482120000,0.000000000,0,0,0,-1,-1
2360,0.002360000,-0.624276000,1.490280000,0.000000000,0,0,0,-1,-1
2361,0.002361000,-0.624300000,1.498320000,0.000000000,0,0,0,-1,-1
2362,0.002362000,-0.624324000,1.506480000,0.000000000,0,0,0,-1,-1
2363,0.002363000,-0.624348000,1.514520000,0.000000000,0,0,0,-1,-1
2364,0.002364000,-0.624372000,1.522680000,0.000000000,0,0,0,-1,-1
2365,0.002365000,-0.624396000,1.530720000,0.000000000,0,0,0,-1,-1
2366,0.002366000,-0.624420000,1.538880000,0.000000000,0,0,0,-1,-1
2367,0.002367000,-0.624444000,1.546920000,0.000000000,0,0,0,-1,-1
2368,0.002368000,-0.624456000,1.555080000,0.000000000,0,0,0,-1,-1
2369,0.002369000,-0.624480000,1.563120000,0.000000000,0,0,0,-1,-1
2370,0.002370000,-0.624504000,1.571280000,0.000000000,0,0,0,-1,-1
2371,0.002371000,-0.624528000,1.579320000,0.000000000,0,0,0,-1,-1
2372,0.002372000,-0.624552000,1.587480000,0.000000000,0,0,0,-1,-1
2373,0.002373000,-0.624576000,1.595520000,0.000000000,0,0,0,-1,-1
2374,0.002374000,-0.624600000,1.603680000,0.000000000,0,0,0,-1,-1
2375,0.002375000,-0.624624000,1.611720000,0.000000000,0,0,0,-1,-1
2376,0.002376000,-0.624636000,1.619760000,0.000000000,0,0,0,-1,-1
2377,0.002377000,-0.624660000,1.627920000,0.000000000,0,0,0,-1,-1
2378,0.002378000,-0.624684000,1.635960000,0.000000000,0,0,0,-1,-1
2379,0.002379000,-0.624708000,1.644120000,0.000000000,0,0,0,-1,-1
2380,0.002380000,-0.624732000,1.652160000,0.000000000,0,0,0,-1,-1
2381,0.002381000,-0.624756000,1.660320000,0.000000000,0,0,0,-1,-1
2382,0.002382000,-0.624780000,1.668360000,0.000000000,0,0,0,-1,-1
2383,0.002383000,-0.624792000,1.676520000,0.000000000,0,0,0,-1,-1
2384,0.002384000,-0.624816000,1.684560000,0.000000000,0,0,0,-1,-1
2385,0.002385000,-0.624840000,1.692720000,0.000000000,0,0,0,-1,-1
2386,0.002386000,-0.624864000,1.700760000,0.000000000,0,0,0,-1,-1
2387,0.002387000,-0.624888000,1.708920000,0.000000000,0,0,0,-1,-1
2388,0.002388000,-0.624912000,1.716960000,0.000000000,0,0,0,-1,-1
2389,0.002389000,-0.624936000,1.725120000,0.000000000,0,0,0,-1,-1
2390,0.002390000,-0.624960000,1.733160000,0.000000000,0,0,0,-1,-1
2391,0.002391000,-0.624972000,1.741320000,0.000000000,0,0,0,-1,-1
2392,0.002392000,-0.624996000,1.749360000,0.000000000,0,0,0,-1,-1
2393,0.002393000,-0.625020000,1.757520000,0.000000000,0,0,0,-1,-1
2394,0.002394000,-0.625044000,1.765560000,0.000000000,0,0,0,-1,-1
2395,0.002395000,-0.625068000,1.773600000,0.000000000,0,0,0,-1,-1
2396,0.002396000,-0.625092000,1.781760000,0.000000000,0,0,0,-1,-1
2397,0.002397000,-0.625116000,1.789800000,0.000000000,0,0,0,-1,-1
2398,0.002398000,-0.625140000,1.797960000,0.000000000,0,0,0,-1,-1
2399,0.002399000,-0.625152000,1.806000000,0.000000000,0,0,0,-1,-1
2400,0.002400000,-0.625176000,1.814160000,0.000000000,0,0,0,-1,-1
2401,0.002401000,-0.625200000,1.822200000,0.000000000,0,0,0,-1,-1
2402,0.002402000,-0.625224000,1.830360000,0.000000000,0,0,0,-1,-1
2403,0.002403000,-0.625248000,1.838400000,0.000000000,0,0,0,-1,-1
2404,0.002404000,-0.625272000,1.846560000,0.000000000,0,0,0,-1,-1
2405,0.002405000,-0.620388000,1.853640000,0.000000000,0,0,0,-1,-1
2406,0.002406000,-0.620412000,1.861680000,0.000000000,0,0,0,-1,-1
2407,0.002407000,-0.620436000,1.869720000,0.000000000,0,0,0,-1,-1
2408,0.002408000,-0.615552000,1.876800000,0.000000000,0,0,0,-1,-1
2409,0.002409000,-0.615576000,1.884960000,0.000000000,0,0,0,-1,-1
2410,0.002410000,-0.610704000,1.891920000,0.000000000,0,0,0,-1,-1
2411,0.002411000,-0.605844000,1.899000000,0.000000000,0,0,0,-1,-1
2412,0.002412000,-0.600984000,1.905960000,0.000000000,0,0,0,-1,-1
2413,0.002413000,-0.596124000,1.913040000,0.000000000,0,0,0,-1,-1
2414,0.002414000,-0.591276000,1.920000000,0.000000000,0,0,0,-1,-1
2415,0.002415000,-0.586416000,1.918920000,0.000000000,0,0,0,-1,-1
2416,0.002416000,-0.581568000,1.925880000,0.000000000,0,0,0,-1,-1
2417,0.002417000,-0.576720000,1.924800000,0.000000000,0,0,0,-1,-1
2418,0.002418000,-0.571860000,1.923720000,0.000000000,0,0,0,-1,-1
2419,0.002419000,-0.567048000,1.930800000,0.000000000,0,0,0,-1,-1
2420,0.002420000,-0.562200000,1.929720000,0.000000000,0,0,0,-1,-1
2421,0.002421000,-0.557364000,1.928640000,0.000000000,0,0,0,-1,-1
2422,0.002422000,-0.552540000,1.927560000,0.000000000,0,0,0,-1,-1
2423,0.002423000,-0.547716000,1.926480000,0.000000000,0,0,0,-1,-1
2424,0.002424000,-0.542904000,1.925400000,0.000000000,0,0,0,-1,-1
2425,0.002425000,-0.538080000,1.924320000,0.000000000,0,0,0,-1,-1
2426,0.002426000,-0.533256000,1.915320000,0.000000000,0,0,0,-1,-1
2427,0.002427000,-0.528456000,1.914240000,0.000000000,0,0,0,-1,-1
2428,0.002428000,-0.523656000,1.913160000,0.000000000,0,0,0,-1,-1
2429,0.002429000,-0.518844000,1.904160000,0.000000000,0,0,0,-1,-1
2430,0.002430000,-0.514056000,1.903080000,0.000000000,0,0,0,-1,-1
2431,0.002431000,-0.509256000,1.894080000,0.000000000,0,0,0,-1,-1
2432,0.002432000,-0.504456000,1.884960000,0.000000000,0,0,0,-1,-1
2433,0.002433000,-0.499656000,1.875960000,0.000000000,0,0,0,-1,-1
2434,0.002434000,-0.494868000,1.866960000,0.000000000,0,0,0,-1,-1
2435,0.002435000,-0.490092000,1.857960000,0.000000000,0,0,0,-1,-1
2436,0.002436000,-0.490068000,1.850040000,0.000000000,0,0,0,-1,-1
2437,0.002437000,-0.485292000,1.841040000,0.000000000,0,0,0,-1,-1
2438,0.002438000,-0.485268000,1.833120000,0.000000000,0,0,0,-1,-1
2439,0.002439000,-0.485244000,1.825080000,0.000000000,0,0,0,-1,-1
2440,0.002440000,-0.480480000,1.816080000,0.000000000,0,0,0,-1,-1
2441,0.002441000,-0.480456000,1.808160000,0.000000000,0,0,0,-1,-1
2442,0.002442000,-0.480432000,1.800240000,0.000000000,0,0,0,-1,-1
2443,0.002443000,-0.480408000,1.792200000,0.000000000,0,0,0,-1,-1
2444,0.002444000,-0.480384000,1.784280000,5.000000000,1,1,0,64,0
2445,0.002445000,-0.480360000,1.776360000,0.000000000,0,0,0,-1,-1
2446,0.002446000,-0.480336000,1.768320000,0.000000000,0,0,0,-1,-1
2447,0.002447000,-0.480324000,1.760400000,0.000000000,0,0,0,-1,-1
2448,0.002448000,-0.480300000,1.752480000,0.000000000,0,0,0,-1,-1
2449,0.002449000,-0.480276000,1.744440000,0.000000000,0,0,0,-1,-1
2450,0.002450000,-0.480252000,1.736520000,0.000000000,0,0,0,-1,-1
2451,0.002451000,-0.480228000,1.728480000,0.000000000,0,0,0,-1,-1
2452,0.002452000,-0.480204000,1.720560000,0.000000000,0,0,0,-1,-1
2453,0.002453000,-0.480180000,1.712640000,0.000000000,0,0,0,-1,-1
2454,0.002454000,-0.480168000,1.704600000,0.000000000,0,0,0,-1,-1
2455,0.002455000,-0.480144000,1.696680000,0.000000000,0,0,0,-1,-1
2456,0.002456000,-0.480120000,1.688760000,0.000000000,0,0,0,-1,-1
2457,0.002457000,-0.480096000,1.680720000,0.000000000,0,0,0,-1,-1
2458,0.002458000,-0.480072000,1.672800000,0.000000000,0,0,0,-1,-1
2459,0.002459000,-0.480048000,1.664880000,0.000000000,0,0,0,-1,-1
2460,0.002460000,-0.480024000,1.656840000,0.000000000,0,0,0,-1,-1
2461,0.002461000,-0.480012000,1.648920000,0.000000000,0,0,0,-1,-1
2462,0.002462000,-0.479988000,1.640880000,0.000000000,0,0,0,-1,-1
2463,0.002463000,-0.479964000,1.632960000,0.000000000,0,0,0,-1,-1
2464,0.002464000,-0.479940000,1.625040000,0.000000000,0,0,0,-1,-1
2465,0.002465000,-0.479916000,1.617000000,0.000000000,0,0,0,-1,-1
2466,0.002466000,-0.479892000,1.609080000,0.000000000,0,0,0,-1,-1
2467,0.002467000,-0.479868000,1.601160000,0.000000000,0,0,0,-1,-1
2468,0.002468000,-0.479844000,1.593120000,0.000000000,0,0,0,-1,-1
2469,0.002469000,-0.479832000,1.585200000,0.000000000,0,0,0,-1,-1
2470,0.002470000,-0.479808000,1.577280000,5.000000000,1,1,0,65,0
2471,0.002471000,-0.479784000,1.569240000,0.000000000,0,0,0,-1,-1
2472,0.002472000,-0.479760000,1.561320000,0.000000000,0,0,0,-1,-1
2473,0.002473000,-0.479736000,1.553280000,0.000000000,0,0,0,-1,-1
2474,0.002474000,-0.479712000,1.545360000,0.000000000,0,0,0,-1,-1
2475,0.002475000,-0.479688000,1.537440000,0.000000000,0,0,0,-1,-1
2476,0.002476000,-0.479676000,1.529400000,0.000000000,0,0,0,-1,-1
2477,0.002477000,-0.479652000,1.521480000,0.000000000,0,0,0,-1,-1
2478,0.002478000,-0.479628000,1.513560000,0.000000000,0,0,0,-1,-1
2479,0.002479000,-0.479604000,1.505520000,0.000000000,0,0,0,-1,-1
2480,0.002480000,-0.479580000,1.497600000,0.000000000,0,0,0,-1,-1
2481,0.002481000,-0.479556000,1.489680000,0.000000000,0,0,0,-1,-1
2482,0.002482000,-0.479532000,1.481640000,0.000000000,0,0,0,-1,-1
2483,0.002483000,-0.479520000,1.473720000,0.000000000,0,0,0,-1,-1
2484,0.002484000,-0.479496000,1.465680000,0.000000000,0,0,0,-1,-1
2485,0.002485000,-0.479472000,1.457760000,0.000000000,0,0,0,-1,-1
2486,0.002486000,-0.479448000,1.449840000,0.000000000,0,0,0,-1,-1
2487,0.002487000,-0.479424000,1.441800000,0.000000000,0,0,0,-1,-1
2488,0.002488000,-0.479400000,1.433880000,0.000000000,0,0,0,-1,-1
2489,0.002489000,-0.479376000,1.425960000,0.000000000,0,0,0,-1,-1
2490,0.002490000,-0.479364000,1.417920000,0.000000000,0,0,0,-1,-1
2491,0.002491000,-0.479340000,1.410000000,0.000000000,0,0,0,-1,-1
2492,0.002492000,-0.479316000,1.401960000,0.000000000,0,0,0,-1,-1
2493,0.002493000,-0.479292000,1.394040000,0.000000000,0,0,0,-1,-1
2494,0.002494000,-0.479268000,1.386120000,0.000000000,0,0,0,-1,-1
2495,0.002495000,-0.479244000,1.378080000,0.000000000,0,0,0,-1,-1
2496,0.002496000,-0.479220000,1.370160000,5.000000000,1,1,0,66,0
2497,0.002497000,-0.479208000,1.362240000,0.000000000,0,0,0,-1,-1
2498,0.002498000,-0.479184000,1.354200000,0.000000000,0,0,0,-1,-1
2499,0.002499000,-0.479160000,1.346280000,0.000000000,0,0,0,-1,-1
2500,0.002500000,-0.479136000,1.338360000,0.000000000,0,0,0,-1,-1
2501,0.002501000,-0.479112000,1.330320000,0.000000000,0,0,0,-1,-1
2502,0.002502000,-0.479088000,1.322400000,0.000000000,0,0,0,-1,-1
2503,0.002503000,-0.479064000,1.314360000,0.000000000,0,0,0,-1,-1
2504,0.002504000,-0.479052000,1.306440000,0.000000000,0,0,0,-1,-1
2505,0.002505000,-0.479028000,1.298520000,0.000000000,0,0,0,-1,-1
2506,0.002506000,-0.479004000,1.290480000,0.000000000,0,0,0,-1,-1
2507,0.002507000,-0.478980000,1.282560000,0.000000000,0,0,0,-1,-1
2508,0.002508000,-0.478956000,1.274640000,0.000000000,0,0,0,-1,-1
2509,0.002509000,-0.478932000,1.266600000,0.000000000,0,0,0,-1,-1
2510,0.002510000,-0.478908000,1.258680000,0.000000000,0,0,0,-1,-1
2511,0.002511000,-0.478896000,1.250640000,0.000000000,0,0,0,-1,-1
2512,0.002512000,-0.478872000,1.242720000,0.000000000,0,0,0,-1,-1
2513,0.002513000,-0.478848000,1.234800000,0.000000000,0,0,0,-1,-1
2514,0.002514000,-0.478824000,1.226760000,0.000000000,0,0,0,-1,-1
2515,0.002515000,-0.478800000,1.218840000,0.000000000,0,0,0,-1,-1
2516,0.002516000,-0.478776000,1.210920000,0.000000000,0,0,0,-1,-1
2517,0.002517000,-0.478752000,1.202880000,0.000000000,0,0,0,-1,-1
2518,0.002518000,-0.478740000,1.194948000,0.000000000,0,0,0,-1,-1
2519,0.002519000,-0.478716000,1.186980000,0.000000000,0,0,0,-1,-1
2520,0.002520000,-0.478692000,1.179012000,0.000000000,0,0,0,-1,-1
2521,0.002521000,-0.478668000,1.171044000,0.000000000,0,0,0,-1,-1
2522,0.002522000,-0.478644000,1.163088000,5.000000000,1,1,0,67,0
2523,0.002523000,-0.478620000,1.155120000,0.000000000,0,0,0,-1,-1
2524,0.002524000,-0.478596000,1.147152000,0.000000000,0,0,0,-1,-1
2525,0.002525000,-0.478584000,1.139184000,0.000000000,0,0,0,-1,-1
2526,0.002526000,-0.478560000,1.131228000,0.000000000,0,0,0,-1,-1
2527,0.002527000,-0.478536000,1.123260000,0.000000000,0,0,0,-1,-1
2528,0.002528000,-0.478512000,1.115292000,0.000000000,0,0,0,-1,-1
2529,0.002529000,-0.478488000,1.107336000,0.000000000,0,0,0,-1,-1
2530,0.002530000,-0.478464000,1.099368000,0.000000000,0,0,0,-1,-1
2531,0.002531000,-0.478440000,1.091400000,0.000000000,0,0,0,-1,-1
2532,0.002532000,-0.478428000,1.083432000,0.000000000,0,0,0,-1,-1
2533,0.002533000,-0.478404000,1.075476000,0.000000000,0,0,0,-1,-1
2534,0.002534000,-0.478380000,1.067508000,0.000000000,0,0,0,-1,-1
2535,0.002535000,-0.478356000,1.059540000,0.000000000,0,0,0,-1,-1
2536,0.002536000,-0.478332000,1.051572000,0.000000000,0,0,0,-1,-1
2537,0.002537000,-0.478308000,1.043604000,0.000000000,0,0,0,-1,-1
2538,0.002538000,-0.478284000,1.035648000,0.000000000,0,0,0,-1,-1
2539,0.002539000,-0.478272000,1.027680000,0.000000000,0,0,0,-1,-1
2540,0.002540000,-0.478248000,1.019712000,0.000000000,0,0,0,-1,-1
2541,0.002541000,-0.478224000,1.011744000,0.000000000,0,0,0,-1,-1
2542,0.002542000,-0.478200000,1.003788000,0.000000000,0,0,0,-1,-1
2543,0.002543000,-0.478176000,0.995820000,0.000000000,0,0,0,-1,-1
2544,0.002544000,-0.478152000,0.987852000,0.000000000,0,0,0,-1,-1
2545,0.002545000,-0.478128000,0.979884000,0.000000000,0,0,0,-1,-1
2546,0.002546000,-0.478104000,0.971928000,0.000000000,0,0,0,-1,-1
2547,0.002547000,-0.478092000,0.963960000,0.000000000,0,0,0,-1,-1
2548,0.002548000,-0.478068000,0.955992000,5.000000000,1,1,0,68,0
2549,0.002549000,-0.478044000,0.948024000,0.000000000,0,0,0,-1,-1
2550,0.002550000,-0.478020000,0.940056000,0.000000000,0,0,0,-1,-1
2551,0.002551000,-0.477996000,0.932100000,0.000000000,0,0,0,-1,-1
2552,0.002552000,-0.477972000,0.924132000,0.000000000,0,0,0,-1,-1
2553,0.002553000,-0.477948000,0.916164000,0.000000000,0,0,0,-1,-1
2554,0.002554000,-0.477936000,0.908196000,0.000000000,0,0,0,-1,-1
2555,0.002555000,-0.477912000,0.900240000,0.000000000,0,0,0,-1,-1
2556,0.002556000,-0.477888000,0.892272000,0.000000000,0,0,0,-1,-1
2557,0.002557000,-0.477864000,0.884304000,0.000000000,0,0,0,-1,-1
2558,0.002558000,-0.477840000,0.876336000,0.000000000,0,0,0,-1,-1
2559,0.002559000,-0.477816000,0.868368000,0.000000000,0,0,0,-1,-1
2560,0.002560000,-0.477792000,0.860412000,0.000000000,0,0,0,-1,-1
2561,0.002561000,-0.477780000,0.852444000,0.000000000,0,0,0,-1,-1
2562,0.002562000,-0.477756000,0.844476000,0.000000000,0,0,0,-1,-1
2563,0.002563000,-0.477732000,0.836508000,0.000000000,0,0,0,-1,-1
2564,0.002564000,-0.477708000,0.828540000,0.000000000,0,0,0,-1,-1
2565,0.002565000,-0.477684000,0.820584000,0.000000000,0,0,0,-1,-1
2566,0.002566000,-0.477660000,0.812616000,0.000000000,0,0,0,-1,-1
2567,0.002567000,-0.477636000,0.804648000,0.000000000,0,0,0,-1,-1
2568,0.002568000,-0.477624000,0.796680000,0.000000000,0,0,0,-1,-1
2569,0.002569000,-0.477600000,0.788712000,0.000000000,0,0,0,-1,-1
2570,0.002570000,-0.477576000,0.780744000,0.000000000,0,0,0,-1,-1
2571,0.002571000,-0.477552000,0.772788000,0.000000000,0,0,0,-1,-1
2572,0.002572000,-0.477528000,0.764820000,0.000000000,0,0,0,-1,-1
2573,0.002573000,-0.477504000,0.756852000,0.000000000,0,0,0,-1,-1
2574,0.002574000,-0.477480000,0.748884000,5.000000000,1,1,0,69,0
2575,0.002575000,-0.477468000,0.740916000,0.000000000,0,0,0,-1,-1
2576,0.002576000,-0.477444000,0.732960000,0.000000000,0,0,0,-1,-1
2577,0.002577000,-0.477420000,0.724992000,0.000000000,0,0,0,-1,-1
2578,0.002578000,-0.477396000,0.717024000,0.000000000,0,0,0,-1,-1
2579,0.002579000,-0.477372000,0.709056000,0.000000000,0,0,0,-1,-1
2580,0.002580000,-0.477348000,0.701088000,0.000000000,0,0,0,-1,-1
2581,0.002581000,-0.477324000,0.693120000,0.000000000,0,0,0,-1,-1
2582,0.002582000,-0.477312000,0.685164000,0.000000000,0,0,0,-1,-1
2583,0.002583000,-0.477288000,0.677196000,0.000000000,0,0,0,-1,-1
2584,0.002584000,-0.477264000,0.669228000,0.000000000,0,0,0,-1,-1
2585,0.002585000,-0.477240000,0.661260000,0.000000000,0,0,0,-1,-1
2586,0.002586000,-0.477216000,0.653292000,0.000000000,0,0,0,-1,-1
2587,0.002587000,-0.477192000,0.645324000,0.000000000,0,0,0,-1,-1
2588,0.002588000,-0.477168000,0.637356000,0.000000000,0,0,0,-1,-1
2589,0.002589000,-0.477156000,0.629400000,0.000000000,0,0,0,-1,-1
2590,0.002590000,-0.477132000,0.621432000,0.000000000,0,0,0,-1,-1
2591,0.002591000,-0.477108000,0.613464000,0.000000000,0,0,0,-1,-1
2592,0.002592000,-0.477084000,0.605496000,0.000000000,0,0,0,-1,-1
2593,0.002593000,-0.477060000,0.597528000,0.000000000,0,0,0,-1,-1
2594,0.002594000,-0.477036000,0.589560000,0.000000000,0,0,0,-1,-1
2595,0.002595000,-0.477012000,0.581592000,0.000000000,0,0,0,-1,-1
2596,0.002596000,-0.477000000,0.573636000,0.000000000,0,0,0,-1,-1
2597,0.002597000,-0.476976000,0.565668000,0.000000000,0,0,0,-1,-1
2598,0.002598000,-0.476952000,0.557700000,0.000000000,0,0,0,-1,-1
2599,0.002599000,-0.476928000,0.549732000,0.000000000,0,0,0,-1,-1
2600,0.002600000,-0.476904000,0.541764000,5.000000000,1,1,0,70,0
2601,0.002601000,-0.476880000,0.533796000,0.000000000,0,0,0,-1,-1
2602,0.002602000,-0.476856000,0.525828000,0.000000000,0,0,0,-1,-1
2603,0.002603000,-0.476844000,0.517872000,0.000000000,0,0,0,-1,-1
2604,0.002604000,-0.476820000,0.509904000,0.000000000,0,0,0,-1,-1
2605,0.002605000,-0.476796000,0.501936000,0.000000000,0,0,0,-1,-1
2606,0.002606000,-0.476772000,0.493968000,0.000000000,0,0,0,-1,-1
2607,0.002607000,-0.476748000,0.486000000,0.000000000,0,0,0,-1,-1
2608,0.002608000,-0.476724000,0.478032000,0.000000000,0,0,0,-1,-1
2609,0.002609000,-0.476700000,0.470064000,0.000000000,0,0,0,-1,-1
2610,0.002610000,-0.476676000,0.462096000,0.000000000,0,0,0,-1,-1
2611,0.002611000,-0.476664000,0.454128000,0.000000000,0,0,0,-1,-1
2612,0.002612000,-0.476640000,0.446172000,0.000000000,0,0,0,-1,-1
2613,0.002613000,-0.476616000,0.438204000,0.000000000,0,0,0,-1,-1
2614,0.002614000,-0.476592000,0.430236000,0.000000000,0,0,0,-1,-1
2615,0.002615000,-0.476568000,0.422268000,0.000000000,0,0,0,-1,-1
2616,0.002616000,-0.476544000,0.414300000,0.000000000,0,0,0,-1,-1
2617,0.002617000,-0.476520000,0.406332000,0.000000000,0,0,0,-1,-1
2618,0.002618000,-0.476508000,0.398364000,0.000000000,0,0,0,-1,-1
2619,0.002619000,-0.476484000,0.390396000,0.000000000,0,0,0,-1,-1
2620,0.002620000,-0.476460000,0.382428000,0.000000000,0,0,0,-1,-1
2621,0.002621000,-0.476436000,0.374460000,0.000000000,0,0,0,-1,-1
2622,0.002622000,-0.476412000,0.366504000,0.000000000,0,0,0,-1,-1
2623,0.002623000,-0.476388000,0.358536000,0.000000000,0,0,0,-1,-1
2624,0.002624000,-0.476364000,0.350568000,0.000000000,0,0,0,-1,-1
2625,0.002625000,-0.476352000,0.342600000,0.000000000,0,0,0,-1,-1
2626,0.002626000,-0.476328000,0.334632000,5.000000000,1,1,0,71,0
2627,0.002627000,-0.476304000,0.326664000,0.000000000,0,0,0,-1,-1
2628,0.002628000,-0.476280000,0.318696000,0.000000000,0,0,0,-1,-1
2629,0.002629000,-0.476256000,0.310728000,0.000000000,0,0,0,-1,-1
2630,0.002630000,-0.476232000,0.302760000,0.000000000,0,0,0,-1,-1
2631,0.002631000,-0.476208000,0.294792000,0.000000000,0,0,0,-1,-1
2632,0.002632000,-0.476196000,0.286824000,0.000000000,0,0,0,-1,-1
2633,0.002633000,-0.476172000,0.278856000,0.000000000,0,0,0,-1,-1
2634,0.002634000,-0.476148000,0.270900000,0.000000000,0,0,0,-1,-1
2635,0.002635000,-0.476124000,0.262932000,0.000000000,0,0,0,-1,-1
2636,0.002636000,-0.476100000,0.254964000,0.000000000,0,0,0,-1,-1
2637,0.002637000,-0.476076000,0.246996000,0.000000000,0,0,0,-1,-1
2638,0.002638000,-0.476052000,0.239028000,0.000000000,0,0,0,-1,-1
2639,0.002639000,-0.476040000,0.231060000,0.000000000,0,0,0,-1,-1
2640,0.002640000,-0.476016000,0.223092000,0.000000000,0,0,0,-1,-1
2641,0.002641000,-0.475992000,0.215124000,0.000000000,0,0,0,-1,-1
2642,0.002642000,-0.475968000,0.207156000,0.000000000,0,0,0,-1,-1
2643,0.002643000,-0.475944000,0.199188000,0.000000000,0,0,0,-1,-1
2644,0.002644000,-0.475920000,0.191220000,0.000000000,0,0,0,-1,-1
2645,0.002645000,-0.475896000,0.183252000,0.000000000,0,0,0,-1,-1
2646,0.002646000,-0.475884000,0.175284000,0.000000000,0,0,0,-1,-1
2647,0.002647000,-0.475860000,0.167316000,0.000000000,0,0,0,-1,-1
2648,0.002648000,-0.475836000,0.159348000,0.000000000,0,0,0,-1,-1
2649,0.002649000,-0.475812000,0.151380000,0.000000000,0,0,0,-1,-1
2650,0.002650000,-0.475788000,0.143412000,0.000000000,0,0,0,-1,-1
2651,0.002651000,-0.475764000,0.135456000,0.000000000,0,0,0,-1,-1
2652,0.002652000,-0.475740000,0.127488000,5.000000000,1,1,0,72,0
2653,0.002653000,-0.475728000,0.119515200,0.000000000,0,0,0,-1,-1
2654,0.002654000,-0.475704000,0.111548400,0.000000000,0,0,0,-1,-1
2655,0.002655000,-0.475680000,0.103580400,0.000000000,0,0,0,-1,-1
2656,0.002656000,-0.475656000,0.095612400,0.000000000,0,0,0,-1,-1
2657,0.002657000,-0.475632000,0.087645600,0.000000000,0,0,0,-1,-1
2658,0.002658000,-0.475608000,0.079677600,0.000000000,0,0,0,-1,-1
2659,0.002659000,-0.475584000,0.071709600,0.000000000,0,0,0,-1,-1
2660,0.002660000,-0.475572000,0.063741600,0.000000000,0,0,0,-1,-1
2661,0.002661000,-0.475548000,0.055774800,0.000000000,0,0,0,-1,-1
2662,0.002662000,-0.475524000,0.047806800,0.000000000,0,0,0,-1,-1
2663,0.002663000,-0.475500000,0.039838800,0.000000000,0,0,0,-1,-1
2664,0.002664000,-0.475476000,0.031870800,0.000000000,0,0,0,-1,-1
2665,0.002665000,-0.475452000,0.023904000,0.000000000,0,0,0,-1,-1
2666,0.002666000,-0.475428000,0.015936000,0.000000000,0,0,0,-1,-1
2667,0.002667000,-0.475404000,0.007967880,0.000000000,0,0,0,-1,-1
2668,0.002668000,-0.475392000,0.000000000,0.000000000,0,0,0,-1,-1
2669,0.002669000,-0.475368000,-0.007967880,0.000000000,0,0,0,-1,-1
2670,0.002670000,-0.475344000,-0.015936000,0.000000000,0,0,0,-1,-1
2671,0.002671000,-0.475320000,-0.023904000,0.000000000,0,0,0,-1,-1
2672,0.002672000,-0.475296000,-0.031872000,0.000000000,0,0,0,-1,-1
2673,0.002673000,-0.475272000,-0.039840000,0.000000000,0,0,0,-1,-1
2674,0.002674000,-0.475248000,-0.047808000,0.000000000,0,0,0,-1,-1
2675,0.002675000,-0.475236000,-0.055776000,0.000000000,0,0,0,-1,-1
2676,0.002676000,-0.475212000,-0.063744000,0.000000000,0,0,0,-1,-1
2677,0.002677000,-0.475188000,-0.071712000,0.000000000,0,0,0,-1,-1
2678,0.002678000,-0.475164000,-0.079680000,5.000000000,1,1,0,73,0
2679,0.002679000,-0.475140000,-0.087648000,0.000000000,0,0,0,-1,-1
2680,0.002680000,-0.475116000,-0.095616000,0.000000000,0,0,0,-1,-1
2681,0.002681000,-0.475092000,-0.103584000,0.000000000,0,0,0,-1,-1
2682,0.002682000,-0.475080000,-0.111552000,0.000000000,0,0,0,-1,-1
2683,0.002683000,-0.475056000,-0.119520000,0.000000000,0,0,0,-1,-1
2684,0.002684000,-0.475032000,-0.127488000,0.000000000,0,0,0,-1,-1
2685,0.002685000,-0.475008000,-0.135456000,0.000000000,0,0,0,-1,-1
2686,0.002686000,-0.474984000,-0.143424000,0.000000000,0,0,0,-1,-1
2687,0.002687000,-0.474960000,-0.151392000,0.000000000,0,0,0,-1,-1
2688,0.002688000,-0.474936000,-0.159360000,0.000000000,0,0,0,-1,-1
2689,0.002689000,-0.474924000,-0.167328000,0.000000000,0,0,0,-1,-1
2690,0.002690000,-0.474900000,-0.175296000,0.000000000,0,0,0,-1,-1
2691,0.002691000,-0.474876000,-0.183264000,0.000000000,0,0,0,-1,-1
2692,0.002692000,-0.474852000,-0.191232000,0.000000000,0,0,0,-1,-1
2693,0.002693000,-0.474828000,-0.199200000,0.000000000,0,0,0,-1,-1
2694,0.002694000,-0.474804000,-0.207168000,0.000000000,0,0,0,-1,-1
2695,0.002695000,-0.474780000,-0.215136000,0.000000000,0,0,0,-1,-1
2696,0.002696000,-0.474768000,-0.223104000,0.000000000,0,0,0,-1,-1
2697,0.002697000,-0.474744000,-0.231072000,0.000000000,0,0,0,-1,-1
2698,0.002698000,-0.474720000,-0.239040000,0.000000000,0,0,0,-1,-1
2699,0.002699000,-0.474696000,-0.247008000,0.000000000,0,0,0,-1,-1
2700,0.002700000,-0.474672000,-0.254976000,0.000000000,0,0,0,-1,-1
2701,0.002701000,-0.474648000,-0.262956000,0.000000000,0,0,0,-1,-1
2702,0.002702000,-0.474624000,-0.270924000,0.000000000,0,0,0,-1,-1
2703,0.002703000,-0.474612000,-0.278892000,0.000000000,0,0,0,-1,-1
2704,0.002704000,-0.474588000,-0.286860000,5.000000000,1,1,0,74,0
2705,0.002705000,-0.474564000,-0.294828000,0.000000000,0,0,0,-1,-1
2706,0.002706000,-0.474540000,-0.302796000,0.000000000,0,0,0,-1,-1
2707,0.002707000,-0.474516000,-0.310764000,0.000000000,0,0,0,-1,-1
2708,0.002708000,-0.474492000,-0.318732000,0.000000000,0,0,0,-1,-1
2709,0.002709000,-0.474468000,-0.326700000,0.000000000,0,0,0,-1,-1
2710,0.002710000,-0.474456000,-0.334668000,0.000000000,0,0,0,-1,-1
2711,0.002711000,-0.474432000,-0.342636000,0.000000000,0,0,0,-1,-1
2712,0.002712000,-0.474408000,-0.350604000,0.000000000,0,0,0,-1,-1
2713,0.002713000,-0.474384000,-0.358572000,0.000000000,0,0,0,-1,-1
2714,0.002714000,-0.474360000,-0.366540000,0.000000000,0,0,0,-1,-1
2715,0.002715000,-0.474336000,-0.374508000,0.000000000,0,0,0,-1,-1
2716,0.002716000,-0.474312000,-0.382476000,0.000000000,0,0,0,-1,-1
2717,0.002717000,-0.474300000,-0.390444000,0.000000000,0,0,0,-1,-1
2718,0.002718000,-0.474276000,-0.398424000,0.000000000,0,0,0,-1,-1
2719,0.002719000,-0.474252000,-0.406392000,0.000000000,0,0,0,-1,-1
2720,0.002720000,-0.474228000,-0.414360000,0.000000000,0,0,0,-1,-1
2721,0.002721000,-0.474204000,-0.422328000,0.000000000,0,0,0,-1,-1
2722,0.002722000,-0.474180000,-0.430296000,0.000000000,0,0,0,-1,-1
2723,0.002723000,-0.474156000,-0.438264000,0.000000000,0,0,0,-1,-1
2724,0.002724000,-0.474132000,-0.446232000,0.000000000,0,0,0,-1,-1
2725,0.002725000,-0.474120000,-0.454200000,0.000000000,0,0,0,-1,-1
2726,0.002726000,-0.474096000,-0.462168000,0.000000000,0,0,0,-1,-1
2727,0.002727000,-0.474072000,-0.470136000,0.000000000,0,0,0,-1,-1
2728,0.002728000,-0.474048000,-0.478104000,0.000000000,0,0,0,-1,-1
2729,0.002729000,-0.474024000,-0.486072000,0.000000000,0,0,0,-1,-1
2730,0.002730000,-0.474000000,-0.494052000,5.000000000,1,1,0,75,0
2731,0.002731000,-0.473976000,-0.502020000,0.000000000,0,0,0,-1,-1
2732,0.002732000,-0.473964000,-0.509988000,0.000000000,0,0,0,-1,-1
2733,0.002733000,-0.473940000,-0.517956000,0.000000000,0,0,0,-1,-1
2734,0.002734000,-0.473916000,-0.525924000,0.000000000,0,0,0,-1,-1
2735,0.002735000,-0.473892000,-0.533892000,0.000000000,0,0,0,-1,-1
2736,0.002736000,-0.473868000,-0.541860000,0.000000000,0,0,0,-1,-1
2737,0.002737000,-0.473844000,-0.549828000,0.000000000,0,0,0,-1,-1
2738,0.002738000,-0.473820000,-0.557796000,0.000000000,0,0,0,-1,-1
2739,0.002739000,-0.473808000,-0.565764000,0.000000000,0,0,0,-1,-1
2740,0.002740000,-0.473784000,-0.573744000,0.000000000,0,0,0,-1,-1
2741,0.002741000,-0.473760000,-0.581712000,0.000000000,0,0,0,-1,-1
2742,0.002742000,-0.473736000,-0.589680000,0.000000000,0,0,0,-1,-1
2743,0.002743000,-0.473712000,-0.597648000,0.000000000,0,0,0,-1,-1
2744,0.002744000,-0.473688000,-0.605616000,0.000000000,0,0,0,-1,-1
2745,0.002745000,-0.473664000,-0.613584000,0.000000000,0,0,0,-1,-1
2746,0.002746000,-0.473652000,-0.621552000,0.000000000,0,0,0,-1,-1
2747,0.002747000,-0.473628000,-0.629520000,0.000000000,0,0,0,-1,-1
2748,0.002748000,-0.473604000,-0.637500000,0.000000000,0,0,0,-1,-1
2749,0.002749000,-0.473580000,-0.645468000,0.000000000,0,0,0,-1,-1
2750,0.002750000,-0.473556000,-0.653436000,0.000000000,0,0,0,-1,-1
2751,0.002751000,-0.473532000,-0.661404000,0.000000000,0,0,0,-1,-1
2752,0.002752000,-0.473508000,-0.669372000,0.000000000,0,0,0,-1,-1
2753,0.002753000,-0.473496000,-0.677340000,0.000000000,0,0,0,-1,-1
2754,0.002754000,-0.473472000,-0.685308000,0.000000000,0,0,0,-1,-1
2755,0.002755000,-0.473448000,-0.693276000,0.000000000,0,0,0,-1,-1
2756,0.002756000,-0.473424000,-0.701256000,5.000000000,1,1,0,76,0
2757,0.002757000,-0.473400000,-0.709224000,0.000000000,0,0,0,-1,-1
2758,0.002758000,-0.473376000,-0.717192000,0.000000000,0,0,0,-1,-1
2759,0.002759000,-0.473352000,-0.725160000,0.000000000,0,0,0,-1,-1
2760,0.002760000,-0.473340000,-0.733128000,0.000000000,0,0,0,-1,-1
2761,0.002761000,-0.473316000,-0.741096000,0.000000000,0,0,0,-1,-1
2762,0.002762000,-0.473292000,-0.749064000,0.000000000,0,0,0,-1,-1
2763,0.002763000,-0.473268000,-0.757044000,0.000000000,0,0,0,-1,-1
2764,0.002764000,-0.473244000,-0.765012000,0.000000000,0,0,0,-1,-1
2765,0.002765000,-0.473220000,-0.772980000,0.000000000,0,0,0,-1,-1
2766,0.002766000,-0.473196000,-0.780948000,0.000000000,0,0,0,-1,-1
2767,0.002767000,-0.473172000,-0.788916000,0.000000000,0,0,0,-1,-1
2768,0.002768000,-0.473160000,-0.796884000,0.000000000,0,0,0,-1,-1
2769,0.002769000,-0.473136000,-0.804864000,0.000000000,0,0,0,-1,-1
2770,0.002770000,-0.473112000,-0.812832000,0.000000000,0,0,0,-1,-1
2771,0.002771000,-0.473088000,-0.820800000,0.000000000,0,0,0,-1,-1
2772,0.002772000,-0.473064000,-0.828768000,0.000000000,0,0,0,-1,-1
2773,0.002773000,-0.473040000,-0.836736000,0.000000000,0,0,0,-1,-1
2774,0.002774000,-0.473016000,-0.844704000,0.000000000,0,0,0,-1,-1
2775,0.002775000,-0.473004000,-0.852684000,0.000000000,0,0,0,-1,-1
2776,0.002776000,-0.472980000,-0.860652000,0.000000000,0,0,0,-1,-1
2777,0.002777000,-0.472956000,-0.868620000,0.000000000,0,0,0,-1,-1
2778,0.002778000,-0.472932000,-0.876588000,0.000000000,0,0,0,-1,-1
2779,0.002779000,-0.472908000,-0.884556000,0.000000000,0,0,0,-1,-1
2780,0.002780000,-0.472884000,-0.892524000,0.000000000,0,0,0,-1,-1
2781,0.002781000,-0.472860000,-0.900504000,0.000000000,0,0,0,-1,-1
2782,0.002782000,-0.472848000,-0.908472000,5.000000000,1,1,0,77,0
2783,0.002783000,-0.472824000,-0.916440000,0.000000000,0,0,0,-1,-1
2784,0.002784000,-0.472800000,-0.924408000,0.000000000,0,0,0,-1,-1
2785,0.002785000,-0.472776000,-0.932376000,0.000000000,0,0,0,-1,-1
2786,0.002786000,-0.472752000,-0.940356000,0.000000000,0,0,0,-1,-1
2787,0.002787000,-0.472728000,-0.948324000,0.000000000,0,0,0,-1,-1
2788,0.002788000,-0.472704000,-0.956292000,0.000000000,0,0,0,-1,-1
2789,0.002789000,-0.472692000,-0.964260000,0.000000000,0,0,0,-1,-1
2790,0.002790000,-0.472668000,-0.972228000,0.000000000,0,0,0,-1,-1
2791,0.002791000,-0.472644000,-0.980196000,0.000000000,0,0,0,-1,-1
2792,0.002792000,-0.472620000,-0.988176000,0.000000000,0,0,0,-1,-1
2793,0.002793000,-0.472596000,-0.996144000,0.000000000,0,0,0,-1,-1
2794,0.002794000,-0.472572000,-1.004112000,0.000000000,0,0,0,-1,-1
2795,0.002795000,-0.472548000,-1.012080000,0.000000000,0,0,0,-1,-1
2796,0.002796000,-0.472536000,-1.020060000,0.000000000,0,0,0,-1,-1
2797,0.002797000,-0.472512000,-1.028028000,0.000000000,0,0,0,-1,-1
2798,0.002798000,-0.472488000,-1.035996000,0.000000000,0,0,0,-1,-1
2799,0.002799000,-0.472464000,-1.043964000,0.000000000,0,0,0,-1,-1
2800,0.002800000,-0.472440000,-1.051932000,0.000000000,0,0,0,-1,-1
2801,0.002801000,-0.472416000,-1.059912000,0.000000000,0,0,0,-1,-1
2802,0.002802000,-0.472392000,-1.067880000,0.000000000,0,0,0,-1,-1
2803,0.002803000,-0.472380000,-1.075848000,0.000000000,0,0,0,-1,-1
2804,0.002804000,-0.472356000,-1.083816000,0.000000000,0,0,0,-1,-1
2805,0.002805000,-0.472332000,-1.091784000,0.000000000,0,0,0,-1,-1
2806,0.002806000,-0.472308000,-1.099764000,0.000000000,0,0,0,-1,-1
2807,0.002807000,-0.472284000,-1.107732000,0.000000000,0,0,0,-1,-1
2808,0.002808000,-0.472260000,-1.115700000,5.000000000,1,1,0,78,0
2809,0.002809000,-0.472236000,-1.123668000,0.000000000,0,0,0,-1,-1
2810,0.002810000,-0.472224000,-1.131648000,0.000000000,0,0,0,-1,-1
2811,0.002811000,-0.472200000,-1.139616000,0.000000000,0,0,0,-1,-1
2812,0.002812000,-0.472176000,-1.147584000,0.000000000,0,0,0,-1,-1
2813,0.002813000,-0.472152000,-1.155552000,0.000000000,0,0,0,-1,-1
2814,0.002814000,-0.472128000,-1.163532000,0.000000000,0,0,0,-1,-1
2815,0.002815000,-0.472104000,-1.171500000,0.000000000,0,0,0,-1,-1
2816,0.002816000,-0.472080000,-1.179468000,0.000000000,0,0,0,-1,-1
2817,0.002817000,-0.472056000,-1.187436000,0.000000000,0,0,0,-1,-1
2818,0.002818000,-0.472044000,-1.195416000,0.000000000,0,0,0,-1,-1
2819,0.002819000,-0.472020000,-1.203360000,0.000000000,0,0,0,-1,-1
2820,0.002820000,-0.471996000,-1.211400000,0.000000000,0,0,0,-1,-1
2821,0.002821000,-0.471972000,-1.219320000,0.000000000,0,0,0,-1,-1
2822,0.002822000,-0.471948000,-1.227240000,0.000000000,0,0,0,-1,-1
2823,0.002823000,-0.471924000,-1.235280000,0.000000000,0,0,0,-1,-1
2824,0.002824000,-0.471900000,-1.243200000,0.000000000,0,0,0,-1,-1
2825,0.002825000,-0.471888000,-1.251240000,0.000000000,0,0,0,-1,-1
2826,0.002826000,-0.471864000,-1.259160000,0.000000000,0,0,0,-1,-1
2827,0.002827000,-0.471840000,-1.267200000,0.000000000,0,0,0,-1,-1
2828,0.002828000,-0.471816000,-1.275120000,0.000000000,0,0,0,-1,-1
2829,0.002829000,-0.471792000,-1.283040000,0.000000000,0,0,0,-1,-1
2830,0.002830000,-0.471768000,-1.291080000,0.000000000,0,0,0,-1,-1
2831,0.002831000,-0.471744000,-1.299000000,0.000000000,0,0,0,-1,-1
2832,0.002832000,-0.471732000,-1.307040000,0.000000000,0,0,0,-1,-1
2833,0.002833000,-0.471708000,-1.314960000,0.000000000,0,0,0,-1,-1
2834,0.002834000,-0.471684000,-1.323000000,5.000000000,1,1,0,79,0
2835,0.002835000,-0.471660000,-1.330920000,0.000000000,0,0,0,-1,-1
2836,0.002836000,-0.471636000,-1.338840000,0.000000000,0,0,0,-1,-1
2837,0.002837000,-0.471612000,-1.346880000,0.000000000,0,0,0,-1,-1
2838,0.002838000,-0.471588000,-1.354800000,0.000000000,0,0,0,-1,-1
2839,0.002839000,-0.471576000,-1.362840000,0.000000000,0,0,0,-1,-1
2840,0.002840000,-0.471552000,-1.370760000,0.000000000,0,0,0,-1,-1
2841,0.002841000,-0.471528000,-1.378800000,0.000000000,0,0,0,-1,-1
2842,0.002842000,-0.471504000,-1.386720000,0.000000000,0,0,0,-1,-1
2843,0.002843000,-0.471480000,-1.394640000,0.000000000,0,0,0,-1,-1
2844,0.002844000,-0.471456000,-1.402680000,0.000000000,0,0,0,-1,-1
2845,0.002845000,-0.471432000,-1.410600000,0.000000000,0,0,0,-1,-1
2846,0.002846000,-0.471420000,-1.418640000,0.000000000,0,0,0,-1,-1
2847,0.002847000,-0.471396000,-1.426560000,0.000000000,0,0,0,-1,-1
2848,0.002848000,-0.471372000,-1.434600000,0.000000000,0,0,0,-1,-1
2849,0.002849000,-0.471348000,-1.442520000,0.000000000,0,0,0,-1,-1
2850,0.002850000,-0.471324000,-1.450440000,0.000000000,0,0,0,-1,-1
2851,0.002851000,-0.471300000,-1.458480000,0.000000000,0,0,0,-1,-1
2852,0.002852000,-0.471276000,-1.466400000,0.000000000,0,0,0,-1,-1
2853,0.002853000,-0.471252000,-1.474440000,0.000000000,0,0,0,-1,-1
2854,0.002854000,-0.471240000,-1.482360000,0.000000000,0,0,0,-1,-1
2855,0.002855000,-0.471216000,-1.490400000,0.000000000,0,0,0,-1,-1
2856,0.002856000,-0.471192000,-1.498320000,0.000000000,0,0,0,-1,-1
2857,0.002857000,-0.471168000,-1.506240000,0.000000000,0,0,0,-1,-1
2858,0.002858000,-0.471144000,-1.514280000,0.000000000,0,0,0,-1,-1
2859,0.002859000,-0.471120000,-1.522200000,0.000000000,0,0,0,-1,-1
2860,0.002860000,-0.471096000,-1.530240000,0.000000000,0,0,0,-1,-1
2861,0.002861000,-0.471084000,-1.538160000,0.000000000,0,0,0,-1,-1
2862,0.002862000,-0.471060000,-1.546200000,0.000000000,0,0,0,-1,-1
2863,0.002863000,-0.471036000,-1.554120000,0.000000000,0,0,0,-1,-1
2864,0.002864000,-0.471012000,-1.562040000,0.000000000,0,0,0,-1,-1
2865,0.002865000,-0.470988000,-1.570080000,0.000000000,0,0,0,-1,-1
2866,0.002866000,-0.470964000,-1.578000000,0.000000000,0,0,0,-1,-1
2867,0.002867000,-0.470940000,-1.586040000,0.000000000,0,0,0,-1,-1
2868,0.002868000,-0.470928000,-1.593960000,0.000000000,0,0,0,-1,-1
2869,0.002869000,-0.470904000,-1.602000000,0.000000000,0,0,0,-1,-1
2870,0.002870000,-0.470880000,-1.609920000,0.000000000,0,0,0,-1,-1
2871,0.002871000,-0.470856000,-1.617960000,0.000000000,0,0,0,-1,-1
2872,0.002872000,-0.470832000,-1.625880000,0.000000000,0,0,0,-1,-1
2873,0.002873000,-0.470808000,-1.633800000,0.000000000,0,0,0,-1,-1
2874,0.002874000,-0.470784000,-1.641840000,0.000000000,0,0,0,-1,-1
2875,0.002875000,-0.470772000,-1.649760000,0.000000000,0,0,0,-1,-1
2876,0.002876000,-0.470748000,-1.657800000,0.000000000,0,0,0,-1,-1
2877,0.002877000,-0.470724000,-1.665720000,0.000000000,0,0,0,-1,-1
2878,0.002878000,-0.470700000,-1.673760000,0.000000000,0,0,0,-1,-1
2879,0.002879000,-0.470676000,-1.681680000,0.000000000,0,0,0,-1,-1
2880,0.002880000,-0.470652000,-1.689600000,0.000000000,0,0,0,-1,-1
2881,0.002881000,-0.470628000,-1.697640000,0.000000000,0,0,0,-1,-1
2882,0.002882000,-0.470616000,-1.705560000,0.000000000,0,0,0,-1,-1
2883,0.002883000,-0.470592000,-1.713600000,0.000000000,0,0,0,-1,-1
2884,0.002884000,-0.470568000,-1.721520000,0.000000000,0,0,0,-1,-1
2885,0.002885000,-0.470544000,-1.729560000,0.000000000,0,0,0,-1,-1
2886,0.002886000,-0.470520000,-1.737480000,0.000000000,0,0,0,-1,-1
2887,0.002887000,-0.470496000,-1.745400000,0.000000000,0,0,0,-1,-1
2888,0.002888000,-0.470472000,-1.753440000,0.000000000,0,0,0,-1,-1
2889,0.002889000,-0.470460000,-1.761360000,0.000000000,0,0,0,-1,-1
2890,0.002890000,-0.470436000,-1.769400000,0.000000000,0,0,0,-1,-1
2891,0.002891000,-0.470412000,-1.777320000,0.000000000,0,0,0,-1,-1
2892,0.002892000,-0.470388000,-1.785360000,0.000000000,0,0,0,-1,-1
2893,0.002893000,-0.470364000,-1.793280000,0.000000000,0,0,0,-1,-1
2894,0.002894000,-0.470340000,-1.801320000,0.000000000,0,0,0,-1,-1
2895,0.002895000,-0.470316000,-1.809240000,0.000000000,0,0,0,-1,-1
2896,0.002896000,-0.470292000,-1.817160000,0.000000000,0,0,0,-1,-1
2897,0.002897000,-0.470280000,-1.825200000,0.000000000,0,0,0,-1,-1
2898,0.002898000,-0.470256000,-1.833120000,0.000000000,0,0,0,-1,-1
2899,0.002899000,-0.465492000,-1.840080000,0.000000000,0,0,0,-1,-1
2900,0.002900000,-0.465468000,-1.848120000,0.000000000,0,0,0,-1,-1
2901,0.002901000,-0.465444000,-1.856040000,0.000000000,0,0,0,-1,-1
2902,0.002902000,-0.460680000,-1.863000000,0.000000000,0,0,0,-1,-1
2903,0.002903000,-0.460668000,-1.870920000,0.000000000,0,0,0,-1,-1
2904,0.002904000,-0.455904000,-1.877880000,0.000000000,0,0,0,-1,-1
2905,0.002905000,-0.451164000,-1.884840000,0.000000000,0,0,0,-1,-1
2906,0.002906000,-0.446424000,-1.891800000,0.000000000,0,0,0,-1,-1
2907,0.002907000,-0.441684000,-1.898640000,0.000000000,0,0,0,-1,-1
2908,0.002908000,-0.436944000,-1.905600000,0.000000000,0,0,0,-1,-1
2909,0.002909000,-0.432240000,-1.904520000,0.000000000,0,0,0,-1,-1
2910,0.002910000,-0.427524000,-1.911360000,0.000000000,0,0,0,-1,-1
2911,0.002911000,-0.422820000,-1.910400000,0.000000000,0,0,0,-1,-1
2912,0.002912000,-0.418140000,-1.909320000,0.000000000,0,0,0,-1,-1
2913,0.002913000,-0.413424000,-1.916160000,0.000000000,0,0,0,-1,-1
2914,0.002914000,-0.408744000,-1.915200000,0.000000000,0,0,0,-1,-1
2915,0.002915000,-0.404076000,-1.914120000,0.000000000,0,0,0,-1,-1
2916,0.002916000,-0.399408000,-1.913040000,0.000000000,0,0,0,-1,-1
2917,0.002917000,-0.394740000,-1.912080000,0.000000000,0,0,0,-1,-1
2918,0.002918000,-0.390084000,-1.911000000,0.000000000,0,0,0,-1,-1
2919,0.002919000,-0.385428000,-1.909920000,0.000000000,0,0,0,-1,-1
2920,0.002920000,-0.380796000,-1.901040000,0.000000000,0,0,0,-1,-1
2921,0.002921000,-0.376152000,-1.899960000,0.000000000,0,0,0,-1,-1
2922,0.002922000,-0.371520000,-1.899000000,0.000000000,0,0,0,-1,-1
2923,0.002923000,-0.366900000,-1.890000000,0.000000000,0,0,0,-1,-1
2924,0.002924000,-0.362268000,-1.889040000,0.000000000,0,0,0,-1,-1
2925,0.002925000,-0.357672000,-1.880160000,0.000000000,0,0,0,-1,-1
2926,0.002926000,-0.353076000,-1.871280000,0.000000000,0,0,0,-1,-1
2927,0.002927000,-0.348480000,-1.862400000,0.000000000,0,0,0,-1,-1
2928,0.002928000,-0.343896000,-1.853520000,0.000000000,0,0,0,-1,-1
2929,0.002929000,-0.339312000,-1.844640000,0.000000000,0,0,0,-1,-1
2930,0.002930000,-0.339336000,-1.836840000,0.000000000,0,0,0,-1,-1
2931,0.002931000,-0.334764000,-1.827960000,0.000000000,0,0,0,-1,-1
2932,0.002932000,-0.334776000,-1.820160000,0.000000000,0,0,0,-1,-1
2933,0.002933000,-0.334800000,-1.812240000,0.000000000,0,0,0,-1,-1
2934,0.002934000,-0.330228000,-1.803480000,0.000000000,0,0,0,-1,-1
2935,0.002935000,-0.330252000,-1.795560000,0.000000000,0,0,0,-1,-1
2936,0.002936000,-0.330276000,-1.787760000,0.000000000,0,0,0,-1,-1
2937,0.002937000,-0.330300000,-1.779960000,0.000000000,0,0,0,-1,-1
2938,0.002938000,-0.330324000,-1.772040000,5.000000000,1,1,0,80,0
2939,0.002939000,-0.330336000,-1.764240000,0.000000000,0,0,0,-1,-1
2940,0.002940000,-0.330360000,-1.756440000,0.000000000,0,0,0,-1,-1
2941,0.002941000,-0.330384000,-1.748520000,0.000000000,0,0,0,-1,-1
2942,0.002942000,-0.330408000,-1.740720000,0.000000000,0,0,0,-1,-1
2943,0.002943000,-0.330432000,-1.732920000,0.000000000,0,0,0,-1,-1
2944,0.002944000,-0.330456000,-1.725000000,0.000000000,0,0,0,-1,-1
2945,0.002945000,-0.330480000,-1.717200000,0.000000000,0,0,0,-1,-1
2946,0.002946000,-0.330492000,-1.709280000,0.000000000,0,0,0,-1,-1
2947,0.002947000,-0.330516000,-1.701480000,0.000000000,0,0,0,-1,-1
2948,0.002948000,-0.330540000,-1.693680000,0.000000000,0,0,0,-1,-1
2949,0.002949000,-0.330564000,-1.685760000,0.000000000,0,0,0,-1,-1
2950,0.002950000,-0.330588000,-1.677960000,0.000000000,0,0,0,-1,-1
2951,0.002951000,-0.330612000,-1.670160000,0.000000000,0,0,0,-1,-1
2952,0.002952000,-0.330624000,-1.662240000,0.000000000,0,0,0,-1,-1
2953,0.002953000,-0.330648000,-1.654440000,0.000000000,0,0,0,-1,-1
2954,0.002954000,-0.330672000,-1.646640000,0.000000000,0,0,0,-1,-1
2955,0.002955000,-0.330696000,-1.638720000,0.000000000,0,0,0,-1,-1
2956,0.002956000,-0.330720000,-1.630920000,0.000000000,0,0,0,-1,-1
2957,0.002957000,-0.330744000,-1.623000000,0.000000000,0,0,0,-1,-1
2958,0.002958000,-0.330756000,-1.615200000,0.000000000,0,0,0,-1,-1
2959,0.002959000,-0.330780000,-1.607400000,0.000000000,0,0,0,-1,-1
2960,0.002960000,-0.330804000,-1.599480000,0.000000000,0,0,0,-1,-1
2961,0.002961000,-0.330828000,-1.591680000,0.000000000,0,0,0,-1,-1
2962,0.002962000,-0.330852000,-1.583880000,0.000000000,0,0,0,-1,-1
2963,0.002963000,-0.330876000,-1.575960000,5.000000000,1,1,0,81,0
2964,0.002964000,-0.330900000,-1.568160000,0.000000000,0,0,0,-1,-1
2965,0.002965000,-0.330912000,-1.560360000,0.000000000,0,0,0,-1,-1
2966,0.002966000,-0.330936000,-1.552440000,0.000000000,0,0,0,-1,-1
2967,0.002967000,-0.330960000,-1.544640000,0.000000000,0,0,0,-1,-1
2968,0.002968000,-0.330984000,-1.536840000,0.000000000,0,0,0,-1,-1
2969,0.002969000,-0.331008000,-1.528920000,0.000000000,0,0,0,-1,-1
2970,0.002970000,-0.331032000,-1.521120000,0.000000000,0,0,0,-1,-1
2971,0.002971000,-0.331044000,-1.513200000,0.000000000,0,0,0,-1,-1
2972,0.002972000,-0.331068000,-1.505400000,0.000000000,0,0,0,-1,-1
2973,0.002973000,-0.331092000,-1.497600000,0.000000000,0,0,0,-1,-1
2974,0.002974000,-0.331116000,-1.489680000,0.000000000,0,0,0,-1,-1
2975,0.002975000,-0.331140000,-1.481880000,0.000000000,0,0,0,-1,-1
2976,0.002976000,-0.331164000,-1.474080000,0.000000000,0,0,0,-1,-1
2977,0.002977000,-0.331188000,-1.466160000,0.000000000,0,0,0,-1,-1
2978,0.002978000,-0.331200000,-1.458360000,0.000000000,0,0,0,-1,-1
2979,0.002979000,-0.331224000,-1.450560000,0.000000000,0,0,0,-1,-1
2980,0.002980000,-0.331248000,-1.442640000,0.000000000,0,0,0,-1,-1
2981,0.002981000,-0.331272000,-1.434840000,0.000000000,0,0,0,-1,-1
2982,0.002982000,-0.331296000,-1.427040000,0.000000000,0,0,0,-1,-1
2983,0.002983000,-0.331320000,-1.419120000,0.000000000,0,0,0,-1,-1
2984,0.002984000,-0.331332000,-1.411320000,0.000000000,0,0,0,-1,-1
2985,0.002985000,-0.331356000,-1.403520000,0.000000000,0,0,0,-1,-1
2986,0.002986000,-0.331380000,-1.395600000,0.000000000,0,0,0,-1,-1
2987,0.002987000,-0.331404000,-1.387800000,0.000000000,0,0,0,-1,-1
2988,0.002988000,-0.331428000,-1.379880000,5.000000000,1,1,0,82,0
2989,0.002989000,-0.331452000,-1.372080000,0.000000000,0,0,0,-1,-1
2990,0.002990000,-0.331476000,-1.364280000,0.000000000,0,0,0,-1,-1
2991,0.002991000,-0.331488000,-1.356360000,0.000000000,0,0,0,-1,-1
2992,0.002992000,-0.331512000,-1.348560000,0.000000000,0,0,0,-1,-1
2993,0.002993000,-0.331536000,-1.340760000,0.000000000,0,0,0,-1,-1
2994,0.002994000,-0.331560000,-1.332840000,0.000000000,0,0,0,-1,-1
2995,0.002995000,-0.331584000,-1.325040000,0.000000000,0,0,0,-1,-1
2996,0.002996000,-0.331608000,-1.317240000,0.000000000,0,0,0,-1,-1
2997,0.002997000,-0.331620000,-1.309320000,0.000000000,0,0,0,-1,-1
2998,0.002998000,-0.331644000,-1.301520000,0.000000000,0,0,0,-1,-1
2999,0.002999000,-0.331668000,-1.293720000,0.000000000,0,0,0,-1,-1
3000,0.003000000,-0.331692000,-1.285800000,0.000000000,0,0,0,-1,-1
3001,0.003001000,-0.331716000,-1.278000000,0.000000000,0,0,0,-1,-1
3002,0.003002000,-0.331740000,-1.270200000,0.000000000,0,0,0,-1,-1
3003,0.003003000,-0.331764000,-1.262280000,0.000000000,0,0,0,-1,-1
3004,0.003004000,-0.331776000,-1.254480000,0.000000000,0,0,0,-1,-1
3005,0.003005000,-0.331800000,-1.246680000,0.000000000,0,0,0,-1,-1
3006,0.003006000,-0.331824000,-1.238760000,0.000000000,0,0,0,-1,-1
3007,0.003007000,-0.331848000,-1.230960000,0.000000000,0,0,0,-1,-1
3008,0.003008000,-0.331872000,-1.223040000,0.000000000,0,0,0,-1,-1
3009,0.003009000,-0.331896000,-1.215240000,0.000000000,0,0,0,-1,-1
3010,0.003010000,-0.331908000,-1.207440000,0.000000000,0,0,0,-1,-1
3011,0.003011000,-0.331932000,-1.199568000,0.000000000,0,0,0,-1,-1
3012,0.003012000,-0.331956000,-1.191732000,0.000000000,0,0,0,-1,-1
3013,0.003013000,-0.331980000,-1.183884000,5.000000000,1,1,0,83,0
3014,0.003014000,-0.332004000,-1.176048000,0.000000000,0,0,0,-1,-1
3015,0.003015000,-0.332028000,-1.168200000,0.000000000,0,0,0,-1,-1
3016,0.003016000,-0.332052000,-1.160364000,0.000000000,0,0,0,-1,-1
3017,0.003017000,-0.332064000,-1.152516000,0.000000000,0,0,0,-1,-1
3018,0.003018000,-0.332088000,-1.144680000,0.000000000,0,0,0,-1,-1
3019,0.003019000,-0.332112000,-1.136832000,0.000000000,0,0,0,-1,-1
3020,0.003020000,-0.332136000,-1.128996000,0.000000000,0,0,0,-1,-1
3021,0.003021000,-0.332160000,-1.121148000,0.000000000,0,0,0,-1,-1
3022,0.003022000,-0.332184000,-1.113312000,0.000000000,0,0,0,-1,-1
3023,0.003023000,-0.332196000,-1.105464000,0.000000000,0,0,0,-1,-1
3024,0.003024000,-0.332220000,-1.097628000,0.000000000,0,0,0,-1,-1
3025,0.003025000,-0.332244000,-1.089780000,0.000000000,0,0,0,-1,-1
3026,0.003026000,-0.332268000,-1.081944000,0.000000000,0,0,0,-1,-1
3027,0.003027000,-0.332292000,-1.074096000,0.000000000,0,0,0,-1,-1
3028,0.003028000,-0.332316000,-1.066260000,0.000000000,0,0,0,-1,-1
3029,0.003029000,-0.332340000,-1.058424000,0.000000000,0,0,0,-1,-1
3030,0.003030000,-0.332352000,-1.050576000,0.000000000,0,0,0,-1,-1
3031,0.003031000,-0.332376000,-1.042740000,0.000000000,0,0,0,-1,-1
3032,0.003032000,-0.332400000,-1.034892000,0.000000000,0,0,0,-1,-1
3033,0.003033000,-0.332424000,-1.027056000,0.000000000,0,0,0,-1,-1
3034,0.003034000,-0.332448000,-1.019208000,0.000000000,0,0,0,-1,-1
3035,0.003035000,-0.332472000,-1.011372000,0.000000000,0,0,0,-1,-1
3036,0.003036000,-0.332484000,-1.003524000,0.000000000,0,0,0,-1,-1
3037,0.003037000,-0.332508000,-0.995688000,0.000000000,0,0,0,-1,-1
3038,0.003038000,-0.332532000,-0.987840000,5.000000000,1,1,0,84,0
3039,0.003039000,-0.332556000,-0.980004000,0.000000000,0,0,0,-1,-1
3040,0.003040000,-0.332580000,-0.972168000,0.000000000,0,0,0,-1,-1
3041,0.003041000,-0.332604000,-0.964320000,0.000000000,0,0,0,-1,-1
3042,0.003042000,-0.332628000,-0.956484000,0.000000000,0,0,0,-1,-1
3043,0.003043000,-0.332640000,-0.948636000,0.000000000,0,0,0,-1,-1
3044,0.003044000,-0.332664000,-0.940800000,0.000000000,0,0,0,-1,-1
3045,0.003045000,-0.332688000,-0.932952000,0.000000000,0,0,0,-1,-1
3046,0.003046000,-0.332712000,-0.925116000,0.000000000,0,0,0,-1,-1
3047,0.003047000,-0.332736000,-0.917280000,0.000000000,0,0,0,-1,-1
3048,0.003048000,-0.332760000,-0.909432000,0.000000000,0,0,0,-1,-1
3049,0.003049000,-0.332772000,-0.901596000,0.000000000,0,0,0,-1,-1
3050,0.003050000,-0.332796000,-0.893748000,0.000000000,0,0,0,-1,-1
3051,0.003051000,-0.332820000,-0.885912000,0.000000000,0,0,0,-1,-1
3052,0.003052000,-0.332844000,-0.878064000,0.000000000,0,0,0,-1,-1
3053,0.003053000,-0.332868000,-0.870228000,0.000000000,0,0,0,-1,-1
3054,0.003054000,-0.332892000,-0.862392000,0.000000000,0,0,0,-1,-1
3055,0.003055000,-0.332904000,-0.854544000,0.000000000,0,0,0,-1,-1
3056,0.003056000,-0.332928000,-0.846708000,0.000000000,0,0,0,-1,-1
3057,0.003057000,-0.332952000,-0.838860000,0.000000000,0,0,0,-1,-1
3058,0.003058000,-0.332976000,-0.831024000,0.000000000,0,0,0,-1,-1
3059,0.003059000,-0.333000000,-0.823188000,0.000000000,0,0,0,-1,-1
3060,0.003060000,-0.333024000,-0.815340000,0.000000000,0,0,0,-1,-1
3061,0.003061000,-0.333048000,-0.807504000,0.000000000,0,0,0,-1,-1
3062,0.003062000,-0.333060000,-0.799656000,0.000000000,0,0,0,-1,-1
3063,0.003063000,-0.333084000,-0.791820000,5.000000000,1,1,0,85,0
3064,0.003064000,-0.333108000,-0.783984000,0.000000000,0,0,0,-1,-1
3065,0.003065000,-0.333132000,-0.776136000,0.000000000,0,0,0,-1,-1
3066,0.003066000,-0.333156000,-0.768300000,0.000000000,0,0,0,-1,-1
3067,0.003067000,-0.333180000,-0.760452000,0.000000000,0,0,0,-1,-1
3068,0.003068000,-0.333192000,-0.752616000,0.000000000,0,0,0,-1,-1
3069,0.003069000,-0.333216000,-0.744780000,0.000000000,0,0,0,-1,-1
3070,0.003070000,-0.333240000,-0.736932000,0.000000000,0,0,0,-1,-1
3071,0.003071000,-0.333264000,-0.729096000,0.000000000,0,0,0,-1,-1
3072,0.003072000,-0.333288000,-0.721248000,0.000000000,0,0,0,-1,-1
3073,0.003073000,-0.333312000,-0.713412000,0.000000000,0,0,0,-1,-1
3074,0.003074000,-0.333336000,-0.705576000,0.000000000,0,0,0,-1,-1
3075,0.003075000,-0.333348000,-0.697728000,0.000000000,0,0,0,-1,-1
3076,0.003076000,-0.333372000,-0.689892000,0.000000000,0,0,0,-1,-1
3077,0.003077000,-0.333396000,-0.682056000,0.000000000,0,0,0,-1,-1
3078,0.003078000,-0.333420000,-0.674208000,0.000000000,0,0,0,-1,-1
3079,0.003079000,-0.333444000,-0.666372000,0.000000000,0,0,0,-1,-1
3080,0.003080000,-0.333468000,-0.658524000,0.000000000,0,0,0,-1,-1
3081,0.003081000,-0.333480000,-0.650688000,0.000000000,0,0,0,-1,-1
3082,0.003082000,-0.333504000,-0.642852000,0.000000000,0,0,0,-1,-1
3083,0.003083000,-0.333528000,-0.635004000,0.000000000,0,0,0,-1,-1
3084,0.003084000,-0.333552000,-0.627168000,0.000000000,0,0,0,-1,-1
3085,0.003085000,-0.333576000,-0.619332000,0.000000000,0,0,0,-1,-1
3086,0.003086000,-0.333600000,-0.611484000,0.000000000,0,0,0,-1,-1
3087,0.003087000,-0.333624000,-0.603648000,0.000000000,0,0,0,-1,-1
3088,0.003088000,-0.333636000,-0.595800000,5.000000000,1,1,0,86,0
3089,0.003089000,-0.333660000,-0.587964000,0.000000000,0,0,0,-1,-1
3090,0.003090000,-0.333684000,-0.580128000,0.000000000,0,0,0,-1,-1
3091,0.003091000,-0.333708000,-0.572280000,0.000000000,0,0,0,-1,-1
3092,0.003092000,-0.333732000,-0.564444000,0.000000000,0,0,0,-1,-1
3093,0.003093000,-0.333756000,-0.556608000,0.000000000,0,0,0,-1,-1
3094,0.003094000,-0.333768000,-0.548760000,0.000000000,0,0,0,-1,-1
3095,0.003095000,-0.333792000,-0.540924000,0.000000000,0,0,0,-1,-1
3096,0.003096000,-0.333816000,-0.533088000,0.000000000,0,0,0,-1,-1
3097,0.003097000,-0.333840000,-0.525240000,0.000000000,0,0,0,-1,-1
3098,0.003098000,-0.333864000,-0.517404000,0.000000000,0,0,0,-1,-1
3099,0.003099000,-0.333888000,-0.509568000,0.000000000,0,0,0,-1,-1
3100,0.003100000,-0.333912000,-0.501720000,0.000000000,0,0,0,-1,-1
3101,0.003101000,-0.333924000,-0.493884000,0.000000000,0,0,0,-1,-1
3102,0.003102000,-0.333948000,-0.486048000,0.000000000,0,0,0,-1,-1
3103,0.003103000,-0.333972000,-0.478200000,0.000000000,0,0,0,-1,-1
3104,0.003104000,-0.333996000,-0.470364000,0.000000000,0,0,0,-1,-1
3105,0.003105000,-0.334020000,-0.462528000,0.000000000,0,0,0,-1,-1
3106,0.003106000,-0.334044000,-0.454680000,0.000000000,0,0,0,-1,-1
3107,0.003107000,-0.334056000,-0.446844000,0.000000000,0,0,0,-1,-1
3108,0.003108000,-0.334080000,-0.439008000,0.000000000,0,0,0,-1,-1
3109,0.003109000,-0.334104000,-0.431160000,0.000000000,0,0,0,-1,-1
3110,0.003110000,-0.334128000,-0.423324000,0.000000000,0,0,0,-1,-1
3111,0.003111000,-0.334152000,-0.415488000,0.000000000,0,0,0,-1,-1
3112,0.003112000,-0.334176000,-0.407640000,0.000000000,0,0,0,-1,-1
3113,0.003113000,-0.334200000,-0.399804000,5.000000000,1,1,0,87,0
3114,0.003114000,-0.334212000,-0.391968000,0.000000000,0,0,0,-1,-1
3115,0.003115000,-0.334236000,-0.384120000,0.000000000,0,0,0,-1,-1
3116,0.003116000,-0.334260000,-0.376284000,0.000000000,0,0,0,-1,-1
3117,0.003117000,-0.334284000,-0.368448000,0.000000000,0,0,0,-1,-1
3118,0.003118000,-0.334308000,-0.360600000,0.000000000,0,0,0,-1,-1
3119,0.003119000,-0.334332000,-0.352764000,0.000000000,0,0,0,-1,-1
3120,0.003120000,-0.334344000,-0.344928000,0.000000000,0,0,0,-1,-1
3121,0.003121000,-0.334368000,-0.337092000,0.000000000,0,0,0,-1,-1
3122,0.003122000,-0.334392000,-0.329244000,0.000000000,0,0,0,-1,-1
3123,0.003123000,-0.334416000,-0.321408000,0.000000000,0,0,0,-1,-1
3124,0.003124000,-0.334440000,-0.313572000,0.000000000,0,0,0,-1,-1
3125,0.003125000,-0.334464000,-0.305724000,0.000000000,0,0,0,-1,-1
3126,0.003126000,-0.334476000,-0.297888000,0.000000000,0,0,0,-1,-1
3127,0.003127000,-0.334500000,-0.290052000,0.000000000,0,0,0,-1,-1
3128,0.003128000,-0.334524000,-0.282204000,0.000000000,0,0,0,-1,-1
3129,0.003129000,-0.334548000,-0.274368000,0.000000000,0,0,0,-1,-1
3130,0.003130000,-0.334572000,-0.266532000,0.000000000,0,0,0,-1,-1
3131,0.003131000,-0.334596000,-0.258696000,0.000000000,0,0,0,-1,-1
3132,0.003132000,-0.334620000,-0.250848000,0.000000000,0,0,0,-1,-1
3133,0.003133000,-0.334632000,-0.243012000,0.000000000,0,0,0,-1,-1
3134,0.003134000,-0.334656000,-0.235176000,0.000000000,0,0,0,-1,-1
3135,0.003135000,-0.334680000,-0.227328000,0.000000000,0,0,0,-1,-1
3136,0.003136000,-0.334704000,-0.219492000,0.000000000,0,0,0,-1,-1
3137,0.003137000,-0.334728000,-0.211656000,0.000000000,0,0,0,-1,-1
3138,0.003138000,-0.334752000,-0.203820000,5.000000000,1,1,0,88,0
3139,0.003139000,-0.334764000,-0.195972000,0.000000000,0,0,0,-1,-1
3140,0.003140000,-0.334788000,-0.188136000,0.000000000,0,0,0,-1,-1
3141,0.003141000,-0.334812000,-0.180300000,0.000000000,0,0,0,-1,-1
3142,0.003142000,-0.334836000,-0.172464000,0.000000000,0,0,0,-1,-1
3143,0.003143000,-0.334860000,-0.164616000,0.000000000,0,0,0,-1,-1
3144,0.003144000,-0.334884000,-0.156780000,0.000000000,0,0,0,-1,-1
3145,0.003145000,-0.334908000,-0.148944000,0.000000000,0,0,0,-1,-1
3146,0.003146000,-0.334920000,-0.141096000,0.000000000,0,0,0,-1,-1
3147,0.003147000,-0.334944000,-0.133260000,0.000000000,0,0,0,-1,-1
3148,0.003148000,-0.334968000,-0.125424000,0.000000000,0,0,0,-1,-1
3149,0.003149000,-0.334992000,-0.117584400,0.000000000,0,0,0,-1,-1
3150,0.003150000,-0.335016000,-0.109744800,0.000000000,0,0,0,-1,-1
3151,0.003151000,-0.335040000,-0.101906400,0.000000000,0,0,0,-1,-1
3152,0.003152000,-0.335052000,-0.094066800,0.000000000,0,0,0,-1,-1
3153,0.003153000,-0.335076000,-0.086228400,0.000000000,0,0,0,-1,-1
3154,0.003154000,-0.335100000,-0.078388800,0.000000000,0,0,0,-1,-1
3155,0.003155000,-0.335124000,-0.070550400,0.000000000,0,0,0,-1,-1
3156,0.003156000,-0.335148000,-0.062710800,0.000000000,0,0,0,-1,-1
3157,0.003157000,-0.335172000,-0.054872400,0.000000000,0,0,0,-1,-1
3158,0.003158000,-0.335196000,-0.047032800,0.000000000,0,0,0,-1,-1
3159,0.003159000,-0.335208000,-0.039194400,0.000000000,0,0,0,-1,-1
3160,0.003160000,-0.335232000,-0.031354800,0.000000000,0,0,0,-1,-1
3161,0.003161000,-0.335256000,-0.023516400,0.000000000,0,0,0,-1,-1
3162,0.003162000,-0.335280000,-0.015678000,0.000000000,0,0,0,-1,-1
3163,0.003163000,-0.335304000,-0.007838760,5.000000000,1,1,0,89,0
3164,0.003164000,-0.335328000,0.000000000,0.000000000,0,0,0,-1,-1
3165,0.003165000,-0.335340000,0.007838760,0.000000000,0,0,0,-1,-1
3166,0.003166000,-0.335364000,0.015678000,0.000000000,0,0,0,-1,-1
3167,0.003167000,-0.335388000,0.023516400,0.000000000,0,0,0,-1,-1
3168,0.003168000,-0.335412000,0.031354800,0.000000000,0,0,0,-1,-1
3169,0.003169000,-0.335436000,0.039193200,0.000000000,0,0,0,-1,-1
3170,0.003170000,-0.335460000,0.047032800,0.000000000,0,0,0,-1,-1
3171,0.003171000,-0.335472000,0.054871200,0.000000000,0,0,0,-1,-1
3172,0.003172000,-0.335496000,0.062709600,0.000000000,0,0,0,-1,-1
3173,0.003173000,-0.335520000,0.070548000,0.000000000,0,0,0,-1,-1
3174,0.003174000,-0.335544000,0.078386400,0.000000000,0,0,0,-1,-1
3175,0.003175000,-0.335568000,0.086224800,0.000000000,0,0,0,-1,-1
3176,0.003176000,-0.335592000,0.094064400,0.000000000,0,0,0,-1,-1
3177,0.003177000,-0.335616000,0.101902800,0.000000000,0,0,0,-1,-1
3178,0.003178000,-0.335628000,0.109741200,0.000000000,0,0,0,-1,-1
3179,0.003179000,-0.335652000,0.117579600,0.000000000,0,0,0,-1,-1
3180,0.003180000,-0.335676000,0.125412000,0.000000000,0,0,0,-1,-1
3181,0.003181000,-0.335700000,0.133260000,0.000000000,0,0,0,-1,-1
3182,0.003182000,-0.335724000,0.141096000,0.000000000,0,0,0,-1,-1
3183,0.003183000,-0.335748000,0.148932000,0.000000000,0,0,0,-1,-1
3184,0.003184000,-0.335760000,0.156768000,0.000000000,0,0,0,-1,-1
3185,0.003185000,-0.335784000,0.164604000,0.000000000,0,0,0,-1,-1
3186,0.003186000,-0.335808000,0.172452000,0.000000000,0,0,0,-1,-1
3187,0.003187000,-0.335832000,0.180288000,0.000000000,0,0,0,-1,-1
3188,0.003188000,-0.335856000,0.188124000,5.000000000,1,1,0,90,0
3189,0.003189000,-0.335880000,0.195960000,0.000000000,0,0,0,-1,-1
3190,0.003190000,-0.335904000,0.203796000,0.000000000,0,0,0,-1,-1
3191,0.003191000,-0.335916000,0.211644000,0.000000000,0,0,0,-1,-1
3192,0.003192000,-0.335940000,0.219480000,0.000000000,0,0,0,-1,-1
3193,0.003193000,-0.335964000,0.227316000,0.000000000,0,0,0,-1,-1
3194,0.003194000,-0.335988000,0.235152000,0.000000000,0,0,0,-1,-1
3195,0.003195000,-0.336012000,0.242988000,0.000000000,0,0,0,-1,-1
3196,0.003196000,-0.336036000,0.250836000,0.000000000,0,0,0,-1,-1
3197,0.003197000,-0.336048000,0.258672000,0.000000000,0,0,0,-1,-1
3198,0.003198000,-0.336072000,0.266508000,0.000000000,0,0,0,-1,-1
3199,0.003199000,-0.336096000,0.274344000,0.000000000,0,0,0,-1,-1
3200,0.003200000,-0.336120000,0.282180000,0.000000000,0,0,0,-1,-1
3201,0.003201000,-0.336144000,0.290016000,0.000000000,0,0,0,-1,-1
3202,0.003202000,-0.336168000,0.297864000,0.000000000,0,0,0,-1,-1
3203,0.003203000,-0.336192000,0.305700000,0.000000000,0,0,0,-1,-1
3204,0.003204000,-0.336204000,0.313536000,0.000000000,0,0,0,-1,-1
3205,0.003205000,-0.336228000,0.321372000,0.000000000,0,0,0,-1,-1
3206,0.003206000,-0.336252000,0.329208000,0.000000000,0,0,0,-1,-1
3207,0.003207000,-0.336276000,0.337044000,0.000000000,0,0,0,-1,-1
3208,0.003208000,-0.336300000,0.344892000,0.000000000,0,0,0,-1,-1
3209,0.003209000,-0.336324000,0.352728000,0.000000000,0,0,0,-1,-1
3210,0.003210000,-0.336336000,0.360564000,0.000000000,0,0,0,-1,-1
3211,0.003211000,-0.336360000,0.368400000,0.000000000,0,0,0,-1,-1
3212,0.003212000,-0.336384000,0.376236000,0.000000000,0,0,0,-1,-1
3213,0.003213000,-0.336408000,0.384072000,5.000000000,1,1,0,91,0
3214,0.003214000,-0.336432000,0.391920000,0.000000000,0,0,0,-1,-1
3215,0.003215000,-0.336456000,0.399756000,0.000000000,0,0,0,-1,-1
3216,0.003216000,-0.336468000,0.407592000,0.000000000,0,0,0,-1,-1
3217,0.003217000,-0.336492000,0.415428000,0.000000000,0,0,0,-1,-1
3218,0.003218000,-0.336516000,0.423264000,0.000000000,0,0,0,-1,-1
3219,0.003219000,-0.336540000,0.431100000,0.000000000,0,0,0,-1,-1
3220,0.003220000,-0.336564000,0.438936000,0.000000000,0,0,0,-1,-1
3221,0.003221000,-0.336588000,0.446772000,0.000000000,0,0,0,-1,-1
3222,0.003222000,-0.336612000,0.454620000,0.000000000,0,0,0,-1,-1
3223,0.003223000,-0.336624000,0.462456000,0.000000000,0,0,0,-1,-1
3224,0.003224000,-0.336648000,0.470292000,0.000000000,0,0,0,-1,-1
3225,0.003225000,-0.336672000,0.478128000,0.000000000,0,0,0,-1,-1
3226,0.003226000,-0.336696000,0.485964000,0.000000000,0,0,0,-1,-1
3227,0.003227000,-0.336720000,0.493800000,0.000000000,0,0,0,-1,-1
3228,0.003228000,-0.336744000,0.501636000,0.000000000,0,0,0,-1,-1
3229,0.003229000,-0.336756000,0.509484000,0.000000000,0,0,0,-1,-1
3230,0.003230000,-0.336780000,0.517320000,0.000000000,0,0,0,-1,-1
3231,0.003231000,-0.336804000,0.525156000,0.000000000,0,0,0,-1,-1
3232,0.003232000,-0.336828000,0.532992000,0.000000000,0,0,0,-1,-1
3233,0.003233000,-0.336852000,0.540828000,0.000000000,0,0,0,-1,-1
3234,0.003234000,-0.336876000,0.548664000,0.000000000,0,0,0,-1,-1
3235,0.003235000,-0.336900000,0.556500000,0.000000000,0,0,0,-1,-1
3236,0.003236000,-0.336912000,0.564336000,0.000000000,0,0,0,-1,-1
3237,0.003237000,-0.336936000,0.572172000,0.000000000,0,0,0,-1,-1
3238,0.003238000,-0.336960000,0.580020000,5.000000000,1,1,0,92,0
3239,0.003239000,-0.336984000,0.587856000,0.000000000,0,0,0,-1,-1
3240,0.003240000,-0.337008000,0.595692000,0.000000000,0,0,0,-1,-1
3241,0.003241000,-0.337032000,0.603528000,0.000000000,0,0,0,-1,-1
3242,0.003242000,-0.337044000,0.611364000,0.000000000,0,0,0,-1,-1
3243,0.003243000,-0.337068000,0.619200000,0.000000000,0,0,0,-1,-1
3244,0.003244000,-0.337092000,0.627036000,0.000000000,0,0,0,-1,-1
3245,0.003245000,-0.337116000,0.634872000,0.000000000,0,0,0,-1,-1
3246,0.003246000,-0.337140000,0.642708000,0.000000000,0,0,0,-1,-1
3247,0.003247000,-0.337164000,0.650544000,0.000000000,0,0,0,-1,-1
3248,0.003248000,-0.337188000,0.658392000,0.000000000,0,0,0,-1,-1
3249,0.003249000,-0.337200000,0.666228000,0.000000000,0,0,0,-1,-1
3250,0.003250000,-0.337224000,0.674064000,0.000000000,0,0,0,-1,-1
3251,0.003251000,-0.337248000,0.681900000,0.000000000,0,0,0,-1,-1
3252,0.003252000,-0.337272000,0.689736000,0.000000000,0,0,0,-1,-1
3253,0.003253000,-0.337296000,0.697572000,0.000000000,0,0,0,-1,-1
3254,0.003254000,-0.337320000,0.705408000,0.000000000,0,0,0,-1,-1
3255,0.003255000,-0.337332000,0.713244000,0.000000000,0,0,0,-1,-1
3256,0.003256000,-0.337356000,0.721080000,0.000000000,0,0,0,-1,-1
3257,0.003257000,-0.337380000,0.728916000,0.000000000,0,0,0,-1,-1
3258,0.003258000,-0.337404000,0.736752000,0.000000000,0,0,0,-1,-1
3259,0.003259000,-0.337428000,0.744588000,0.000000000,0,0,0,-1,-1
3260,0.003260000,-0.337452000,0.752436000,0.000000000,0,0,0,-1,-1
3261,0.003261000,-0.337464000,0.760272000,0.000000000,0,0,0,-1,-1
3262,0.003262000,-0.337488000,0.768108000,0.000000000,0,0,0,-1,-1
3263,0.003263000,-0.337512000,0.775944000,5.000000000,1,1,0,93,0
3264,0.003264000,-0.337536000,0.783780000,0.000000000,0,0,0,-1,-1
3265,0.003265000,-0.337560000,0.791616000,0.000000000,0,0,0,-1,-1
3266,0.003266000,-0.337584000,0.799452000,0.000000000,0,0,0,-1,-1
3267,0.003267000,-0.337608000,0.807288000,0.000000000,0,0,0,-1,-1
3268,0.003268000,-0.337620000,0.815124000,0.000000000,0,0,0,-1,-1
3269,0.003269000,-0.337644000,0.822960000,0.000000000,0,0,0,-1,-1
3270,0.003270000,-0.337668000,0.830796000,0.000000000,0,0,0,-1,-1
3271,0.003271000,-0.337692000,0.838632000,0.000000000,0,0,0,-1,-1
3272,0.003272000,-0.337716000,0.846468000,0.000000000,0,0,0,-1,-1
3273,0.003273000,-0.337740000,0.854304000,0.000000000,0,0,0,-1,-1
3274,0.003274000,-0.337752000,0.862140000,0.000000000,0,0,0,-1,-1
3275,0.003275000,-0.337776000,0.869976000,0.000000000,0,0,0,-1,-1
3276,0.003276000,-0.337800000,0.877812000,0.000000000,0,0,0,-1,-1
3277,0.003277000,-0.337824000,0.885660000,0.000000000,0,0,0,-1,-1
3278,0.003278000,-0.337848000,0.893496000,0.000000000,0,0,0,-1,-1
3279,0.003279000,-0.337872000,0.901332000,0.000000000,0,0,0,-1,-1
3280,0.003280000,-0.337896000,0.909168000,0.000000000,0,0,0,-1,-1
3281,0.003281000,-0.337908000,0.917004000,0.000000000,0,0,0,-1,-1
3282,0.003282000,-0.337932000,0.924840000,0.000000000,0,0,0,-1,-1
3283,0.003283000,-0.337956000,0.932676000,0.000000000,0,0,0,-1,-1
3284,0.003284000,-0.337980000,0.940512000,0.000000000,0,0,0,-1,-1
3285,0.003285000,-0.338004000,0.948348000,0.000000000,0,0,0,-1,-1
3286,0.003286000,-0.338028000,0.956184000,0.000000000,0,0,0,-1,-1
3287,0.003287000,-0.338040000,0.964020000,0.000000000,0,0,0,-1,-1
3288,0.003288000,-0.338064000,0.971856000,5.000000000,1,1,0,94,0
3289,0.003289000,-0.338088000,0.979692000,0.000000000,0,0,0,-1,-1
3290,0.003290000,-0.338112000,0.987528000,0.000000000,0,0,0,-1,-1
3291,0.003291000,-0.338136000,0.995364000,0.000000000,0,0,0,-1,-1
3292,0.003292000,-0.338160000,1.003200000,0.000000000,0,0,0,-1,-1
3293,0.003293000,-0.338172000,1.011036000,0.000000000,0,0,0,-1,-1
3294,0.003294000,-0.338196000,1.018872000,0.000000000,0,0,0,-1,-1
3295,0.003295000,-0.338220000,1.026708000,0.000000000,0,0,0,-1,-1
3296,0.003296000,-0.338244000,1.034544000,0.000000000,0,0,0,-1,-1
3297,0.003297000,-0.338268000,1.042380000,0.000000000,0,0,0,-1,-1
3298,0.003298000,-0.338292000,1.050216000,0.000000000,0,0,0,-1,-1
3299,0.003299000,-0.338316000,1.058052000,0.000000000,0,0,0,-1,-1
3300,0.003300000,-0.338328000,1.065888000,0.000000000,0,0,0,-1,-1
3301,0.003301000,-0.338352000,1.073724000,0.000000000,0,0,0,-1,-1
3302,0.003302000,-0.338376000,1.081560000,0.000000000,0,0,0,-1,-1
3303,0.003303000,-0.338400000,1.089396000,0.000000000,0,0,0,-1,-1
3304,0.003304000,-0.338424000,1.097232000,0.000000000,0,0,0,-1,-1
3305,0.003305000,-0.338448000,1.105068000,0.000000000,0,0,0,-1,-1
3306,0.003306000,-0.338460000,1.112904000,0.000000000,0,0,0,-1,-1
3307,0.003307000,-0.338484000,1.120740000,0.000000000,0,0,0,-1,-1
3308,0.003308000,-0.338508000,1.128576000,0.000000000,0,0,0,-1,-1
3309,0.003309000,-0.338532000,1.136412000,0.000000000,0,0,0,-1,-1
3310,0.003310000,-0.338556000,1.144248000,0.000000000,0,0,0,-1,-1
3311,0.003311000,-0.338580000,1.152084000,0.000000000,0,0,0,-1,-1
3312,0.003312000,-0.338604000,1.159920000,0.000000000,0,0,0,-1,-1
3313,0.003313000,-0.338616000,1.167756000,5.000000000,1,1,0,95,0
3314,0.003314000,-0.338640000,1.175592000,0.000000000,0,0,0,-1,-1
3315,0.003315000,-0.338664000,1.183428000,0.000000000,0,0,0,-1,-1
3316,0.003316000,-0.338688000,1.191264000,0.000000000,0,0,0,-1,-1
3317,0.003317000,-0.338712000,1.199100000,0.000000000,0,0,0,-1,-1
3318,0.003318000,-0.338736000,1.206960000,0.000000000,0,0,0,-1,-1
3319,0.003319000,-0.338748000,1.214760000,0.000000000,0,0,0,-1,-1
3320,0.003320000,-0.338772000,1.222560000,0.000000000,0,0,0,-1,-1
3321,0.003321000,-0.338796000,1.230480000,0.000000000,0,0,0,-1,-1
3322,0.003322000,-0.338820000,1.238280000,0.000000000,0,0,0,-1,-1
3323,0.003323000,-0.338844000,1.246080000,0.000000000,0,0,0,-1,-1
3324,0.003324000,-0.338868000,1.254000000,0.000000000,0,0,0,-1,-1
3325,0.003325000,-0.338892000,1.261800000,0.000000000,0,0,0,-1,-1
3326,0.003326000,-0.338904000,1.269600000,0.000000000,0,0,0,-1,-1
3327,0.003327000,-0.338928000,1.277400000,0.000000000,0,0,0,-1,-1
3328,0.003328000,-0.338952000,1.285320000,0.000000000,0,0,0,-1,-1
3329,0.003329000,-0.338976000,1.293120000,0.000000000,0,0,0,-1,-1
3330,0.003330000,-0.339000000,1.300920000,0.000000000,0,0,0,-1,-1
3331,0.003331000,-0.339024000,1.308840000,0.000000000,0,0,0,-1,-1
3332,0.003332000,-0.339036000,1.316640000,0.000000000,0,0,0,-1,-1
3333,0.003333000,-0.339060000,1.324440000,0.000000000,0,0,0,-1,-1
3334,0.003334000,-0.339084000,1.332360000,0.000000000,0,0,0,-1,-1
3335,0.003335000,-0.339108000,1.340160000,0.000000000,0,0,0,-1,-1
3336,0.003336000,-0.339132000,1.347960000,0.000000000,0,0,0,-1,-1
3337,0.003337000,-0.339156000,1.355760000,0.000000000,0,0,0,-1,-1
3338,0.003338000,-0.339168000,1.363680000,0.000000000,0,0,0,-1,-1
3339,0.003339000,-0.339192000,1.371480000,0.000000000,0,0,0,-1,-1
3340,0.003340000,-0.339216000,1.379280000,0.000000000,0,0,0,-1,-1
3341,0.003341000,-0.339240000,1.387200000,0.000000000,0,0,0,-1,-1
3342,0.003342000,-0.339264000,1.395000000,0.000000000,0,0,0,-1,-1
3343,0.003343000,-0.339288000,1.402800000,0.000000000,0,0,0,-1,-1
3344,0.003344000,-0.339312000,1.410600000,0.000000000,0,0,0,-1,-1
3345,0.003345000,-0.339324000,1.418520000,0.000000000,0,0,0,-1,-1
3346,0.003346000,-0.339348000,1.426320000,0.000000000,0,0,0,-1,-1
3347,0.003347000,-0.339372000,1.434120000,0.000000000,0,0,0,-1,-1
3348,0.003348000,-0.339396000,1.442040000,0.000000000,0,0,0,-1,-1
3349,0.003349000,-0.339420000,1.449840000,0.000000000,0,0,0,-1,-1
3350,0.003350000,-0.339444000,1.457640000,0.000000000,0,0,0,-1,-1
3351,0.003351000,-0.339456000,1.465560000,0.000000000,0,0,0,-1,-1
3352,0.003352000,-0.339480000,1.473360000,0.000000000,0,0,0,-1,-1
3353,0.003353000,-0.339504000,1.481160000,0.000000000,0,0,0,-1,-1
3354,0.003354000,-0.339528000,1.488960000,0.000000000,0,0,0,-1,-1
3355,0.003355000,-0.339552000,1.496880000,0.000000000,0,0,0,-1,-1
3356,0.003356000,-0.339576000,1.504680000,0.000000000,0,0,0,-1,-1
3357,0.003357000,-0.339600000,1.512480000,0.000000000,0,0,0,-1,-1
3358,0.003358000,-0.339612000,1.520400000,0.000000000,0,0,0,-1,-1
3359,0.003359000,-0.339636000,1.528200000,0.000000000,0,0,0,-1,-1
3360,0.003360000,-0.339660000,1.536000000,0.000000000,0,0,0,-1,-1
3361,0.003361000,-0.339684000,1.543800000,0.000000000,0,0,0,-1,-1
3362,0.003362000,-0.339708000,1.551720000,0.000000000,0,0,0,-1,-1
3363,0.003363000,-0.339732000,1.559520000,0.000000000,0,0,0,-1,-1
3364,0.003364000,-0.339744000,1.567320000,0.000000000,0,0,0,-1,-1
3365,0.003365000,-0.339768000,1.575240000,0.000000000,0,0,0,-1,-1
3366,0.003366000,-0.339792000,1.583040000,0.000000000,0,0,0,-1,-1
3367,0.003367000,-0.339816000,1.590840000,0.000000000,0,0,0,-1,-1
3368,0.003368000,-0.339840000,1.598640000,0.000000000,0,0,0,-1,-1
3369,0.003369000,-0.339864000,1.606560000,0.000000000,0,0,0,-1,-1
3370,0.003370000,-0.339876000,1.614360000,0.000000000,0,0,0,-1,-1
3371,0.003371000,-0.339900000,1.622160000,0.000000000,0,0,0,-1,-1
3372,0.003372000,-0.339924000,1.630080000,0.000000000,0,0,0,-1,-1
3373,0.003373000,-0.339948000,1.637880000,0.000000000,0,0,0,-1,-1
3374,0.003374000,-0.339972000,1.645680000,0.000000000,0,0,0,-1,-1
3375,0.003375000,-0.339996000,1.653480000,0.000000000,0,0,0,-1,-1
3376,0.003376000,-0.340020000,1.661400000,0.000000000,0,0,0,-1,-1
3377,0.003377000,-0.340032000,1.669200000,0.000000000,0,0,0,-1,-1
3378,0.003378000,-0.340056000,1.677000000,0.000000000,0,0,0,-1,-1
3379,0.003379000,-0.340080000,1.684920000,0.000000000,0,0,0,-1,-1
3380,0.003380000,-0.340104000,1.692720000,0.000000000,0,0,0,-1,-1
3381,0.003381000,-0.340128000,1.700520000,0.000000000,0,0,0,-1,-1
3382,0.003382000,-0.340152000,1.708320000,0.000000000,0,0,0,-1,-1
3383,0.003383000,-0.340164000,1.716240000,0.000000000,0,0,0,-1,-1
3384,0.003384000,-0.340188000,1.724040000,0.000000000,0,0,0,-1,-1
3385,0.003385000,-0.340212000,1.731840000,0.000000000,0,0,0,-1,-1
3386,0.003386000,-0.340236000,1.739760000,0.000000000,0,0,0,-1,-1
3387,0.003387000,-0.340260000,1.747560000,0.000000000,0,0,0,-1,-1
3388,0.003388000,-0.340284000,1.755360000,0.000000000,0,0,0,-1,-1
3389,0.003389000,-0.340296000,1.763160000,0.000000000,0,0,0,-1,-1
3390,0.003390000,-0.340320000,1.771080000,0.000000000,0,0,0,-1,-1
3391,0.003391000,-0.340344000,1.778880000,0.000000000,0,0,0,-1,-1
3392,0.003392000,-0.340368000,1.786680000,0.000000000,0,0,0,-1,-1
3393,0.003393000,-0.335796000,1.793640000,0.000000000,0,0,0,-1,-1
3394,0.003394000,-0.335820000,1.801440000,0.000000000,0,0,0,-1,-1
3395,0.003395000,-0.335844000,1.809240000,0.000000000,0,0,0,-1,-1
3396,0.003396000,-0.331272000,1.816080000,0.000000000,0,0,0,-1,-1
3397,0.003397000,-0.331296000,1.823880000,0.000000000,0,0,0,-1,-1
3398,0.003398000,-0.326736000,1.830720000,0.000000000,0,0,0,-1,-1
3399,0.003399000,-0.322188000,1.837560000,0.000000000,0,0,0,-1,-1
3400,0.003400000,-0.317640000,1.844400000,0.000000000,0,0,0,-1,-1
3401,0.003401000,-0.313092000,1.851240000,0.000000000,0,0,0,-1,-1
3402,0.003402000,-0.308544000,1.858080000,0.000000000,0,0,0,-1,-1
3403,0.003403000,-0.303996000,1.857000000,0.000000000,0,0,0,-1,-1
3404,0.003404000,-0.299460000,1.863840000,0.000000000,0,0,0,-1,-1
3405,0.003405000,-0.294912000,1.862880000,0.000000000,0,0,0,-1,-1
3406,0.003406000,-0.290364000,1.861800000,0.000000000,0,0,0,-1,-1
3407,0.003407000,-0.285852000,1.868640000,0.000000000,0,0,0,-1,-1
3408,0.003408000,-0.281316000,1.867680000,0.000000000,0,0,0,-1,-1
3409,0.003409000,-0.276792000,1.866600000,0.000000000,0,0,0,-1,-1
3410,0.003410000,-0.272268000,1.865640000,0.000000000,0,0,0,-1,-1
3411,0.003411000,-0.267744000,1.864680000,0.000000000,0,0,0,-1,-1
3412,0.003412000,-0.263232000,1.863600000,0.000000000,0,0,0,-1,-1
3413,0.003413000,-0.258720000,1.862640000,0.000000000,0,0,0,-1,-1
3414,0.003414000,-0.254196000,1.853880000,0.000000000,0,0,0,-1,-1
3415,0.003415000,-0.249696000,1.852920000,0.000000000,0,0,0,-1,-1
3416,0.003416000,-0.245208000,1.851960000,0.000000000,0,0,0,-1,-1
3417,0.003417000,-0.240696000,1.843200000,0.000000000,0,0,0,-1,-1
3418,0.003418000,-0.236208000,1.842240000,0.000000000,0,0,0,-1,-1
3419,0.003419000,-0.231708000,1.833480000,0.000000000,0,0,0,-1,-1
3420,0.003420000,-0.227208000,1.824720000,0.000000000,0,0,0,-1,-1
3421,0.003421000,-0.222720000,1.816080000,0.000000000,0,0,0,-1,-1
3422,0.003422000,-0.218232000,1.807440000,0.000000000,0,0,0,-1,-1
3423,0.003423000,-0.213744000,1.798680000,0.000000000,0,0,0,-1,-1
3424,0.003424000,-0.213720000,1.791000000,0.000000000,0,0,0,-1,-1
3425,0.003425000,-0.209244000,1.782360000,0.000000000,0,0,0,-1,-1
3426,0.003426000,-0.209220000,1.774560000,0.000000000,0,0,0,-1,-1
3427,0.003427000,-0.209196000,1.766880000,0.000000000,0,0,0,-1,-1
3428,0.003428000,-0.204732000,1.758240000,0.000000000,0,0,0,-1,-1
3429,0.003429000,-0.204708000,1.750560000,0.000000000,0,0,0,-1,-1
3430,0.003430000,-0.204684000,1.742880000,0.000000000,0,0,0,-1,-1
3431,0.003431000,-0.204660000,1.735080000,0.000000000,0,0,0,-1,-1
3432,0.003432000,-0.204636000,1.727400000,5.000000000,1,1,0,96,0
3433,0.003433000,-0.204612000,1.719720000,0.000000000,0,0,0,-1,-1
3434,0.003434000,-0.204600000,1.712040000,0.000000000,0,0,0,-1,-1
3435,0.003435000,-0.204576000,1.704240000,0.000000000,0,0,0,-1,-1
3436,0.003436000,-0.204552000,1.696560000,0.000000000,0,0,0,-1,-1
3437,0.003437000,-0.204528000,1.688880000,0.000000000,0,0,0,-1,-1
3438,0.003438000,-0.204504000,1.681200000,0.000000000,0,0,0,-1,-1
3439,0.003439000,-0.204492000,1.673400000,0.000000000,0,0,0,-1,-1
3440,0.003440000,-0.204468000,1.665720000,0.000000000,0,0,0,-1,-1
3441,0.003441000,-0.204444000,1.658040000,0.000000000,0,0,0,-1,-1
3442,0.003442000,-0.204420000,1.650360000,0.000000000,0,0,0,-1,-1
3443,0.003443000,-0.204396000,1.642560000,0.000000000,0,0,0,-1,-1
3444,0.003444000,-0.204372000,1.634880000,0.000000000,0,0,0,-1,-1
3445,0.003445000,-0.204360000,1.627200000,0.000000000,0,0,0,-1,-1
3446,0.003446000,-0.204336000,1.619520000,0.000000000,0,0,0,-1,-1
3447,0.003447000,-0.204312000,1.611720000,0.000000000,0,0,0,-1,-1
3448,0.003448000,-0.204288000,1.604040000,0.000000000,0,0,0,-1,-1
3449,0.003449000,-0.204264000,1.596360000,0.000000000,0,0,0,-1,-1
3450,0.003450000,-0.204240000,1.588680000,0.000000000,0,0,0,-1,-1
3451,0.003451000,-0.204228000,1.580880000,0.000000000,0,0,0,-1,-1
3452,0.003452000,-0.204204000,1.573200000,0.000000000,0,0,0,-1,-1
3453,0.003453000,-0.204180000,1.565520000,0.000000000,0,0,0,-1,-1
3454,0.003454000,-0.204156000,1.557840000,0.000000000,0,0,0,-1,-1
3455,0.003455000,-0.204132000,1.550040000,0.000000000,0,0,0,-1,-1
3456,0.003456000,-0.204108000,1.542360000,5.000000000,1,1,0,97,0
3457,0.003457000,-0.204096000,1.534680000,0.000000000,0,0,0,-1,-1
3458,0.003458000,-0.204072000,1.527000000,0.000000000,0,0,0,-1,-1
3459,0.003459000,-0.204048000,1.519200000,0.000000000,0,0,0,-1,-1
3460,0.003460000,-0.204024000,1.511520000,0.000000000,0,0,0,-1,-1
3461,0.003461000,-0.204000000,1.503840000,0.000000000,0,0,0,-1,-1
3462,0.003462000,-0.203976000,1.496160000,0.000000000,0,0,0,-1,-1
3463,0.003463000,-0.203964000,1.488360000,0.000000000,0,0,0,-1,-1
3464,0.003464000,-0.203940000,1.480680000,0.000000000,0,0,0,-1,-1
3465,0.003465000,-0.203916000,1.473000000,0.000000000,0,0,0,-1,-1
3466,0.003466000,-0.203892000,1.465320000,0.000000000,0,0,0,-1,-1
3467,0.003467000,-0.203868000,1.457520000,0.000000000,0,0,0,-1,-1
3468,0.003468000,-0.203844000,1.449840000,0.000000000,0,0,0,-1,-1
3469,0.003469000,-0.203832000,1.442160000,0.000000000,0,0,0,-1,-1
3470,0.003470000,-0.203808000,1.434480000,0.000000000,0,0,0,-1,-1
3471,0.003471000,-0.203784000,1.426680000,0.000000000,0,0,0,-1,-1
3472,0.003472000,-0.203760000,1.419000000,0.000000000,0,0,0,-1,-1
3473,0.003473000,-0.203736000,1.411320000,0.000000000,0,0,0,-1,-1
3474,0.003474000,-0.203724000,1.403640000,0.000000000,0,0,0,-1,-1
3475,0.003475000,-0.203700000,1.395840000,0.000000000,0,0,0,-1,-1
3476,0.003476000,-0.203676000,1.388160000,0.000000000,0,0,0,-1,-1
3477,0.003477000,-0.203652000,1.380480000,0.000000000,0,0,0,-1,-1
3478,0.003478000,-0.203628000,1.372800000,0.000000000,0,0,0,-1,-1
3479,0.003479000,-0.203604000,1.365000000,0.000000000,0,0,0,-1,-1
3480,0.003480000,-0.203592000,1.357320000,5.000000000,1,1,0,98,0
3481,0.003481000,-0.203568000,1.349640000,0.000000000,0,0,0,-1,-1
3482,0.003482000,-0.203544000,1.341960000,0.000000000,0,0,0,-1,-1
3483,0.003483000,-0.203520000,1.334160000,0.000000000,0,0,0,-1,-1
3484,0.003484000,-0.203496000,1.326480000,0.000000000,0,0,0,-1,-1
3485,0.003485000,-0.203472000,1.318800000,0.000000000,0,0,0,-1,-1
3486,0.003486000,-0.203460000,1.311120000,0.000000000,0,0,0,-1,-1
3487,0.003487000,-0.203436000,1.303320000,0.000000000,0,0,0,-1,-1
3488,0.003488000,-0.203412000,1.295640000,0.000000000,0,0,0,-1,-1
3489,0.003489000,-0.203388000,1.287960000,0.000000000,0,0,0,-1,-1
3490,0.003490000,-0.203364000,1.280280000,0.000000000,0,0,0,-1,-1
3491,0.003491000,-0.203340000,1.272480000,0.000000000,0,0,0,-1,-1
3492,0.003492000,-0.203328000,1.264800000,0.000000000,0,0,0,-1,-1
3493,0.003493000,-0.203304000,1.257120000,0.000000000,0,0,0,-1,-1
3494,0.003494000,-0.203280000,1.249440000,0.000000000,0,0,0,-1,-1
3495,0.003495000,-0.203256000,1.241640000,0.000000000,0,0,0,-1,-1
3496,0.003496000,-0.203232000,1.233960000,0.000000000,0,0,0,-1,-1
3497,0.003497000,-0.203208000,1.226280000,0.000000000,0,0,0,-1,-1
3498,0.003498000,-0.203196000,1.218600000,0.000000000,0,0,0,-1,-1
3499,0.003499000,-0.203172000,1.210800000,0.000000000,0,0,0,-1,-1
3500,0.003500000,-0.203148000,1.203120000,0.000000000,0,0,0,-1,-1
3501,0.003501000,-0.203124000,1.195416000,0.000000000,0,0,0,-1,-1
3502,0.003502000,-0.203100000,1.187700000,0.000000000,0,0,0,-1,-1
3503,0.003503000,-0.203076000,1.179984000,0.000000000,0,0,0,-1,-1
3504,0.003504000,-0.203064000,1.172280000,5.000000000,1,1,0,99,0
3505,0.003505000,-0.203040000,1.164564000,0.000000000,0,0,0,-1,-1
3506,0.003506000,-0.203016000,1.156860000,0.000000000,0,0,0,-1,-1
3507,0.003507000,-0.202992000,1.149144000,0.000000000,0,0,0,-1,-1
3508,0.003508000,-0.202968000,1.141440000,0.000000000,0,0,0,-1,-1
3509,0.003509000,-0.202956000,1.133724000,0.000000000,0,0,0,-1,-1
3510,0.003510000,-0.202932000,1.126008000,0.000000000,0,0,0,-1,-1
3511,0.003511000,-0.202908000,1.118304000,0.000000000,0,0,0,-1,-1
3512,0.003512000,-0.202884000,1.110588000,0.000000000,0,0,0,-1,-1
3513,0.003513000,-0.202860000,1.102884000,0.000000000,0,0,0,-1,-1
3514,0.003514000,-0.202836000,1.095168000,0.000000000,0,0,0,-1,-1
3515,0.003515000,-0.202824000,1.087452000,0.000000000,0,0,0,-1,-1
3516,0.003516000,-0.202800000,1.079748000,0.000000000,0,0,0,-1,-1
3517,0.003517000,-0.202776000,1.072032000,0.000000000,0,0,0,-1,-1
3518,0.003518000,-0.202752000,1.064328000,0.000000000,0,0,0,-1,-1
3519,0.003519000,-0.202728000,1.056612000,0.000000000,0,0,0,-1,-1
3520,0.003520000,-0.202704000,1.048896000,0.000000000,0,0,0,-1,-1
3521,0.003521000,-0.202692000,1.041192000,0.000000000,0,0,0,-1,-1
3522,0.003522000,-0.202668000,1.033476000,0.000000000,0,0,0,-1,-1
3523,0.003523000,-0.202644000,1.025772000,0.000000000,0,0,0,-1,-1
3524,0.003524000,-0.202620000,1.018056000,0.000000000,0,0,0,-1,-1
3525,0.003525000,-0.202596000,1.010340000,0.000000000,0,0,0,-1,-1
3526,0.003526000,-0.202572000,1.002636000,0.000000000,0,0,0,-1,-1
3527,0.003527000,-0.202560000,0.994920000,0.000000000,0,0,0,-1,-1
3528,0.003528000,-0.202536000,0.987216000,5.000000000,1,1,0,100,0
3529,0.003529000,-0.202512000,0.979500000,0.000000000,0,0,0,-1,-1
3530,0.003530000,-0.202488000,0.971784000,0.000000000,0,0,0,-1,-1
3531,0.003531000,-0.202464000,0.964080000,0.000000000,0,0,0,-1,-1
3532,0.003532000,-0.202440000,0.956364000,0.000000000,0,0,0,-1,-1
3533,0.003533000,-0.202428000,0.948660000,0.000000000,0,0,0,-1,-1
3534,0.003534000,-0.202404000,0.940944000,0.000000000,0,0,0,-1,-1
3535,0.003535000,-0.202380000,0.933228000,0.000000000,0,0,0,-1,-1
3536,0.003536000,-0.202356000,0.925524000,0.000000000,0,0,0,-1,-1
3537,0.003537000,-0.202332000,0.917808000,0.000000000,0,0,0,-1,-1
3538,0.003538000,-0.202308000,0.910092000,0.000000000,0,0,0,-1,-1
3539,0.003539000,-0.202296000,0.902388000,0.000000000,0,0,0,-1,-1
3540,0.003540000,-0.202272000,0.894672000,0.000000000,0,0,0,-1,-1
3541,0.003541000,-0.202248000,0.886968000,0.000000000,0,0,0,-1,-1
3542,0.003542000,-0.202224000,0.879252000,0.000000000,0,0,0,-1,-1
3543,0.003543000,-0.202200000,0.871536000,0.000000000,0,0,0,-1,-1
3544,0.003544000,-0.202176000,0.863832000,0.000000000,0,0,0,-1,-1
3545,0.003545000,-0.202164000,0.856116000,0.000000000,0,0,0,-1,-1
3546,0.003546000,-0.202140000,0.848400000,0.000000000,0,0,0,-1,-1
3547,0.003547000,-0.202116000,0.840696000,0.000000000,0,0,0,-1,-1
3548,0.003548000,-0.202092000,0.832980000,0.000000000,0,0,0,-1,-1
3549,0.003549000,-0.202068000,0.825264000,0.000000000,0,0,0,-1,-1
3550,0.003550000,-0.202056000,0.817560000,0.000000000,0,0,0,-1,-1
3551,0.003551000,-0.202032000,0.809844000,0.000000000,0,0,0,-1,-1
3552,0.003552000,-0.202008000,0.802128000,5.000000000,1,1,0,101,0
3553,0.003553000,-0.201984000,0.794424000,0.000000000,0,0,0,-1,-1
3554,0.003554000,-0.201960000,0.786708000,0.000000000,0,0,0,-1,-1
3555,0.003555000,-0.201936000,0.778992000,0.000000000,0,0,0,-1,-1
3556,0.003556000,-0.201924000,0.771288000,0.000000000,0,0,0,-1,-1
3557,0.003557000,-0.201900000,0.763572000,0.000000000,0,0,0,-1,-1
3558,0.003558000,-0.201876000,0.755868000,0.000000000,0,0,0,-1,-1
3559,0.003559000,-0.201852000,0.748152000,0.000000000,0,0,0,-1,-1
3560,0.003560000,-0.201828000,0.740436000,0.000000000,0,0,0,-1,-1
3561,0.003561000,-0.201804000,0.732732000,0.000000000,0,0,0,-1,-1
3562,0.003562000,-0.201792000,0.725016000,0.000000000,0,0,0,-1,-1
3563,0.003563000,-0.201768000,0.717300000,0.000000000,0,0,0,-1,-1
3564,0.003564000,-0.201744000,0.709596000,0.000000000,0,0,0,-1,-1
3565,0.003565000,-0.201720000,0.701880000,0.000000000,0,0,0,-1,-1
3566,0.003566000,-0.201696000,0.694164000,0.000000000,0,0,0,-1,-1
3567,0.003567000,-0.201672000,0.686460000,0.000000000,0,0,0,-1,-1
3568,0.003568000,-0.201660000,0.678744000,0.000000000,0,0,0,-1,-1
3569,0.003569000,-0.201636000,0.671028000,0.000000000,0,0,0,-1,-1
3570,0.003570000,-0.201612000,0.663312000,0.000000000,0,0,0,-1,-1
3571,0.003571000,-0.201588000,0.655608000,0.000000000,0,0,0,-1,-1
3572,0.003572000,-0.201564000,0.647892000,0.000000000,0,0,0,-1,-1
3573,0.003573000,-0.201540000,0.640176000,0.000000000,0,0,0,-1,-1
3574,0.003574000,-0.201528000,0.632472000,0.000000000,0,0,0,-1,-1
3575,0.003575000,-0.201504000,0.624756000,0.000000000,0,0,0,-1,-1
3576,0.003576000,-0.201480000,0.617040000,5.000000000,1,1,0,102,0
3577,0.003577000,-0.201456000,0.609336000,0.000000000,0,0,0,-1,-1
3578,0.003578000,-0.201432000,0.601620000,0.000000000,0,0,0,-1,-1
3579,0.003579000,-0.201408000,0.593904000,0.000000000,0,0,0,-1,-1
3580,0.003580000,-0.201396000,0.586200000,0.000000000,0,0,0,-1,-1
3581,0.003581000,-0.201372000,0.578484000,0.000000000,0,0,0,-1,-1
3582,0.003582000,-0.201348000,0.570768000,0.000000000,0,0,0,-1,-1
3583,0.003583000,-0.201324000,0.563064000,0.000000000,0,0,0,-1,-1
3584,0.003584000,-0.201300000,0.555348000,0.000000000,0,0,0,-1,-1
3585,0.003585000,-0.201288000,0.547632000,0.000000000,0,0,0,-1,-1
3586,0.003586000,-0.201264000,0.539916000,0.000000000,0,0,0,-1,-1
3587,0.003587000,-0.201240000,0.532212000,0.000000000,0,0,0,-1,-1
3588,0.003588000,-0.201216000,0.524496000,0.000000000,0,0,0,-1,-1
3589,0.003589000,-0.201192000,0.516780000,0.000000000,0,0,0,-1,-1
3590,0.003590000,-0.201168000,0.509076000,0.000000000,0,0,0,-1,-1
3591,0.003591000,-0.201156000,0.501360000,0.000000000,0,0,0,-1,-1
3592,0.003592000,-0.201132000,0.493644000,0.000000000,0,0,0,-1,-1
3593,0.003593000,-0.201108000,0.485928000,0.000000000,0,0,0,-1,-1
3594,0.003594000,-0.201084000,0.478224000,0.000000000,0,0,0,-1,-1
3595,0.003595000,-0.201060000,0.470508000,0.000000000,0,0,0,-1,-1
3596,0.003596000,-0.201036000,0.462792000,0.000000000,0,0,0,-1,-1
3597,0.003597000,-0.201024000,0.455088000,0.000000000,0,0,0,-1,-1
3598,0.003598000,-0.201000000,0.447372000,0.000000000,0,0,0,-1,-1
3599,0.003599000,-0.200976000,0.439656000,0.000000000,0,0,0,-1,-1
3600,0.003600000,-0.200952000,0.431940000,5.000000000,1,1,0,103,0
3601,0.003601000,-0.200928000,0.424236000,0.000000000,0,0,0,-1,-1
3602,0.003602000,-0.200904000,0.416520000,0.000000000,0,0,0,-1,-1
3603,0.003603000,-0.200892000,0.408804000,0.000000000,0,0,0,-1,-1
3604,0.003604000,-0.200868000,0.401088000,0.000000000,0,0,0,-1,-1
3605,0.003605000,-0.200844000,0.393384000,0.000000000,0,0,0,-1,-1
3606,0.003606000,-0.200820000,0.385668000,0.000000000,0,0,0,-1,-1
3607,0.003607000,-0.200796000,0.377952000,0.000000000,0,0,0,-1,-1
3608,0.003608000,-0.200772000,0.370236000,0.000000000,0,0,0,-1,-1
3609,0.003609000,-0.200760000,0.362532000,0.000000000,0,0,0,-1,-1
3610,0.003610000,-0.200736000,0.354816000,0.000000000,0,0,0,-1,-1
3611,0.003611000,-0.200712000,0.347100000,0.000000000,0,0,0,-1,-1
3612,0.003612000,-0.200688000,0.339384000,0.000000000,0,0,0,-1,-1
3613,0.003613000,-0.200664000,0.331680000,0.000000000,0,0,0,-1,-1
3614,0.003614000,-0.200640000,0.323964000,0.000000000,0,0,0,-1,-1
3615,0.003615000,-0.200628000,0.316248000,0.000000000,0,0,0,-1,-1
3616,0.003616000,-0.200604000,0.308532000,0.000000000,0,0,0,-1,-1
3617,0.003617000,-0.200580000,0.300828000,0.000000000,0,0,0,-1,-1
3618,0.003618000,-0.200556000,0.293112000,0.000000000,0,0,0,-1,-1
3619,0.003619000,-0.200532000,0.285396000,0.000000000,0,0,0,-1,-1
3620,0.003620000,-0.200508000,0.277680000,0.000000000,0,0,0,-1,-1
3621,0.003621000,-0.200496000,0.269976000,0.000000000,0,0,0,-1,-1
3622,0.003622000,-0.200472000,0.262260000,0.000000000,0,0,0,-1,-1
3623,0.003623000,-0.200448000,0.254544000,0.000000000,0,0,0,-1,-1
3624,0.003624000,-0.200424000,0.246828000,5.000000000,1,1,0,104,0
3625,0.003625000,-0.200400000,0.239124000,0.000000000,0,0,0,-1,-1
3626,0.003626000,-0.200388000,0.231408000,0.000000000,0,0,0,-1,-1
3627,0.003627000,-0.200364000,0.223692000,0.000000000,0,0,0,-1,-1
3628,0.003628000,-0.200340000,0.215976000,0.000000000,0,0,0,-1,-1
3629,0.003629000,-0.200316000,0.208272000,0.000000000,0,0,0,-1,-1
3630,0.003630000,-0.200292000,0.200556000,0.000000000,0,0,0,-1,-1
3631,0.003631000,-0.200268000,0.192840000,0.000000000,0,0,0,-1,-1
3632,0.003632000,-0.200256000,0.185124000,0.000000000,0,0,0,-1,-1
3633,0.003633000,-0.200232000,0.177408000,0.000000000,0,0,0,-1,-1
3634,0.003634000,-0.200208000,0.169704000,0.000000000,0,0,0,-1,-1
3635,0.003635000,-0.200184000,0.161988000,0.000000000,0,0,0,-1,-1
3636,0.003636000,-0.200160000,0.154272000,0.000000000,0,0,0,-1,-1
3637,0.003637000,-0.200136000,0.146556000,0.000000000,0,0,0,-1,-1
3638,0.003638000,-0.200124000,0.138840000,0.000000000,0,0,0,-1,-1
3639,0.003639000,-0.200100000,0.131136000,0.000000000,0,0,0,-1,-1
3640,0.003640000,-0.200076000,0.123420000,0.000000000,0,0,0,-1,-1
3641,0.003641000,-0.200052000,0.115705200,0.000000000,0,0,0,-1,-1
3642,0.003642000,-0.200028000,0.107991600,0.000000000,0,0,0,-1,-1
3643,0.003643000,-0.200004000,0.100278000,0.000000000,0,0,0,-1,-1
3644,0.003644000,-0.199992000,0.092564400,0.000000000,0,0,0,-1,-1
3645,0.003645000,-0.199968000,0.084850800,0.000000000,0,0,0,-1,-1
3646,0.003646000,-0.199944000,0.077137200,0.000000000,0,0,0,-1,-1
3647,0.003647000,-0.199920000,0.069423600,0.000000000,0,0,0,-1,-1
3648,0.003648000,-0.199896000,0.061710000,5.000000000,1,1,0,105,0
3649,0.003649000,-0.199872000,0.053996400,0.000000000,0,0,0,-1,-1
3650,0.003650000,-0.199860000,0.046282800,0.000000000,0,0,0,-1,-1
3651,0.003651000,-0.199836000,0.038569200,0.000000000,0,0,0,-1,-1
3652,0.003652000,-0.199812000,0.030855600,0.000000000,0,0,0,-1,-1
3653,0.003653000,-0.199788000,0.023142000,0.000000000,0,0,0,-1,-1
3654,0.003654000,-0.199764000,0.015427200,0.000000000,0,0,0,-1,-1
3655,0.003655000,-0.199740000,0.007713840,0.000000000,0,0,0,-1,-1
3656,0.003656000,-0.199728000,0.000000000,0.000000000,0,0,0,-1,-1
3657,0.003657000,-0.199704000,-0.007713840,0.000000000,0,0,0,-1,-1
3658,0.003658000,-0.199680000,-0.015427200,0.000000000,0,0,0,-1,-1
3659,0.003659000,-0.199656000,-0.023142000,0.000000000,0,0,0,-1,-1
3660,0.003660000,-0.199632000,-0.030855600,0.000000000,0,0,0,-1,-1
3661,0.003661000,-0.199608000,-0.038569200,0.000000000,0,0,0,-1,-1
3662,0.003662000,-0.199596000,-0.046282800,0.000000000,0,0,0,-1,-1
3663,0.003663000,-0.199572000,-0.053997600,0.000000000,0,0,0,-1,-1
3664,0.003664000,-0.199548000,-0.061711200,0.000000000,0,0,0,-1,-1
3665,0.003665000,-0.199524000,-0.069424800,0.000000000,0,0,0,-1,-1
3666,0.003666000,-0.199500000,-0.077139600,0.000000000,0,0,0,-1,-1
3667,0.003667000,-0.199488000,-0.084853200,0.000000000,0,0,0,-1,-1
3668,0.003668000,-0.199464000,-0.092566800,0.000000000,0,0,0,-1,-1
3669,0.003669000,-0.199440000,-0.100281600,0.000000000,0,0,0,-1,-1
3670,0.003670000,-0.199416000,-0.107995200,0.000000000,0,0,0,-1,-1
3671,0.003671000,-0.199392000,-0.115710000,0.000000000,0,0,0,-1,-1
3672,0.003672000,-0.199368000,-0.123420000,5.000000000,1,1,0,106,0
3673,0.003673000,-0.199356000,-0.131136000,0.000000000,0,0,0,-1,-1
3674,0.003674000,-0.199332000,-0.138852000,0.000000000,0,0,0,-1,-1
3675,0.003675000,-0.199308000,-0.146568000,0.000000000,0,0,0,-1,-1
3676,0.003676000,-0.199284000,-0.154284000,0.000000000,0,0,0,-1,-1
3677,0.003677000,-0.199260000,-0.162000000,0.000000000,0,0,0,-1,-1
3678,0.003678000,-0.199236000,-0.169704000,0.000000000,0,0,0,-1,-1
3679,0.003679000,-0.199224000,-0.177420000,0.000000000,0,0,0,-1,-1
3680,0.003680000,-0.199200000,-0.185136000,0.000000000,0,0,0,-1,-1
3681,0.003681000,-0.199176000,-0.192852000,0.000000000,0,0,0,-1,-1
3682,0.003682000,-0.199152000,-0.200568000,0.000000000,0,0,0,-1,-1
3683,0.003683000,-0.199128000,-0.208284000,0.000000000,0,0,0,-1,-1
3684,0.003684000,-0.199104000,-0.216000000,0.000000000,0,0,0,-1,-1
3685,0.003685000,-0.199092000,-0.223704000,0.000000000,0,0,0,-1,-1
3686,0.003686000,-0.199068000,-0.231420000,0.000000000,0,0,0,-1,-1
3687,0.003687000,-0.199044000,-0.239136000,0.000000000,0,0,0,-1,-1
3688,0.003688000,-0.199020000,-0.246852000,0.000000000,0,0,0,-1,-1
3689,0.003689000,-0.198996000,-0.254568000,0.000000000,0,0,0,-1,-1
3690,0.003690000,-0.198972000,-0.262284000,0.000000000,0,0,0,-1,-1
3691,0.003691000,-0.198960000,-0.270000000,0.000000000,0,0,0,-1,-1
3692,0.003692000,-0.198936000,-0.277716000,0.000000000,0,0,0,-1,-1
3693,0.003693000,-0.198912000,-0.285420000,0.000000000,0,0,0,-1,-1
3694,0.003694000,-0.198888000,-0.293136000,0.000000000,0,0,0,-1,-1
3695,0.003695000,-0.198864000,-0.300852000,0.000000000,0,0,0,-1,-1
3696,0.003696000,-0.198840000,-0.308568000,5.000000000,1,1,0,107,0
3697,0.003697000,-0.198828000,-0.316284000,0.000000000,0,0,0,-1,-1
3698,0.003698000,-0.198804000,-0.324000000,0.000000000,0,0,0,-1,-1
3699,0.003699000,-0.198780000,-0.331716000,0.000000000,0,0,0,-1,-1
3700,0.003700000,-0.198756000,-0.339432000,0.000000000,0,0,0,-1,-1
3701,0.003701000,-0.198732000,-0.347148000,0.000000000,0,0,0,-1,-1
3702,0.003702000,-0.198708000,-0.354852000,0.000000000,0,0,0,-1,-1
3703,0.003703000,-0.198696000,-0.362568000,0.000000000,0,0,0,-1,-1
3704,0.003704000,-0.198672000,-0.370284000,0.000000000,0,0,0,-1,-1
3705,0.003705000,-0.198648000,-0.378000000,0.000000000,0,0,0,-1,-1
3706,0.003706000,-0.198624000,-0.385716000,0.000000000,0,0,0,-1,-1
3707,0.003707000,-0.198600000,-0.393432000,0.000000000,0,0,0,-1,-1
3708,0.003708000,-0.198576000,-0.401148000,0.000000000,0,0,0,-1,-1
3709,0.003709000,-0.198564000,-0.408864000,0.000000000,0,0,0,-1,-1
3710,0.003710000,-0.198540000,-0.416580000,0.000000000,0,0,0,-1,-1
3711,0.003711000,-0.198516000,-0.424296000,0.000000000,0,0,0,-1,-1
3712,0.003712000,-0.198492000,-0.432000000,0.000000000,0,0,0,-1,-1
3713,0.003713000,-0.198468000,-0.439716000,0.000000000,0,0,0,-1,-1
3714,0.003714000,-0.198456000,-0.447432000,0.000000000,0,0,0,-1,-1
3715,0.003715000,-0.198432000,-0.455148000,0.000000000,0,0,0,-1,-1
3716,0.003716000,-0.198408000,-0.462864000,0.000000000,0,0,0,-1,-1
3717,0.003717000,-0.198384000,-0.470580000,0.000000000,0,0,0,-1,-1
3718,0.003718000,-0.198360000,-0.478296000,0.000000000,0,0,0,-1,-1
3719,0.003719000,-0.198336000,-0.486012000,0.000000000,0,0,0,-1,-1
3720,0.003720000,-0.198324000,-0.493728000,5.000000000,1,1,0,108,0
3721,0.003721000,-0.198300000,-0.501444000,0.000000000,0,0,0,-1,-1
3722,0.003722000,-0.198276000,-0.509160000,0.000000000,0,0,0,-1,-1
3723,0.003723000,-0.198252000,-0.516876000,0.000000000,0,0,0,-1,-1
3724,0.003724000,-0.198228000,-0.524580000,0.000000000,0,0,0,-1,-1
3725,0.003725000,-0.198204000,-0.532296000,0.000000000,0,0,0,-1,-1
3726,0.003726000,-0.198192000,-0.540012000,0.000000000,0,0,0,-1,-1
3727,0.003727000,-0.198168000,-0.547728000,0.000000000,0,0,0,-1,-1
3728,0.003728000,-0.198144000,-0.555444000,0.000000000,0,0,0,-1,-1
3729,0.003729000,-0.198120000,-0.563160000,0.000000000,0,0,0,-1,-1
3730,0.003730000,-0.198096000,-0.570876000,0.000000000,0,0,0,-1,-1
3731,0.003731000,-0.198072000,-0.578592000,0.000000000,0,0,0,-1,-1
3732,0.003732000,-0.198060000,-0.586308000,0.000000000,0,0,0,-1,-1
3733,0.003733000,-0.198036000,-0.594024000,0.000000000,0,0,0,-1,-1
3734,0.003734000,-0.198012000,-0.601740000,0.000000000,0,0,0,-1,-1
3735,0.003735000,-0.197988000,-0.609456000,0.000000000,0,0,0,-1,-1
3736,0.003736000,-0.197964000,-0.617172000,0.000000000,0,0,0,-1,-1
3737,0.003737000,-0.197940000,-0.624888000,0.000000000,0,0,0,-1,-1
3738,0.003738000,-0.197928000,-0.632604000,0.000000000,0,0,0,-1,-1
3739,0.003739000,-0.197904000,-0.640320000,0.000000000,0,0,0,-1,-1
3740,0.003740000,-0.197880000,-0.648036000,0.000000000,0,0,0,-1,-1
3741,0.003741000,-0.197856000,-0.655752000,0.000000000,0,0,0,-1,-1
3742,0.003742000,-0.197832000,-0.663456000,0.000000000,0,0,0,-1,-1
3743,0.003743000,-0.197808000,-0.671172000,0.000000000,0,0,0,-1,-1
3744,0.003744000,-0.197796000,-0.678888000,5.000000000,1,1,0,109,0
3745,0.003745000,-0.197772000,-0.686604000,0.000000000,0,0,0,-1,-1
3746,0.003746000,-0.197748000,-0.694320000,0.000000000,0,0,0,-1,-1
3747,0.003747000,-0.197724000,-0.702036000,0.000000000,0,0,0,-1,-1
3748,0.003748000,-0.197700000,-0.709752000,0.000000000,0,0,0,-1,-1
3749,0.003749000,-0.197676000,-0.717468000,0.000000000,0,0,0,-1,-1
3750,0.003750000,-0.197664000,-0.725184000,0.000000000,0,0,0,-1,-1
3751,0.003751000,-0.197640000,-0.732900000,0.000000000,0,0,0,-1,-1
3752,0.003752000,-0.197616000,-0.740616000,0.000000000,0,0,0,-1,-1
3753,0.003753000,-0.197592000,-0.748332000,0.000000000,0,0,0,-1,-1
3754,0.003754000,-0.197568000,-0.756048000,0.000000000,0,0,0,-1,-1
3755,0.003755000,-0.197544000,-0.763764000,0.000000000,0,0,0,-1,-1
3756,0.003756000,-0.197532000,-0.771480000,0.000000000,0,0,0,-1,-1
3757,0.003757000,-0.197508000,-0.779196000,0.000000000,0,0,0,-1,-1
3758,0.003758000,-0.197484000,-0.786912000,0.000000000,0,0,0,-1,-1
3759,0.003759000,-0.197460000,-0.794628000,0.000000000,0,0,0,-1,-1
3760,0.003760000,-0.197436000,-0.802344000,0.000000000,0,0,0,-1,-1
3761,0.003761000,-0.197424000,-0.810060000,0.000000000,0,0,0,-1,-1
3762,0.003762000,-0.197400000,-0.817776000,0.000000000,0,0,0,-1,-1
3763,0.003763000,-0.197376000,-0.825492000,0.000000000,0,0,0,-1,-1
3764,0.003764000,-0.197352000,-0.833208000,0.000000000,0,0,0,-1,-1
3765,0.003765000,-0.197328000,-0.840924000,0.000000000,0,0,0,-1,-1
3766,0.003766000,-0.197304000,-0.848640000,0.000000000,0,0,0,-1,-1
3767,0.003767000,-0.197292000,-0.856356000,0.000000000,0,0,0,-1,-1
3768,0.003768000,-0.197268000,-0.864072000,5.000000000,1,1,0,110,0
3769,0.003769000,-0.197244000,-0.871788000,0.000000000,0,0,0,-1,-1
3770,0.003770000,-0.197220000,-0.879504000,0.000000000,0,0,0,-1,-1
3771,0.003771000,-0.197196000,-0.887220000,0.000000000,0,0,0,-1,-1
3772,0.003772000,-0.197172000,-0.894936000,0.000000000,0,0,0,-1,-1
3773,0.003773000,-0.197160000,-0.902652000,0.000000000,0,0,0,-1,-1
3774,0.003774000,-0.197136000,-0.910368000,0.000000000,0,0,0,-1,-1
3775,0.003775000,-0.197112000,-0.918084000,0.000000000,0,0,0,-1,-1
3776,0.003776000,-0.197088000,-0.925800000,0.000000000,0,0,0,-1,-1
3777,0.003777000,-0.197064000,-0.933516000,0.000000000,0,0,0,-1,-1
3778,0.003778000,-0.197040000,-0.941232000,0.000000000,0,0,0,-1,-1
3779,0.003779000,-0.197028000,-0.948948000,0.000000000,0,0,0,-1,-1
3780,0.003780000,-0.197004000,-0.956664000,0.000000000,0,0,0,-1,-1
3781,0.003781000,-0.196980000,-0.964380000,0.000000000,0,0,0,-1,-1
3782,0.003782000,-0.196956000,-0.972096000,0.000000000,0,0,0,-1,-1
3783,0.003783000,-0.196932000,-0.979812000,0.000000000,0,0,0,-1,-1
3784,0.003784000,-0.196908000,-0.987528000,0.000000000,0,0,0,-1,-1
3785,0.003785000,-0.196896000,-0.995244000,0.000000000,0,0,0,-1,-1
3786,0.003786000,-0.196872000,-1.002960000,0.000000000,0,0,0,-1,-1
3787,0.003787000,-0.196848000,-1.010676000,0.000000000,0,0,0,-1,-1
3788,0.003788000,-0.196824000,-1.018392000,0.000000000,0,0,0,-1,-1
3789,0.003789000,-0.196800000,-1.026108000,0.000000000,0,0,0,-1,-1
3790,0.003790000,-0.196776000,-1.033824000,0.000000000,0,0,0,-1,-1
3791,0.003791000,-0.196764000,-1.041540000,0.000000000,0,0,0,-1,-1
3792,0.003792000,-0.196740000,-1.049256000,5.000000000,1,1,0,111,0
3793,0.003793000,-0.196716000,-1.056972000,0.000000000,0,0,0,-1,-1
3794,0.003794000,-0.196692000,-1.064700000,0.000000000,0,0,0,-1,-1
3795,0.003795000,-0.196668000,-1.072416000,0.000000000,0,0,0,-1,-1
3796,0.003796000,-0.196644000,-1.080132000,0.000000000,0,0,0,-1,-1
3797,0.003797000,-0.196632000,-1.087848000,0.000000000,0,0,0,-1,-1
3798,0.003798000,-0.196608000,-1.095564000,0.000000000,0,0,0,-1,-1
3799,0.003799000,-0.196584000,-1.103280000,0.000000000,0,0,0,-1,-1
3800,0.003800000,-0.196560000,-1.110996000,0.000000000,0,0,0,-1,-1
3801,0.003801000,-0.196536000,-1.118712000,0.000000000,0,0,0,-1,-1
3802,0.003802000,-0.196512000,-1.126428000,0.000000000,0,0,0,-1,-1
3803,0.003803000,-0.196500000,-1.134144000,0.000000000,0,0,0,-1,-1
3804,0.003804000,-0.196476000,-1.141860000,0.000000000,0,0,0,-1,-1
3805,0.003805000,-0.196452000,-1.149576000,0.000000000,0,0,0,-1,-1
3806,0.003806000,-0.196428000,-1.157292000,0.000000000,0,0,0,-1,-1
3807,0.003807000,-0.196404000,-1.165008000,0.000000000,0,0,0,-1,-1
3808,0.003808000,-0.196380000,-1.172724000,0.000000000,0,0,0,-1,-1
3809,0.003809000,-0.196368000,-1.180440000,0.000000000,0,0,0,-1,-1
3810,0.003810000,-0.196344000,-1.188156000,0.000000000,0,0,0,-1,-1
3811,0.003811000,-0.196320000,-1.195872000,0.000000000,0,0,0,-1,-1
3812,0.003812000,-0.196296000,-1.203600000,0.000000000,0,0,0,-1,-1
3813,0.003813000,-0.196272000,-1.211280000,0.000000000,0,0,0,-1,-1
3814,0.003814000,-0.196260000,-1.219080000,0.000000000,0,0,0,-1,-1
3815,0.003815000,-0.196236000,-1.226760000,0.000000000,0,0,0,-1,-1
3816,0.003816000,-0.196212000,-1.234440000,0.000000000,0,0,0,-1,-1
3817,0.003817000,-0.196188000,-1.242120000,0.000000000,0,0,0,-1,-1
3818,0.003818000,-0.196164000,-1.249920000,0.000000000,0,0,0,-1,-1
3819,0.003819000,-0.196140000,-1.257600000,0.000000000,0,0,0,-1,-1
3820,0.003820000,-0.196128000,-1.265280000,0.000000000,0,0,0,-1,-1
3821,0.003821000,-0.196104000,-1.273080000,0.000000000,0,0,0,-1,-1
3822,0.003822000,-0.196080000,-1.280760000,0.000000000,0,0,0,-1,-1
3823,0.003823000,-0.196056000,-1.288440000,0.000000000,0,0,0,-1,-1
3824,0.003824000,-0.196032000,-1.296240000,0.000000000,0,0,0,-1,-1
3825,0.003825000,-0.196008000,-1.303920000,0.000000000,0,0,0,-1,-1
3826,0.003826000,-0.195996000,-1.311600000,0.000000000,0,0,0,-1,-1
3827,0.003827000,-0.195972000,-1.319400000,0.000000000,0,0,0,-1,-1
3828,0.003828000,-0.195948000,-1.327080000,0.000000000,0,0,0,-1,-1
3829,0.003829000,-0.195924000,-1.334760000,0.000000000,0,0,0,-1,-1
3830,0.003830000,-0.195900000,-1.342560000,0.000000000,0,0,0,-1,-1
3831,0.003831000,-0.195876000,-1.350240000,0.000000000,0,0,0,-1,-1
3832,0.003832000,-0.195864000,-1.357920000,0.000000000,0,0,0,-1,-1
3833,0.003833000,-0.195840000,-1.365600000,0.000000000,0,0,0,-1,-1
3834,0.003834000,-0.195816000,-1.373400000,0.000000000,0,0,0,-1,-1
3835,0.003835000,-0.195792000,-1.381080000,0.000000000,0,0,0,-1,-1
3836,0.003836000,-0.195768000,-1.388760000,0.000000000,0,0,0,-1,-1
3837,0.003837000,-0.195744000,-1.396560000,0.000000000,0,0,0,-1,-1
3838,0.003838000,-0.195732000,-1.404240000,0.000000000,0,0,0,-1,-1
3839,0.003839000,-0.195708000,-1.411920000,0.000000000,0,0,0,-1,-1
3840,0.003840000,-0.195684000,-1.419720000,0.000000000,0,0,0,-1,-1
3841,0.003841000,-0.195660000,-1.427400000,0.000000000,0,0,0,-1,-1
3842,0.003842000,-0.195636000,-1.435080000,0.000000000,0,0,0,-1,-1
3843,0.003843000,-0.195612000,-1.442880000,0.000000000,0,0,0,-1,-1
3844,0.003844000,-0.195600000,-1.450560000,0.000000000,0,0,0,-1,-1
3845,0.003845000,-0.195576000,-1.458240000,0.000000000,0,0,0,-1,-1
3846,0.003846000,-0.195552000,-1.465920000,0.000000000,0,0,0,-1,-1
3847,0.003847000,-0.195528000,-1.473720000,0.000000000,0,0,0,-1,-1
3848,0.003848000,-0.195504000,-1.481400000,0.000000000,0,0,0,-1,-1
3849,0.003849000,-0.195480000,-1.489080000,0.000000000,0,0,0,-1,-1
3850,0.003850000,-0.195468000,-1.496880000,0.000000000,0,0,0,-1,-1
3851,0.003851000,-0.195444000,-1.504560000,0.000000000,0,0,0,-1,-1
3852,0.003852000,-0.195420000,-1.512240000,0.000000000,0,0,0,-1,-1
3853,0.003853000,-0.195396000,-1.520040000,0.000000000,0,0,0,-1,-1
3854,0.003854000,-0.195372000,-1.527720000,0.000000000,0,0,0,-1,-1
3855,0.003855000,-0.195348000,-1.535400000,0.000000000,0,0,0,-1,-1
3856,0.003856000,-0.195336000,-1.543200000,0.000000000,0,0,0,-1,-1
3857,0.003857000,-0.195312000,-1.550880000,0.000000000,0,0,0,-1,-1
3858,0.003858000,-0.195288000,-1.558560000,0.000000000,0,0,0,-1,-1
3859,0.003859000,-0.195264000,-1.566360000,0.000000000,0,0,0,-1,-1
3860,0.003860000,-0.195240000,-1.574040000,0.000000000,0,0,0,-1,-1
3861,0.003861000,-0.195216000,-1.581720000,0.000000000,0,0,0,-1,-1
3862,0.003862000,-0.195204000,-1.589520000,0.000000000,0,0,0,-1,-1
3863,0.003863000,-0.195180000,-1.597200000,0.000000000,0,0,0,-1,-1
3864,0.003864000,-0.195156000,-1.604880000,0.000000000,0,0,0,-1,-1
3865,0.003865000,-0.195132000,-1.612560000,0.000000000,0,0,0,-1,-1
3866,0.003866000,-0.195108000,-1.620360000,0.000000000,0,0,0,-1,-1
3867,0.003867000,-0.195096000,-1.628040000,0.000000000,0,0,0,-1,-1
3868,0.003868000,-0.195072000,-1.635720000,0.000000000,0,0,0,-1,-1
3869,0.003869000,-0.195048000,-1.643520000,0.000000000,0,0,0,-1,-1
3870,0.003870000,-0.195024000,-1.651200000,0.000000000,0,0,0,-1,-1
3871,0.003871000,-0.195000000,-1.658880000,0.000000000,0,0,0,-1,-1
3872,0.003872000,-0.194976000,-1.666680000,0.000000000,0,0,0,-1,-1
3873,0.003873000,-0.194964000,-1.674360000,0.000000000,0,0,0,-1,-1
3874,0.003874000,-0.194940000,-1.682040000,0.000000000,0,0,0,-1,-1
3875,0.003875000,-0.194916000,-1.689840000,0.000000000,0,0,0,-1,-1
3876,0.003876000,-0.194892000,-1.697520000,0.000000000,0,0,0,-1,-1
3877,0.003877000,-0.194868000,-1.705200000,0.000000000,0,0,0,-1,-1
3878,0.003878000,-0.194844000,-1.713000000,0.000000000,0,0,0,-1,-1
3879,0.003879000,-0.194832000,-1.720680000,0.000000000,0,0,0,-1,-1
3880,0.003880000,-0.194808000,-1.728360000,0.000000000,0,0,0,-1,-1
3881,0.003881000,-0.194784000,-1.736160000,0.000000000,0,0,0,-1,-1
3882,0.003882000,-0.194760000,-1.743840000,0.000000000,0,0,0,-1,-1
3883,0.003883000,-0.194736000,-1.751520000,0.000000000,0,0,0,-1,-1
3884,0.003884000,-0.194712000,-1.759200000,0.000000000,0,0,0,-1,-1
3885,0.003885000,-0.194700000,-1.767000000,0.000000000,0,0,0,-1,-1
3886,0.003886000,-0.194676000,-1.774680000,0.000000000,0,0,0,-1,-1
3887,0.003887000,-0.190212000,-1.781520000,0.000000000,0,0,0,-1,-1
3888,0.003888000,-0.190188000,-1.789200000,0.000000000,0,0,0,-1,-1
3889,0.003889000,-0.190164000,-1.796880000,0.000000000,0,0,0,-1,-1
3890,0.003890000,-0.185700000,-1.803600000,0.000000000,0,0,0,-1,-1
3891,0.003891000,-0.185676000,-1.811400000,0.000000000,0,0,0,-1,-1
3892,0.003892000,-0.181224000,-1.818120000,0.000000000,0,0,0,-1,-1
3893,0.003893000,-0.176772000,-1.824840000,0.000000000,0,0,0,-1,-1
3894,0.003894000,-0.172320000,-1.831560000,0.000000000,0,0,0,-1,-1
3895,0.003895000,-0.167880000,-1.838280000,0.000000000,0,0,0,-1,-1
3896,0.003896000,-0.163440000,-1.845000000,0.000000000,0,0,0,-1,-1
3897,0.003897000,-0.159036000,-1.844040000,0.000000000,0,0,0,-1,-1
3898,0.003898000,-0.154608000,-1.850760000,0.000000000,0,0,0,-1,-1
3899,0.003899000,-0.150204000,-1.849800000,0.000000000,0,0,0,-1,-1
3900,0.003900000,-0.145800000,-1.848840000,0.000000000,0,0,0,-1,-1
3901,0.003901000,-0.141384000,-1.855440000,0.000000000,0,0,0,-1,-1
3902,0.003902000,-0.137004000,-1.854480000,0.000000000,0,0,0,-1,-1
3903,0.003903000,-0.132624000,-1.853520000,0.000000000,0,0,0,-1,-1
3904,0.003904000,-0.128244000,-1.852560000,0.000000000,0,0,0,-1,-1
3905,0.003905000,-0.123864000,-1.851600000,0.000000000,0,0,0,-1,-1
3906,0.003906000,-0.119496000,-1.850640000,0.000000000,0,0,0,-1,-1
3907,0.003907000,-0.115131600,-1.849680000,0.000000000,0,0,0,-1,-1
3908,0.003908000,-0.110792400,-1.841040000,0.000000000,0,0,0,-1,-1
3909,0.003909000,-0.106437600,-1.840080000,0.000000000,0,0,0,-1,-1
3910,0.003910000,-0.102086400,-1.839120000,0.000000000,0,0,0,-1,-1
3911,0.003911000,-0.097761600,-1.830480000,0.000000000,0,0,0,-1,-1
3912,0.003912000,-0.093418800,-1.829520000,0.000000000,0,0,0,-1,-1
3913,0.003913000,-0.089103600,-1.820880000,0.000000000,0,0,0,-1,-1
3914,0.003914000,-0.084792000,-1.812360000,0.000000000,0,0,0,-1,-1
3915,0.003915000,-0.080486400,-1.803840000,0.000000000,0,0,0,-1,-1
3916,0.003916000,-0.076184400,-1.795200000,0.000000000,0,0,0,-1,-1
3917,0.003917000,-0.071886000,-1.786680000,0.000000000,0,0,0,-1,-1
3918,0.003918000,-0.071907600,-1.779120000,0.000000000,0,0,0,-1,-1
3919,0.003919000,-0.067615200,-1.770600000,0.000000000,0,0,0,-1,-1
3920,0.003920000,-0.067636800,-1.762920000,0.000000000,0,0,0,-1,-1
3921,0.003921000,-0.067658400,-1.755360000,0.000000000,0,0,0,-1,-1
3922,0.003922000,-0.063369600,-1.746840000,0.000000000,0,0,0,-1,-1
3923,0.003923000,-0.063392400,-1.739280000,0.000000000,0,0,0,-1,-1
3924,0.003924000,-0.063414000,-1.731600000,0.000000000,0,0,0,-1,-1
3925,0.003925000,-0.063435600,-1.724040000,0.000000000,0,0,0,-1,-1
3926,0.003926000,-0.063457200,-1.716480000,5.000000000,1,1,0,112,0
3927,0.003927000,-0.063478800,-1.708800000,0.000000000,0,0,0,-1,-1
3928,0.003928000,-0.063500400,-1.701240000,0.000000000,0,0,0,-1,-1
3929,0.003929000,-0.063523200,-1.693680000,0.000000000,0,0,0,-1,-1
3930,0.003930000,-0.063544800,-1.686120000,0.000000000,0,0,0,-1,-1
3931,0.003931000,-0.063566400,-1.678440000,0.000000000,0,0,0,-1,-1
3932,0.003932000,-0.063588000,-1.670880000,0.000000000,0,0,0,-1,-1
3933,0.003933000,-0.063609600,-1.663320000,0.000000000,0,0,0,-1,-1
3934,0.003934000,-0.063631200,-1.655640000,0.000000000,0,0,0,-1,-1
3935,0.003935000,-0.063652800,-1.648080000,0.000000000,0,0,0,-1,-1
3936,0.003936000,-0.063675600,-1.640520000,0.000000000,0,0,0,-1,-1
3937,0.003937000,-0.063697200,-1.632840000,0.000000000,0,0,0,-1,-1
3938,0.003938000,-0.063718800,-1.625280000,0.000000000,0,0,0,-1,-1
3939,0.003939000,-0.063740400,-1.617720000,0.000000000,0,0,0,-1,-1
3940,0.003940000,-0.063762000,-1.610040000,0.000000000,0,0,0,-1,-1
3941,0.003941000,-0.063783600,-1.602480000,0.000000000,0,0,0,-1,-1
3942,0.003942000,-0.063806400,-1.594920000,0.000000000,0,0,0,-1,-1
3943,0.003943000,-0.063828000,-1.587360000,0.000000000,0,0,0,-1,-1
3944,0.003944000,-0.063849600,-1.579680000,0.000000000,0,0,0,-1,-1
3945,0.003945000,-0.063871200,-1.572120000,0.000000000,0,0,0,-1,-1
3946,0.003946000,-0.063892800,-1.564560000,0.000000000,0,0,0,-1,-1
3947,0.003947000,-0.063914400,-1.556880000,0.000000000,0,0,0,-1,-1
3948,0.003948000,-0.063936000,-1.549320000,0.000000000,0,0,0,-1,-1
3949,0.003949000,-0.063958800,-1.541760000,5.000000000,1,1,0,113,0
3950,0.003950000,-0.063980400,-1.534080000,0.000000000,0,0,0,-1,-1
3951,0.003951000,-0.064002000,-1.526520000,0.000000000,0,0,0,-1,-1
3952,0.003952000,-0.064023600,-1.518960000,0.000000000,0,0,0,-1,-1
3953,0.003953000,-0.064045200,-1.511400000,0.000000000,0,0,0,-1,-1
3954,0.003954000,-0.064066800,-1.503720000,0.000000000,0,0,0,-1,-1
3955,0.003955000,-0.064089600,-1.496160000,0.000000000,0,0,0,-1,-1
3956,0.003956000,-0.064111200,-1.488600000,0.000000000,0,0,0,-1,-1
3957,0.003957000,-0.064132800,-1.480920000,0.000000000,0,0,0,-1,-1
3958,0.003958000,-0.064154400,-1.473360000,0.000000000,0,0,0,-1,-1
3959,0.003959000,-0.064176000,-1.465800000,0.000000000,0,0,0,-1,-1
3960,0.003960000,-0.064197600,-1.458120000,0.000000000,0,0,0,-1,-1
3961,0.003961000,-0.064219200,-1.450560000,0.000000000,0,0,0,-1,-1
3962,0.003962000,-0.064242000,-1.443000000,0.000000000,0,0,0,-1,-1
3963,0.003963000,-0.064263600,-1.435320000,0.000000000,0,0,0,-1,-1
3964,0.003964000,-0.064285200,-1.427760000,0.000000000,0,0,0,-1,-1
3965,0.003965000,-0.064306800,-1.420200000,0.000000000,0,0,0,-1,-1
3966,0.003966000,-0.064328400,-1.412640000,0.000000000,0,0,0,-1,-1
3967,0.003967000,-0.064350000,-1.404960000,0.000000000,0,0,0,-1,-1
3968,0.003968000,-0.064371600,-1.397400000,0.000000000,0,0,0,-1,-1
3969,0.003969000,-0.064394400,-1.389840000,0.000000000,0,0,0,-1,-1
3970,0.003970000,-0.064416000,-1.382160000,0.000000000,0,0,0,-1,-1
3971,0.003971000,-0.064437600,-1.374600000,0.000000000,0,0,0,-1,-1
3972,0.003972000,-0.064459200,-1.367040000,5.000000000,1,1,0,114,0
3973,0.003973000,-0.064480800,-1.359360000,0.000000000,0,0,0,-1,-1
3974,0.003974000,-0.064502400,-1.351800000,0.000000000,0,0,0,-1,-1
3975,0.003975000,-0.064525200,-1.344240000,0.000000000,0,0,0,-1,-1
3976,0.003976000,-0.064546800,-1.336680000,0.000000000,0,0,0,-1,-1
3977,0.003977000,-0.064568400,-1.329000000,0.000000000,0,0,0,-1,-1
3978,0.003978000,-0.064590000,-1.321440000,0.000000000,0,0,0,-1,-1
3979,0.003979000,-0.064611600,-1.313880000,0.000000000,0,0,0,-1,-1
3980,0.003980000,-0.064633200,-1.306200000,0.000000000,0,0,0,-1,-1
3981,0.003981000,-0.064654800,-1.298640000,0.000000000,0,0,0,-1,-1
3982,0.003982000,-0.064677600,-1.291080000,0.000000000,0,0,0,-1,-1
3983,0.003983000,-0.064699200,-1.283400000,0.000000000,0,0,0,-1,-1
3984,0.003984000,-0.064720800,-1.275840000,0.000000000,0,0,0,-1,-1
3985,0.003985000,-0.064742400,-1.268280000,0.000000000,0,0,0,-1,-1
3986,0.003986000,-0.064764000,-1.260720000,0.000000000,0,0,0,-1,-1
3987,0.003987000,-0.064785600,-1.253040000,0.000000000,0,0,0,-1,-1
3988,0.003988000,-0.064808400,-1.245480000,0.000000000,0,0,0,-1,-1
3989,0.003989000,-0.064830000,-1.237920000,0.000000000,0,0,0,-1,-1
3990,0.003990000,-0.064851600,-1.230240000,0.000000000,0,0,0,-1,-1
3991,0.003991000,-0.064873200,-1.222680000,0.000000000,0,0,0,-1,-1
3992,0.003992000,-0.064894800,-1.215120000,0.000000000,0,0,0,-1,-1
3993,0.003993000,-0.064916400,-1.207440000,0.000000000,0,0,0,-1,-1
3994,0.003994000,-0.064938000,-1.199904000,0.000000000,0,0,0,-1,-1
3995,0.003995000,-0.064960800,-1.192308000,5.000000000,1,1,0,115,0
3996,0.003996000,-0.064982400,-1.184712000,0.000000000,0,0,0,-1,-1
3997,0.003997000,-0.065004000,-1.177116000,0.000000000,0,0,0,-1,-1
3998,0.003998000,-0.065025600,-1.169520000,0.000000000,0,0,0,-1,-1
3999,0.003999000,-0.065047200,-1.161924000,0.000000000,0,0,0,-1,-1
4000,0.004000000,-0.065068800,-1.154328000,0.000000000,0,0,0,-1,-1
4001,0.004001000,-0.065090400,-1.146732000,0.000000000,0,0,0,-1,-1
4002,0.004002000,-0.065113200,-1.139136000,0.000000000,0,0,0,-1,-1
4003,0.004003000,-0.065134800,-1.131540000,0.000000000,0,0,0,-1,-1
4004,0.004004000,-0.065156400,-1.123944000,0.000000000,0,0,0,-1,-1
4005,0.004005000,-0.065178000,-1.116348000,0.000000000,0,0,0,-1,-1
4006,0.004006000,-0.065199600,-1.108752000,0.000000000,0,0,0,-1,-1
4007,0.004007000,-0.065221200,-1.101156000,0.000000000,0,0,0,-1,-1
4008,0.004008000,-0.065244000,-1.093560000,0.000000000,0,0,0,-1,-1
4009,0.004009000,-0.065265600,-1.085964000,0.000000000,0,0,0,-1,-1
4010,0.004010000,-0.065287200,-1.078368000,0.000000000,0,0,0,-1,-1
4011,0.004011000,-0.065308800,-1.070772000,0.000000000,0,0,0,-1,-1
4012,0.004012000,-0.065330400,-1.063176000,0.000000000,0,0,0,-1,-1
4013,0.004013000,-0.065352000,-1.055580000,0.000000000,0,0,0,-1,-1
4014,0.004014000,-0.065373600,-1.047984000,0.000000000,0,0,0,-1,-1
4015,0.004015000,-0.065396400,-1.040388000,0.000000000,0,0,0,-1,-1
4016,0.004016000,-0.065418000,-1.032792000,0.000000000,0,0,0,-1,-1
4017,0.004017000,-0.065439600,-1.025196000,0.000000000,0,0,0,-1,-1
4018,0.004018000,-0.065461200,-1.017600000,5.000000000,1,1,0,116,0
4019,0.004019000,-0.065482800,-1.010004000,0.000000000,0,0,0,-1,-1
4020,0.004020000,-0.065504400,-1.002420000,0.000000000,0,0,0,-1,-1
4021,0.004021000,-0.065526000,-0.994824000,0.000000000,0,0,0,-1,-1
4022,0.004022000,-0.065548800,-0.987228000,0.000000000,0,0,0,-1,-1
4023,0.004023000,-0.065570400,-0.979632000,0.000000000,0,0,0,-1,-1
4024,0.004024000,-0.065592000,-0.972036000,0.000000000,0,0,0,-1,-1
4025,0.004025000,-0.065613600,-0.964440000,0.000000000,0,0,0,-1,-1
4026,0.004026000,-0.065635200,-0.956844000,0.000000000,0,0,0,-1,-1
4027,0.004027000,-0.065656800,-0.949248000,0.000000000,0,0,0,-1,-1
4028,0.004028000,-0.065678400,-0.941652000,0.000000000,0,0,0,-1,-1
4029,0.004029000,-0.065701200,-0.934056000,0.000000000,0,0,0,-1,-1
4030,0.004030000,-0.065722800,-0.926460000,0.000000000,0,0,0,-1,-1
4031,0.004031000,-0.065744400,-0.918864000,0.000000000,0,0,0,-1,-1
4032,0.004032000,-0.065766000,-0.911268000,0.000000000,0,0,0,-1,-1
4033,0.004033000,-0.065787600,-0.903672000,0.000000000,0,0,0,-1,-1
4034,0.004034000,-0.065809200,-0.896088000,0.000000000,0,0,0,-1,-1
4035,0.004035000,-0.065832000,-0.888492000,0.000000000,0,0,0,-1,-1
4036,0.004036000,-0.065853600,-0.880896000,0.000000000,0,0,0,-1,-1
4037,0.004037000,-0.065875200,-0.873300000,0.000000000,0,0,0,-1,-1
4038,0.004038000,-0.065896800,-0.865704000,0.000000000,0,0,0,-1,-1
4039,0.004039000,-0.065918400,-0.858108000,0.000000000,0,0,0,-1,-1
4040,0.004040000,-0.065940000,-0.850512000,0.000000000,0,0,0,-1,-1
4041,0.004041000,-0.065961600,-0.842916000,5.000000000,1,1,0,117,0
4042,0.004042000,-0.065984400,-0.835320000,0.000000000,0,0,0,-1,-1
4043,0.004043000,-0.066006000,-0.827724000,0.000000000,0,0,0,-1,-1
4044,0.004044000,-0.066027600,-0.820128000,0.000000000,0,0,0,-1,-1
4045,0.004045000,-0.066049200,-0.812532000,0.000000000,0,0,0,-1,-1
4046,0.004046000,-0.066070800,-0.804948000,0.000000000,0,0,0,-1,-1
4047,0.004047000,-0.066092400,-0.797352000,0.000000000,0,0,0,-1,-1
4048,0.004048000,-0.066114000,-0.789756000,0.000000000,0,0,0,-1,-1
4049,0.004049000,-0.066136800,-0.782160000,0.000000000,0,0,0,-1,-1
4050,0.004050000,-0.066158400,-0.774564000,0.000000000,0,0,0,-1,-1
4051,0.004051000,-0.066180000,-0.766968000,0.000000000,0,0,0,-1,-1
4052,0.004052000,-0.066201600,-0.759372000,0.000000000,0,0,0,-1,-1
4053,0.004053000,-0.066223200,-0.751776000,0.000000000,0,0,0,-1,-1
4054,0.004054000,-0.066244800,-0.744180000,0.000000000,0,0,0,-1,-1
4055,0.004055000,-0.066266400,-0.736596000,0.000000000,0,0,0,-1,-1
4056,0.004056000,-0.066289200,-0.729000000,0.000000000,0,0,0,-1,-1
4057,0.004057000,-0.066310800,-0.721404000,0.000000000,0,0,0,-1,-1
4058,0.004058000,-0.066332400,-0.713808000,0.000000000,0,0,0,-1,-1
4059,0.004059000,-0.066354000,-0.706212000,0.000000000,0,0,0,-1,-1
4060,0.004060000,-0.066375600,-0.698616000,0.000000000,0,0,0,-1,-1
4061,0.004061000,-0.066397200,-0.691020000,0.000000000,0,0,0,-1,-1
4062,0.004062000,-0.066420000,-0.683424000,0.000000000,0,0,0,-1,-1
4063,0.004063000,-0.066441600,-0.675840000,0.000000000,0,0,0,-1,-1
4064,0.004064000,-0.066463200,-0.668244000,5.000000000,1,1,0,118,0
4065,0.004065000,-0.066484800,-0.660648000,0.000000000,0,0,0,-1,-1
4066,0.004066000,-0.066506400,-0.653052000,0.000000000,0,0,0,-1,-1
4067,0.004067000,-0.066528000,-0.645456000,0.000000000,0,0,0,-1,-1
4068,0.004068000,-0.066549600,-0.637860000,0.000000000,0,0,0,-1,-1
4069,0.004069000,-0.066572400,-0.630264000,0.000000000,0,0,0,-1,-1
4070,0.004070000,-0.066594000,-0.622668000,0.000000000,0,0,0,-1,-1
4071,0.004071000,-0.066615600,-0.615084000,0.000000000,0,0,0,-1,-1
4072,0.004072000,-0.066637200,-0.607488000,0.000000000,0,0,0,-1,-1
4073,0.004073000,-0.066658800,-0.599892000,0.000000000,0,0,0,-1,-1
4074,0.004074000,-0.066680400,-0.592296000,0.000000000,0,0,0,-1,-1
4075,0.004075000,-0.066702000,-0.584700000,0.000000000,0,0,0,-1,-1
4076,0.004076000,-0.066724800,-0.577104000,0.000000000,0,0,0,-1,-1
4077,0.004077000,-0.066746400,-0.569508000,0.000000000,0,0,0,-1,-1
4078,0.004078000,-0.066768000,-0.561924000,0.000000000,0,0,0,-1,-1
4079,0.004079000,-0.066789600,-0.554328000,0.000000000,0,0,0,-1,-1
4080,0.004080000,-0.066811200,-0.546732000,0.000000000,0,0,0,-1,-1
4081,0.004081000,-0.066832800,-0.539136000,0.000000000,0,0,0,-1,-1
4082,0.004082000,-0.066854400,-0.531540000,0.000000000,0,0,0,-1,-1
4083,0.004083000,-0.066877200,-0.523944000,0.000000000,0,0,0,-1,-1
4084,0.004084000,-0.066898800,-0.516360000,0.000000000,0,0,0,-1,-1
4085,0.004085000,-0.066920400,-0.508764000,0.000000000,0,0,0,-1,-1
4086,0.004086000,-0.066942000,-0.501168000,0.000000000,0,0,0,-1,-1
4087,0.004087000,-0.066963600,-0.493572000,5.000000000,1,1,0,119,0
4088,0.004088000,-0.066985200,-0.485976000,0.000000000,0,0,0,-1,-1
4089,0.004089000,-0.067006800,-0.478380000,0.000000000,0,0,0,-1,-1
4090,0.004090000,-0.067029600,-0.470796000,0.000000000,0,0,0,-1,-1
4091,0.004091000,-0.067051200,-0.463200000,0.000000000,0,0,0,-1,-1
4092,0.004092000,-0.067072800,-0.455604000,0.000000000,0,0,0,-1,-1
4093,0.004093000,-0.067094400,-0.448008000,0.000000000,0,0,0,-1,-1
4094,0.004094000,-0.067116000,-0.440412000,0.000000000,0,0,0,-1,-1
4095,0.004095000,-0.067137600,-0.432816000,0.000000000,0,0,0,-1,-1
4096,0.004096000,-0.067159200,-0.425232000,0.000000000,0,0,0,-1,-1
4097,0.004097000,-0.067182000,-0.417636000,0.000000000,0,0,0,-1,-1
4098,0.004098000,-0.067203600,-0.410040000,0.000000000,0,0,0,-1,-1
4099,0.004099000,-0.067225200,-0.402444000,0.000000000,0,0,0,-1,-1
4100,0.004100000,-0.067246800,-0.394848000,0.000000000,0,0,0,-1,-1
4101,0.004101000,-0.067268400,-0.387252000,0.000000000,0,0,0,-1,-1
4102,0.004102000,-0.067290000,-0.379668000,0.000000000,0,0,0,-1,-1
4103,0.004103000,-0.067312800,-0.372072000,0.000000000,0,0,0,-1,-1
4104,0.004104000,-0.067334400,-0.364476000,0.000000000,0,0,0,-1,-1
4105,0.004105000,-0.067356000,-0.356880000,0.000000000,0,0,0,-1,-1
4106,0.004106000,-0.067377600,-0.349284000,0.000000000,0,0,0,-1,-1
4107,0.004107000,-0.067399200,-0.341700000,0.000000000,0,0,0,-1,-1
4108,0.004108000,-0.067420800,-0.334104000,0.000000000,0,0,0,-1,-1
4109,0.004109000,-0.067442400,-0.326508000,0.000000000,0,0,0,-1,-1
4110,0.004110000,-0.067465200,-0.318912000,5.000000000,1,1,0,120,0
4111,0.004111000,-0.067486800,-0.311316000,0.000000000,0,0,0,-1,-1
4112,0.004112000,-0.067508400,-0.303732000,0.000000000,0,0,0,-1,-1
4113,0.004113000,-0.067530000,-0.296136000,0.000000000,0,0,0,-1,-1
4114,0.004114000,-0.067551600,-0.288540000,0.000000000,0,0,0,-1,-1
4115,0.004115000,-0.067573200,-0.280944000,0.000000000,0,0,0,-1,-1
4116,0.004116000,-0.067594800,-0.273348000,0.000000000,0,0,0,-1,-1
4117,0.004117000,-0.067617600,-0.265764000,0.000000000,0,0,0,-1,-1
4118,0.004118000,-0.067639200,-0.258168000,0.000000000,0,0,0,-1,-1
4119,0.004119000,-0.067660800,-0.250572000,0.000000000,0,0,0,-1,-1
4120,0.004120000,-0.067682400,-0.242976000,0.000000000,0,0,0,-1,-1
4121,0.004121000,-0.067704000,-0.235392000,0.000000000,0,0,0,-1,-1
4122,0.004122000,-0.067725600,-0.227796000,0.000000000,0,0,0,-1,-1
4123,0.004123000,-0.067747200,-0.220200000,0.000000000,0,0,0,-1,-1
4124,0.004124000,-0.067770000,-0.212604000,0.000000000,0,0,0,-1,-1
4125,0.004125000,-0.067791600,-0.205008000,0.000000000,0,0,0,-1,-1
4126,0.004126000,-0.067813200,-0.197424000,0.000000000,0,0,0,-1,-1
4127,0.004127000,-0.067834800,-0.189828000,0.000000000,0,0,0,-1,-1
4128,0.004128000,-0.067856400,-0.182232000,0.000000000,0,0,0,-1,-1
4129,0.004129000,-0.067878000,-0.174636000,0.000000000,0,0,0,-1,-1
4130,0.004130000,-0.067899600,-0.167052000,0.000000000,0,0,0,-1,-1
4131,0.004131000,-0.067922400,-0.159456000,0.000000000,0,0,0,-1,-1
4132,0.004132000,-0.067944000,-0.151860000,0.000000000,0,0,0,-1,-1
4133,0.004133000,-0.067965600,-0.144264000,5.000000000,1,1,0,121,0
4134,0.004134000,-0.067987200,-0.136668000,0.000000000,0,0,0,-1,-1
4135,0.004135000,-0.068008800,-0.129084000,0.000000000,0,0,0,-1,-1
4136,0.004136000,-0.068030400,-0.121488000,0.000000000,0,0,0,-1,-1
4137,0.004137000,-0.068052000,-0.113894400,0.000000000,0,0,0,-1,-1
4138,0.004138000,-0.068074800,-0.106300800,0.000000000,0,0,0,-1,-1
4139,0.004139000,-0.068096400,-0.098708400,0.000000000,0,0,0,-1,-1
4140,0.004140000,-0.068118000,-0.091114800,0.000000000,0,0,0,-1,-1
4141,0.004141000,-0.068139600,-0.083522400,0.000000000,0,0,0,-1,-1
4142,0.004142000,-0.068161200,-0.075928800,0.000000000,0,0,0,-1,-1
4143,0.004143000,-0.068182800,-0.068336400,0.000000000,0,0,0,-1,-1
4144,0.004144000,-0.068204400,-0.060742800,0.000000000,0,0,0,-1,-1
4145,0.004145000,-0.068227200,-0.053150400,0.000000000,0,0,0,-1,-1
4146,0.004146000,-0.068248800,-0.045556800,0.000000000,0,0,0,-1,-1
4147,0.004147000,-0.068270400,-0.037964400,0.000000000,0,0,0,-1,-1
4148,0.004148000,-0.068292000,-0.030370800,0.000000000,0,0,0,-1,-1
4149,0.004149000,-0.068313600,-0.022778400,0.000000000,0,0,0,-1,-1
4150,0.004150000,-0.068335200,-0.015186000,0.000000000,0,0,0,-1,-1
4151,0.004151000,-0.068356800,-0.007592760,0.000000000,0,0,0,-1,-1
4152,0.004152000,-0.068379600,0.000000000,0.000000000,0,0,0,-1,-1
4153,0.004153000,-0.068401200,0.007592760,0.000000000,0,0,0,-1,-1
4154,0.004154000,-0.068422800,0.015186000,0.000000000,0,0,0,-1,-1
4155,0.004155000,-0.068444400,0.022778400,0.000000000,0,0,0,-1,-1
4156,0.004156000,-0.068466000,0.030370800,5.000000000,1,1,0,122,0
4157,0.004157000,-0.068487600,0.037963200,0.000000000,0,0,0,-1,-1
4158,0.004158000,-0.068509200,0.045556800,0.000000000,0,0,0,-1,-1
4159,0.004159000,-0.068532000,0.053149200,0.000000000,0,0,0,-1,-1
4160,0.004160000,-0.068553600,0.060741600,0.000000000,0,0,0,-1,-1
4161,0.004161000,-0.068575200,0.068334000,0.000000000,0,0,0,-1,-1
4162,0.004162000,-0.068596800,0.075927600,0.000000000,0,0,0,-1,-1
4163,0.004163000,-0.068618400,0.083520000,0.000000000,0,0,0,-1,-1
4164,0.004164000,-0.068640000,0.091112400,0.000000000,0,0,0,-1,-1
4165,0.004165000,-0.068661600,0.098704800,0.000000000,0,0,0,-1,-1
4166,0.004166000,-0.068684400,0.106297200,0.000000000,0,0,0,-1,-1
4167,0.004167000,-0.068706000,0.113889600,0.000000000,0,0,0,-1,-1
4168,0.004168000,-0.068727600,0.121488000,0.000000000,0,0,0,-1,-1
4169,0.004169000,-0.068749200,0.129072000,0.000000000,0,0,0,-1,-1
4170,0.004170000,-0.068770800,0.136668000,0.000000000,0,0,0,-1,-1
4171,0.004171000,-0.068792400,0.144264000,0.000000000,0,0,0,-1,-1
4172,0.004172000,-0.068814000,0.151848000,0.000000000,0,0,0,-1,-1
4173,0.004173000,-0.068836800,0.159444000,0.000000000,0,0,0,-1,-1
4174,0.004174000,-0.068858400,0.167040000,0.000000000,0,0,0,-1,-1
4175,0.004175000,-0.068880000,0.174624000,0.000000000,0,0,0,-1,-1
4176,0.004176000,-0.068901600,0.182220000,0.000000000,0,0,0,-1,-1
4177,0.004177000,-0.068923200,0.189816000,0.000000000,0,0,0,-1,-1
4178,0.004178000,-0.068944800,0.197412000,0.000000000,0,0,0,-1,-1
4179,0.004179000,-0.068966400,0.204996000,5.000000000,1,1,0,123,0
4180,0.004180000,-0.068989200,0.212592000,0.000000000,0,0,0,-1,-1
4181,0.004181000,-0.069010800,0.220188000,0.000000000,0,0,0,-1,-1
4182,0.004182000,-0.069032400,0.227772000,0.000000000,0,0,0,-1,-1
4183,0.004183000,-0.069054000,0.235368000,0.000000000,0,0,0,-1,-1
4184,0.004184000,-0.069075600,0.242964000,0.000000000,0,0,0,-1,-1
4185,0.004185000,-0.069097200,0.250548000,0.000000000,0,0,0,-1,-1
4186,0.004186000,-0.069118800,0.258144000,0.000000000,0,0,0,-1,-1
4187,0.004187000,-0.069141600,0.265740000,0.000000000,0,0,0,-1,-1
4188,0.004188000,-0.069163200,0.273324000,0.000000000,0,0,0,-1,-1
4189,0.004189000,-0.069184800,0.280920000,0.000000000,0,0,0,-1,-1
4190,0.004190000,-0.069206400,0.288516000,0.000000000,0,0,0,-1,-1
4191,0.004191000,-0.069228000,0.296100000,0.000000000,0,0,0,-1,-1
4192,0.004192000,-0.069249600,0.303696000,0.000000000,0,0,0,-1,-1
4193,0.004193000,-0.069271200,0.311292000,0.000000000,0,0,0,-1,-1
4194,0.004194000,-0.069294000,0.318876000,0.000000000,0,0,0,-1,-1
4195,0.004195000,-0.069315600,0.326472000,0.000000000,0,0,0,-1,-1
4196,0.004196000,-0.069337200,0.334068000,0.000000000,0,0,0,-1,-1
4197,0.004197000,-0.069358800,0.341652000,0.000000000,0,0,0,-1,-1
4198,0.004198000,-0.069380400,0.349248000,0.000000000,0,0,0,-1,-1
4199,0.004199000,-0.069402000,0.356844000,0.000000000,0,0,0,-1,-1
4200,0.004200000,-0.069423600,0.364428000,0.000000000,0,0,0,-1,-1
4201,0.004201000,-0.069446400,0.372024000,0.000000000,0,0,0,-1,-1
4202,0.004202000,-0.069468000,0.379620000,5.000000000,1,1,0,124,0
4203,0.004203000,-0.069489600,0.387204000,0.000000000,0,0,0,-1,-1
4204,0.004204000,-0.069511200,0.394800000,0.000000000,0,0,0,-1,-1
4205,0.004205000,-0.069532800,0.402396000,0.000000000,0,0,0,-1,-1
4206,0.004206000,-0.069554400,0.409980000,0.000000000,0,0,0,-1,-1
4207,0.004207000,-0.069576000,0.417576000,0.000000000,0,0,0,-1,-1
4208,0.004208000,-0.069598800,0.425172000,0.000000000,0,0,0,-1,-1
4209,0.004209000,-0.069620400,0.432756000,0.000000000,0,0,0,-1,-1
4210,0.004210000,-0.069642000,0.440352000,0.000000000,0,0,0,-1,-1
4211,0.004211000,-0.069663600,0.447948000,0.000000000,0,0,0,-1,-1
4212,0.004212000,-0.069685200,0.455532000,0.000000000,0,0,0,-1,-1
4213,0.004213000,-0.069706800,0.463128000,0.000000000,0,0,0,-1,-1
4214,0.004214000,-0.069728400,0.470712000,0.000000000,0,0,0,-1,-1
4215,0.004215000,-0.069751200,0.478308000,0.000000000,0,0,0,-1,-1
4216,0.004216000,-0.069772800,0.485904000,0.000000000,0,0,0,-1,-1
4217,0.004217000,-0.069794400,0.493488000,0.000000000,0,0,0,-1,-1
4218,0.004218000,-0.069816000,0.501084000,0.000000000,0,0,0,-1,-1
4219,0.004219000,-0.069837600,0.508680000,0.000000000,0,0,0,-1,-1
4220,0.004220000,-0.069859200,0.516264000,0.000000000,0,0,0,-1,-1
4221,0.004221000,-0.069880800,0.523860000,0.000000000,0,0,0,-1,-1
4222,0.004222000,-0.069902400,0.531456000,0.000000000,0,0,0,-1,-1
4223,0.004223000,-0.069925200,0.539040000,0.000000000,0,0,0,-1,-1
4224,0.004224000,-0.069946800,0.546636000,0.000000000,0,0,0,-1,-1
4225,0.004225000,-0.069968400,0.554220000,5.000000000,1,1,0,125,0
4226,0.004226000,-0.069990000,0.561816000,0.000000000,0,0,0,-1,-1
4227,0.004227000,-0.070011600,0.569412000,0.000000000,0,0,0,-1,-1
4228,0.004228000,-0.070033200,0.576996000,0.000000000,0,0,0,-1,-1
4229,0.004229000,-0.070054800,0.584592000,0.000000000,0,0,0,-1,-1
4230,0.004230000,-0.070077600,0.592176000,0.000000000,0,0,0,-1,-1
4231,0.004231000,-0.070099200,0.599772000,0.000000000,0,0,0,-1,-1
4232,0.004232000,-0.070120800,0.607368000,0.000000000,0,0,0,-1,-1
4233,0.004233000,-0.070142400,0.614952000,0.000000000,0,0,0,-1,-1
4234,0.004234000,-0.070164000,0.622548000,0.000000000,0,0,0,-1,-1
4235,0.004235000,-0.070185600,0.630132000,0.000000000,0,0,0,-1,-1
4236,0.004236000,-0.070207200,0.637728000,0.000000000,0,0,0,-1,-1
4237,0.004237000,-0.070230000,0.645324000,0.000000000,0,0,0,-1,-1
4238,0.004238000,-0.070251600,0.652908000,0.000000000,0,0,0,-1,-1
4239,0.004239000,-0.070273200,0.660504000,0.000000000,0,0,0,-1,-1
4240,0.004240000,-0.070294800,0.668088000,0.000000000,0,0,0,-1,-1
4241,0.004241000,-0.070316400,0.675684000,0.000000000,0,0,0,-1,-1
4242,0.004242000,-0.070338000,0.683280000,0.000000000,0,0,0,-1,-1
4243,0.004243000,-0.070359600,0.690864000,0.000000000,0,0,0,-1,-1
4244,0.004244000,-0.070382400,0.698460000,0.000000000,0,0,0,-1,-1
4245,0.004245000,-0.070404000,0.706044000,0.000000000,0,0,0,-1,-1
4246,0.004246000,-0.070425600,0.713640000,0.000000000,0,0,0,-1,-1
4247,0.004247000,-0.070447200,0.721236000,0.000000000,0,0,0,-1,-1
4248,0.004248000,-0.070468800,0.728820000,5.000000000,1,1,0,126,0
4249,0.004249000,-0.070490400,0.736416000,0.000000000,0,0,0,-1,-1
4250,0.004250000,-0.070512000,0.744000000,0.000000000,0,0,0,-1,-1
4251,0.004251000,-0.070534800,0.751596000,0.000000000,0,0,0,-1,-1
4252,0.004252000,-0.070556400,0.759192000,0.000000000,0,0,0,-1,-1
4253,0.004253000,-0.070578000,0.766776000,0.000000000,0,0,0,-1,-1
4254,0.004254000,-0.070599600,0.774372000,0.000000000,0,0,0,-1,-1
4255,0.004255000,-0.070621200,0.781956000,0.000000000,0,0,0,-1,-1
4256,0.004256000,-0.070642800,0.789552000,0.000000000,0,0,0,-1,-1
4257,0.004257000,-0.070664400,0.797136000,0.000000000,0,0,0,-1,-1
4258,0.004258000,-0.070686000,0.804732000,0.000000000,0,0,0,-1,-1
4259,0.004259000,-0.070708800,0.812328000,0.000000000,0,0,0,-1,-1
4260,0.004260000,-0.070730400,0.819912000,0.000000000,0,0,0,-1,-1
4261,0.004261000,-0.070752000,0.827508000,0.000000000,0,0,0,-1,-1
4262,0.004262000,-0.070773600,0.835092000,0.000000000,0,0,0,-1,-1
4263,0.004263000,-0.070795200,0.842688000,0.000000000,0,0,0,-1,-1
4264,0.004264000,-0.070816800,0.850272000,0.000000000,0,0,0,-1,-1
4265,0.004265000,-0.070838400,0.857868000,0.000000000,0,0,0,-1,-1
4266,0.004266000,-0.070861200,0.865452000,0.000000000,0,0,0,-1,-1
4267,0.004267000,-0.070882800,0.873048000,0.000000000,0,0,0,-1,-1
4268,0.004268000,-0.070904400,0.880644000,0.000000000,0,0,0,-1,-1
4269,0.004269000,-0.070926000,0.888228000,0.000000000,0,0,0,-1,-1
4270,0.004270000,-0.070947600,0.895824000,0.000000000,0,0,0,-1,-1
4271,0.004271000,-0.070969200,0.903408000,5.000000000,1,1,0,127,0
4272,0.004272000,-0.070990800,0.911004000,0.000000000,0,0,0,-1,-1
4273,0.004273000,-0.071013600,0.918588000,0.000000000,0,0,0,-1,-1
4274,0.004274000,-0.071035200,0.926184000,0.000000000,0,0,0,-1,-1
4275,0.004275000,-0.071056800,0.933768000,0.000000000,0,0,0,-1,-1
4276,0.004276000,-0.071078400,0.941364000,0.000000000,0,0,0,-1,-1
4277,0.004277000,-0.071100000,0.948948000,0.000000000,0,0,0,-1,-1
4278,0.004278000,-0.071121600,0.956544000,0.000000000,0,0,0,-1,-1
4279,0.004279000,-0.071143200,0.964140000,0.000000000,0,0,0,-1,-1
4280,0.004280000,-0.071166000,0.971724000,0.000000000,0,0,0,-1,-1
4281,0.004281000,-0.071187600,0.979320000,0.000000000,0,0,0,-1,-1
4282,0.004282000,-0.071209200,0.986904000,0.000000000,0,0,0,-1,-1
4283,0.004283000,-0.071230800,0.994500000,0.000000000,0,0,0,-1,-1
4284,0.004284000,-0.071252400,1.002084000,0.000000000,0,0,0,-1,-1
4285,0.004285000,-0.071274000,1.009680000,0.000000000,0,0,0,-1,-1
4286,0.004286000,-0.071295600,1.017264000,0.000000000,0,0,0,-1,-1
4287,0.004287000,-0.071317200,1.024860000,0.000000000,0,0,0,-1,-1
4288,0.004288000,-0.071340000,1.032444000,0.000000000,0,0,0,-1,-1
4289,0.004289000,-0.071361600,1.040040000,0.000000000,0,0,0,-1,-1
4290,0.004290000,-0.071383200,1.047624000,0.000000000,0,0,0,-1,-1
4291,0.004291000,-0.071404800,1.055220000,0.000000000,0,0,0,-1,-1
4292,0.004292000,-0.071426400,1.062804000,0.000000000,0,0,0,-1,-1
4293,0.004293000,-0.071448000,1.070400000,0.000000000,0,0,0,-1,-1
4294,0.004294000,-0.071469600,1.077984000,0.000000000,0,0,0,-1,-1
4295,0.004295000,-0.071492400,1.085580000,0.000000000,0,0,0,-1,-1
4296,0.004296000,-0.071514000,1.093164000,0.000000000,0,0,0,-1,-1
4297,0.004297000,-0.071535600,1.100760000,0.000000000,0,0,0,-1,-1
4298,0.004298000,-0.071557200,1.108344000,0.000000000,0,0,0,-1,-1
4299,0.004299000,-0.071578800,1.115940000,0.000000000,0,0,0,-1,-1
4300,0.004300000,-0.071600400,1.123524000,0.000000000,0,0,0,-1,-1
4301,0.004301000,-0.071622000,1.131120000,0.000000000,0,0,0,-1,-1
4302,0.004302000,-0.071644800,1.138704000,0.000000000,0,0,0,-1,-1
4303,0.004303000,-0.071666400,1.146300000,0.000000000,0,0,0,-1,-1
4304,0.004304000,-0.071688000,1.153884000,0.000000000,0,0,0,-1,-1
4305,0.004305000,-0.071709600,1.161480000,0.000000000,0,0,0,-1,-1
4306,0.004306000,-0.071731200,1.169064000,0.000000000,0,0,0,-1,-1
4307,0.004307000,-0.071752800,1.176660000,0.000000000,0,0,0,-1,-1
4308,0.004308000,-0.071774400,1.184244000,0.000000000,0,0,0,-1,-1
4309,0.004309000,-0.071796000,1.191840000,0.000000000,0,0,0,-1,-1
4310,0.004310000,-0.071818800,1.199424000,0.000000000,0,0,0,-1,-1
4311,0.004311000,-0.071840400,1.206960000,0.000000000,0,0,0,-1,-1
4312,0.004312000,-0.071862000,1.214640000,0.000000000,0,0,0,-1,-1
4313,0.004313000,-0.071883600,1.222200000,0.000000000,0,0,0,-1,-1
4314,0.004314000,-0.071905200,1.229760000,0.000000000,0,0,0,-1,-1
4315,0.004315000,-0.071926800,1.237320000,0.000000000,0,0,0,-1,-1
4316,0.004316000,-0.071948400,1.245000000,0.000000000,0,0,0,-1,-1
4317,0.004317000,-0.071971200,1.252560000,0.000000000,0,0,0,-1,-1
4318,0.004318000,-0.071992800,1.260120000,0.000000000,0,0,0,-1,-1
4319,0.004319000,-0.072014400,1.267680000,0.000000000,0,0,0,-1,-1
4320,0.004320000,-0.072036000,1.275360000,0.000000000,0,0,0,-1,-1
4321,0.004321000,-0.072057600,1.282920000,0.000000000,0,0,0,-1,-1
4322,0.004322000,-0.072079200,1.290480000,0.000000000,0,0,0,-1,-1
4323,0.004323000,-0.072100800,1.298040000,0.000000000,0,0,0,-1,-1
4324,0.004324000,-0.072123600,1.305720000,0.000000000,0,0,0,-1,-1
4325,0.004325000,-0.072145200,1.313280000,0.000000000,0,0,0,-1,-1
4326,0.004326000,-0.072166800,1.320840000,0.000000000,0,0,0,-1,-1
4327,0.004327000,-0.072188400,1.328400000,0.000000000,0,0,0,-1,-1
4328,0.004328000,-0.072210000,1.336080000,0.000000000,0,0,0,-1,-1
4329,0.004329000,-0.072231600,1.343640000,0.000000000,0,0,0,-1,-1
4330,0.004330000,-0.072253200,1.351200000,0.000000000,0,0,0,-1,-1
4331,0.004331000,-0.072274800,1.358760000,0.000000000,0,0,0,-1,-1
4332,0.004332000,-0.072297600,1.366440000,0.000000000,0,0,0,-1,-1
4333,0.004333000,-0.072319200,1.374000000,0.000000000,0,0,0,-1,-1
4334,0.004334000,-0.072340800,1.381560000,0.000000000,0,0,0,-1,-1
4335,0.004335000,-0.072362400,1.389120000,0.000000000,0,0,0,-1,-1
4336,0.004336000,-0.072384000,1.396800000,0.000000000,0,0,0,-1,-1
4337,0.004337000,-0.072405600,1.404360000,0.000000000,0,0,0,-1,-1
4338,0.004338000,-0.072427200,1.411920000,0.000000000,0,0,0,-1,-1
4339,0.004339000,-0.072450000,1.419480000,0.000000000,0,0,0,-1,-1
4340,0.004340000,-0.072471600,1.427160000,0.000000000,0,0,0,-1,-1
4341,0.004341000,-0.072493200,1.434720000,0.000000000,0,0,0,-1,-1
4342,0.004342000,-0.072514800,1.442280000,0.000000000,0,0,0,-1,-1
4343,0.004343000,-0.072536400,1.449840000,0.000000000,0,0,0,-1,-1
4344,0.004344000,-0.072558000,1.457520000,0.000000000,0,0,0,-1,-1
4345,0.004345000,-0.072579600,1.465080000,0.000000000,0,0,0,-1,-1
4346,0.004346000,-0.072601200,1.472640000,0.000000000,0,0,0,-1,-1
4347,0.004347000,-0.072624000,1.480200000,0.000000000,0,0,0,-1,-1
4348,0.004348000,-0.072645600,1.487880000,0.000000000,0,0,0,-1,-1
4349,0.004349000,-0.072667200,1.495440000,0.000000000,0,0,0,-1,-1
4350,0.004350000,-0.072688800,1.503000000,0.000000000,0,0,0,-1,-1
4351,0.004351000,-0.072710400,1.510560000,0.000000000,0,0,0,-1,-1
4352,0.004352000,-0.072732000,1.518240000,0.000000000,0,0,0,-1,-1
4353,0.004353000,-0.072753600,1.525800000,0.000000000,0,0,0,-1,-1
4354,0.004354000,-0.072776400,1.533360000,0.000000000,0,0,0,-1,-1
4355,0.004355000,-0.072798000,1.540920000,0.000000000,0,0,0,-1,-1
4356,0.004356000,-0.072819600,1.548600000,0.000000000,0,0,0,-1,-1
4357,0.004357000,-0.072841200,1.556160000,0.000000000,0,0,0,-1,-1
4358,0.004358000,-0.072862800,1.563720000,0.000000000,0,0,0,-1,-1
4359,0.004359000,-0.072884400,1.571280000,0.000000000,0,0,0,-1,-1
4360,0.004360000,-0.072906000,1.578840000,0.000000000,0,0,0,-1,-1
4361,0.004361000,-0.072928800,1.586520000,0.000000000,0,0,0,-1,-1
4362,0.004362000,-0.072950400,1.594080000,0.000000000,0,0,0,-1,-1
4363,0.004363000,-0.072972000,1.601640000,0.000000000,0,0,0,-1,-1
4364,0.004364000,-0.072993600,1.609200000,0.000000000,0,0,0,-1,-1
4365,0.004365000,-0.073015200,1.616880000,0.000000000,0,0,0,-1,-1
4366,0.004366000,-0.073036800,1.624440000,0.000000000,0,0,0,-1,-1
4367,0.004367000,-0.073058400,1.632000000,0.000000000,0,0,0,-1,-1
4368,0.004368000,-0.073080000,1.639560000,0.000000000,0,0,0,-1,-1
4369,0.004369000,-0.073102800,1.647240000,0.000000000,0,0,0,-1,-1
4370,0.004370000,-0.073124400,1.654800000,0.000000000,0,0,0,-1,-1
4371,0.004371000,-0.073146000,1.662360000,0.000000000,0,0,0,-1,-1
4372,0.004372000,-0.073167600,1.669920000,0.000000000,0,0,0,-1,-1
4373,0.004373000,-0.073189200,1.677600000,0.000000000,0,0,0,-1,-1
4374,0.004374000,-0.073210800,1.685160000,0.000000000,0,0,0,-1,-1
4375,0.004375000,-0.073232400,1.692720000,0.000000000,0,0,0,-1,-1
4376,0.004376000,-0.073255200,1.700280000,0.000000000,0,0,0,-1,-1
4377,0.004377000,-0.073276800,1.707960000,0.000000000,0,0,0,-1,-1
4378,0.004378000,-0.073298400,1.715520000,0.000000000,0,0,0,-1,-1
4379,0.004379000,-0.073320000,1.723080000,0.000000000,0,0,0,-1,-1
4380,0.004380000,-0.073341600,1.730640000,0.000000000,0,0,0,-1,-1
4381,0.004381000,-0.069055200,1.737360000,0.000000000,0,0,0,-1,-1
4382,0.004382000,-0.069076800,1.744920000,0.000000000,0,0,0,-1,-1
4383,0.004383000,-0.069098400,1.752480000,0.000000000,0,0,0,-1,-1
4384,0.004384000,-0.064815600,1.759200000,0.000000000,0,0,0,-1,-1
4385,0.004385000,-0.064837200,1.766760000,0.000000000,0,0,0,-1,-1
4386,0.004386000,-0.060560400,1.773360000,0.000000000,0,0,0,-1,-1
4387,0.004387000,-0.056286000,1.780080000,0.000000000,0,0,0,-1,-1
4388,0.004388000,-0.052017600,1.786680000,0.000000000,0,0,0,-1,-1
4389,0.004389000,-0.047752800,1.793400000,0.000000000,0,0,0,-1,-1
4390,0.004390000,-0.043492800,1.800000000,0.000000000,0,0,0,-1,-1
4391,0.004391000,-0.039216000,1.799040000,0.000000000,0,0,0,-1,-1
4392,0.004392000,-0.034964400,1.805640000,0.000000000,0,0,0,-1,-1
4393,0.004393000,-0.030696000,1.804680000,0.000000000,0,0,0,-1,-1
4394,0.004394000,-0.026432400,1.803720000,0.000000000,0,0,0,-1,-1
4395,0.004395000,-0.022194000,1.810320000,0.000000000,0,0,0,-1,-1
4396,0.004396000,-0.017938800,1.809480000,0.000000000,0,0,0,-1,-1
4397,0.004397000,-0.013688400,1.808520000,0.000000000,0,0,0,-1,-1
4398,0.004398000,-0.009442320,1.807560000,0.000000000,0,0,0,-1,-1
4399,0.004399000,-0.005200440,1.806600000,0.000000000,0,0,0,-1,-1
4400,0.004400000,-0.000963024,1.805640000,0.000000000,0,0,0,-1,-1
4401,0.004401000,0.003270120,1.804800000,0.000000000,0,0,0,-1,-1
4402,0.004402000,0.007520400,1.796280000,0.000000000,0,0,0,-1,-1
4403,0.004403000,0.011744760,1.795320000,0.000000000,0,0,0,-1,-1
4404,0.004404000,0.015964800,1.794480000,0.000000000,0,0,0,-1,-1
4405,0.004405000,0.020202000,1.785960000,0.000000000,0,0,0,-1,-1
4406,0.004406000,0.024412800,1.785120000,0.000000000,0,0,0,-1,-1
4407,0.004407000,0.028641600,1.776720000,0.000000000,0,0,0,-1,-1
4408,0.004408000,0.032865600,1.768320000,0.000000000,0,0,0,-1,-1
4409,0.004409000,0.037086000,1.759920000,0.000000000,0,0,0,-1,-1
4410,0.004410000,0.041301600,1.751520000,0.000000000,0,0,0,-1,-1
4411,0.004411000,0.045512400,1.743120000,0.000000000,0,0,0,-1,-1
4412,0.004412000,0.045534000,1.735560000,0.000000000,0,0,0,-1,-1
4413,0.004413000,0.049740000,1.727280000,0.000000000,0,0,0,-1,-1
4414,0.004414000,0.049761600,1.719720000,0.000000000,0,0,0,-1,-1
4415,0.004415000,0.049783200,1.712280000,0.000000000,0,0,0,-1,-1
4416,0.004416000,0.053985600,1.704000000,0.000000000,0,0,0,-1,-1
4417,0.004417000,0.054007200,1.696440000,0.000000000,0,0,0,-1,-1
4418,0.004418000,0.054028800,1.689000000,0.000000000,0,0,0,-1,-1
4419,0.004419000,0.054050400,1.681560000,0.000000000,0,0,0,-1,-1
4420,0.004420000,0.054072000,1.674000000,5.000000000,1,1,0,128,0
4421,0.004421000,0.054093600,1.666560000,0.000000000,0,0,0,-1,-1
4422,0.004422000,0.054115200,1.659120000,0.000000000,0,0,0,-1,-1
4423,0.004423000,0.054136800,1.651680000,0.000000000,0,0,0,-1,-1
4424,0.004424000,0.054158400,1.644120000,0.000000000,0,0,0,-1,-1
4425,0.004425000,0.054180000,1.636680000,0.000000000,0,0,0,-1,-1
4426,0.004426000,0.054201600,1.629240000,0.000000000,0,0,0,-1,-1
4427,0.004427000,0.054223200,1.621800000,0.000000000,0,0,0,-1,-1
4428,0.004428000,0.054244800,1.614240000,0.000000000,0,0,0,-1,-1
4429,0.004429000,0.054266400,1.606800000,0.000000000,0,0,0,-1,-1
4430,0.004430000,0.054288000,1.599360000,0.000000000,0,0,0,-1,-1
4431,0.004431000,0.054309600,1.591920000,0.000000000,0,0,0,-1,-1
4432,0.004432000,0.054331200,1.584360000,0.000000000,0,0,0,-1,-1
4433,0.004433000,0.054352800,1.576920000,0.000000000,0,0,0,-1,-1
4434,0.004434000,0.054374400,1.569480000,0.000000000,0,0,0,-1,-1
4435,0.004435000,0.054396000,1.562040000,0.000000000,0,0,0,-1,-1
4436,0.004436000,0.054417600,1.554480000,0.000000000,0,0,0,-1,-1
4437,0.004437000,0.054439200,1.547040000,0.000000000,0,0,0,-1,-1
4438,0.004438000,0.054460800,1.539600000,0.000000000,0,0,0,-1,-1
4439,0.004439000,0.054482400,1.532040000,0.000000000,0,0,0,-1,-1
4440,0.004440000,0.054504000,1.524600000,0.000000000,0,0,0,-1,-1
4441,0.004441000,0.054525600,1.517160000,0.000000000,0,0,0,-1,-1
4442,0.004442000,0.054547200,1.509720000,5.000000000,1,1,0,129,0
4443,0.004443000,0.054568800,1.502160000,0.000000000,0,0,0,-1,-1
4444,0.004444000,0.054590400,1.494720000,0.000000000,0,0,0,-1,-1
4445,0.004445000,0.054612000,1.487280000,0.000000000,0,0,0,-1,-1
4446,0.004446000,0.054633600,1.479840000,0.000000000,0,0,0,-1,-1
4447,0.004447000,0.054655200,1.472280000,0.000000000,0,0,0,-1,-1
4448,0.004448000,0.054676800,1.464840000,0.000000000,0,0,0,-1,-1
4449,0.004449000,0.054698400,1.457400000,0.000000000,0,0,0,-1,-1
4450,0.004450000,0.054720000,1.449960000,0.000000000,0,0,0,-1,-1
4451,0.004451000,0.054741600,1.442400000,0.000000000,0,0,0,-1,-1
4452,0.004452000,0.054763200,1.434960000,0.000000000,0,0,0,-1,-1
4453,0.004453000,0.054784800,1.427520000,0.000000000,0,0,0,-1,-1
4454,0.004454000,0.054806400,1.419960000,0.000000000,0,0,0,-1,-1
4455,0.004455000,0.054828000,1.412520000,0.000000000,0,0,0,-1,-1
4456,0.004456000,0.054849600,1.405080000,0.000000000,0,0,0,-1,-1
4457,0.004457000,0.054871200,1.397640000,0.000000000,0,0,0,-1,-1
4458,0.004458000,0.054892800,1.390080000,0.000000000,0,0,0,-1,-1
4459,0.004459000,0.054914400,1.382640000,0.000000000,0,0,0,-1,-1
4460,0.004460000,0.054936000,1.375200000,0.000000000,0,0,0,-1,-1
4461,0.004461000,0.054957600,1.367760000,0.000000000,0,0,0,-1,-1
4462,0.004462000,0.054979200,1.360200000,0.000000000,0,0,0,-1,-1
4463,0.004463000,0.055000800,1.352760000,0.000000000,0,0,0,-1,-1
4464,0.004464000,0.055022400,1.345320000,5.000000000,1,1,0,130,0
4465,0.004465000,0.055044000,1.337880000,0.000000000,0,0,0,-1,-1
4466,0.004466000,0.055065600,1.330320000,0.000000000,0,0,0,-1,-1
4467,0.004467000,0.055087200,1.322880000,0.000000000,0,0,0,-1,-1
4468,0.004468000,0.055108800,1.315440000,0.000000000,0,0,0,-1,-1
4469,0.004469000,0.055130400,1.307880000,0.000000000,0,0,0,-1,-1
4470,0.004470000,0.055152000,1.300440000,0.000000000,0,0,0,-1,-1
4471,0.004471000,0.055173600,1.293000000,0.000000000,0,0,0,-1,-1
4472,0.004472000,0.055195200,1.285560000,0.000000000,0,0,0,-1,-1
4473,0.004473000,0.055216800,1.278000000,0.000000000,0,0,0,-1,-1
4474,0.004474000,0.055237200,1.270560000,0.000000000,0,0,0,-1,-1
4475,0.004475000,0.055258800,1.263120000,0.000000000,0,0,0,-1,-1
4476,0.004476000,0.055280400,1.255680000,0.000000000,0,0,0,-1,-1
4477,0.004477000,0.055302000,1.248120000,0.000000000,0,0,0,-1,-1
4478,0.004478000,0.055323600,1.240680000,0.000000000,0,0,0,-1,-1
4479,0.004479000,0.055345200,1.233240000,0.000000000,0,0,0,-1,-1
4480,0.004480000,0.055366800,1.225680000,0.000000000,0,0,0,-1,-1
4481,0.004481000,0.055388400,1.218240000,0.000000000,0,0,0,-1,-1
4482,0.004482000,0.055410000,1.210800000,0.000000000,0,0,0,-1,-1
4483,0.004483000,0.055431600,1.203360000,0.000000000,0,0,0,-1,-1
4484,0.004484000,0.055453200,1.195848000,0.000000000,0,0,0,-1,-1
4485,0.004485000,0.055474800,1.188372000,0.000000000,0,0,0,-1,-1
4486,0.004486000,0.055496400,1.180908000,5.000000000,1,1,0,131,0
4487,0.004487000,0.055518000,1.173432000,0.000000000,0,0,0,-1,-1
4488,0.004488000,0.055539600,1.165956000,0.000000000,0,0,0,-1,-1
4489,0.004489000,0.055561200,1.158480000,0.000000000,0,0,0,-1,-1
4490,0.004490000,0.055582800,1.151016000,0.000000000,0,0,0,-1,-1
4491,0.004491000,0.055604400,1.143540000,0.000000000,0,0,0,-1,-1
4492,0.004492000,0.055626000,1.136064000,0.000000000,0,0,0,-1,-1
4493,0.004493000,0.055647600,1.128600000,0.000000000,0,0,0,-1,-1
4494,0.004494000,0.055669200,1.121124000,0.000000000,0,0,0,-1,-1
4495,0.004495000,0.055690800,1.113648000,0.000000000,0,0,0,-1,-1
4496,0.004496000,0.055712400,1.106172000,0.000000000,0,0,0,-1,-1
4497,0.004497000,0.055734000,1.098708000,0.000000000,0,0,0,-1,-1
4498,0.004498000,0.055755600,1.091232000,0.000000000,0,0,0,-1,-1
4499,0.004499000,0.055777200,1.083756000,0.000000000,0,0,0,-1,-1
4500,0.004500000,0.055798800,1.076280000,0.000000000,0,0,0,-1,-1
4501,0.004501000,0.055820400,1.068816000,0.000000000,0,0,0,-1,-1
4502,0.004502000,0.055842000,1.061340000,0.000000000,0,0,0,-1,-1
4503,0.004503000,0.055863600,1.053864000,0.000000000,0,0,0,-1,-1
4504,0.004504000,0.055885200,1.046388000,0.000000000,0,0,0,-1,-1
4505,0.004505000,0.055906800,1.038924000,0.000000000,0,0,0,-1,-1
4506,0.004506000,0.055928400,1.031448000,0.000000000,0,0,0,-1,-1
4507,0.004507000,0.055950000,1.023972000,0.000000000,0,0,0,-1,-1
4508,0.004508000,0.055971600,1.016496000,5.000000000,1,1,0,132,0
4509,0.004509000,0.055993200,1.009032000,0.000000000,0,0,0,-1,-1
4510,0.004510000,0.056014800,1.001556000,0.000000000,0,0,0,-1,-1
4511,0.004511000,0.056036400,0.994080000,0.000000000,0,0,0,-1,-1
4512,0.004512000,0.056058000,0.986604000,0.000000000,0,0,0,-1,-1
4513,0.004513000,0.056079600,0.979140000,0.000000000,0,0,0,-1,-1
4514,0.004514000,0.056101200,0.971664000,0.000000000,0,0,0,-1,-1
4515,0.004515000,0.056122800,0.964188000,0.000000000,0,0,0,-1,-1
4516,0.004516000,0.056144400,0.956712000,0.000000000,0,0,0,-1,-1
4517,0.004517000,0.056166000,0.949248000,0.000000000,0,0,0,-1,-1
4518,0.004518000,0.056187600,0.941772000,0.000000000,0,0,0,-1,-1
4519,0.004519000,0.056209200,0.934296000,0.000000000,0,0,0,-1,-1
4520,0.004520000,0.056230800,0.926820000,0.000000000,0,0,0,-1,-1
4521,0.004521000,0.056252400,0.919356000,0.000000000,0,0,0,-1,-1
4522,0.004522000,0.056274000,0.911880000,0.000000000,0,0,0,-1,-1
4523,0.004523000,0.056295600,0.904404000,0.000000000,0,0,0,-1,-1
4524,0.004524000,0.056317200,0.896928000,0.000000000,0,0,0,-1,-1
4525,0.004525000,0.056338800,0.889452000,0.000000000,0,0,0,-1,-1
4526,0.004526000,0.056360400,0.881988000,0.000000000,0,0,0,-1,-1
4527,0.004527000,0.056382000,0.874512000,0.000000000,0,0,0,-1,-1
4528,0.004528000,0.056403600,0.867036000,0.000000000,0,0,0,-1,-1
4529,0.004529000,0.056425200,0.859560000,0.000000000,0,0,0,-1,-1
4530,0.004530000,0.056446800,0.852096000,5.000000000,1,1,0,133,0
4531,0.004531000,0.056468400,0.844620000,0.000000000,0,0,0,-1,-1
4532,0.004532000,0.056490000,0.837144000,0.000000000,0,0,0,-1,-1
4533,0.004533000,0.056511600,0.829668000,0.000000000,0,0,0,-1,-1
4534,0.004534000,0.056533200,0.822192000,0.000000000,0,0,0,-1,-1
4535,0.004535000,0.056554800,0.814728000,0.000000000,0,0,0,-1,-1
4536,0.004536000,0.056576400,0.807252000,0.000000000,0,0,0,-1,-1
4537,0.004537000,0.056598000,0.799776000,0.000000000,0,0,0,-1,-1
4538,0.004538000,0.056619600,0.792300000,0.000000000,0,0,0,-1,-1
4539,0.004539000,0.056641200,0.784824000,0.000000000,0,0,0,-1,-1
4540,0.004540000,0.056662800,0.777360000,0.000000000,0,0,0,-1,-1
4541,0.004541000,0.056684400,0.769884000,0.000000000,0,0,0,-1,-1
4542,0.004542000,0.056706000,0.762408000,0.000000000,0,0,0,-1,-1
4543,0.004543000,0.056727600,0.754932000,0.000000000,0,0,0,-1,-1
4544,0.004544000,0.056749200,0.747456000,0.000000000,0,0,0,-1,-1
4545,0.004545000,0.056770800,0.739992000,0.000000000,0,0,0,-1,-1
4546,0.004546000,0.056792400,0.732516000,0.000000000,0,0,0,-1,-1
4547,0.004547000,0.056814000,0.725040000,0.000000000,0,0,0,-1,-1
4548,0.004548000,0.056834400,0.717564000,0.000000000,0,0,0,-1,-1
4549,0.004549000,0.056856000,0.710088000,0.000000000,0,0,0,-1,-1
4550,0.004550000,0.056877600,0.702612000,0.000000000,0,0,0,-1,-1
4551,0.004551000,0.056899200,0.695148000,0.000000000,0,0,0,-1,-1
4552,0.004552000,0.056920800,0.687672000,5.000000000,1,1,0,134,0
4553,0.004553000,0.056942400,0.680196000,0.000000000,0,0,0,-1,-1
4554,0.004554000,0.056964000,0.672720000,0.000000000,0,0,0,-1,-1
4555,0.004555000,0.056985600,0.665244000,0.000000000,0,0,0,-1,-1
4556,0.004556000,0.057007200,0.657780000,0.000000000,0,0,0,-1,-1
4557,0.004557000,0.057028800,0.650304000,0.000000000,0,0,0,-1,-1
4558,0.004558000,0.057050400,0.642828000,0.000000000,0,0,0,-1,-1
4559,0.004559000,0.057072000,0.635352000,0.000000000,0,0,0,-1,-1
4560,0.004560000,0.057093600,0.627876000,0.000000000,0,0,0,-1,-1
4561,0.004561000,0.057115200,0.620400000,0.000000000,0,0,0,-1,-1
4562,0.004562000,0.057136800,0.612936000,0.000000000,0,0,0,-1,-1
4563,0.004563000,0.057158400,0.605460000,0.000000000,0,0,0,-1,-1
4564,0.004564000,0.057180000,0.597984000,0.000000000,0,0,0,-1,-1
4565,0.004565000,0.057201600,0.590508000,0.000000000,0,0,0,-1,-1
4566,0.004566000,0.057223200,0.583032000,0.000000000,0,0,0,-1,-1
4567,0.004567000,0.057244800,0.575556000,0.000000000,0,0,0,-1,-1
4568,0.004568000,0.057266400,0.568092000,0.000000000,0,0,0,-1,-1
4569,0.004569000,0.057288000,0.560616000,0.000000000,0,0,0,-1,-1
4570,0.004570000,0.057309600,0.553140000,0.000000000,0,0,0,-1,-1
4571,0.004571000,0.057331200,0.545664000,0.000000000,0,0,0,-1,-1
4572,0.004572000,0.057352800,0.538188000,0.000000000,0,0,0,-1,-1
4573,0.004573000,0.057374400,0.530712000,0.000000000,0,0,0,-1,-1
4574,0.004574000,0.057396000,0.523236000,5.000000000,1,1,0,135,0
4575,0.004575000,0.057417600,0.515772000,0.000000000,0,0,0,-1,-1
4576,0.004576000,0.057439200,0.508296000,0.000000000,0,0,0,-1,-1
4577,0.004577000,0.057460800,0.500820000,0.000000000,0,0,0,-1,-1
4578,0.004578000,0.057482400,0.493344000,0.000000000,0,0,0,-1,-1
4579,0.004579000,0.057504000,0.485868000,0.000000000,0,0,0,-1,-1
4580,0.004580000,0.057525600,0.478392000,0.000000000,0,0,0,-1,-1
4581,0.004581000,0.057547200,0.470916000,0.000000000,0,0,0,-1,-1
4582,0.004582000,0.057568800,0.463452000,0.000000000,0,0,0,-1,-1
4583,0.004583000,0.057590400,0.455976000,0.000000000,0,0,0,-1,-1
4584,0.004584000,0.057612000,0.448500000,0.000000000,0,0,0,-1,-1
4585,0.004585000,0.057633600,0.441024000,0.000000000,0,0,0,-1,-1
4586,0.004586000,0.057655200,0.433548000,0.000000000,0,0,0,-1,-1
4587,0.004587000,0.057676800,0.426072000,0.000000000,0,0,0,-1,-1
4588,0.004588000,0.057698400,0.418596000,0.000000000,0,0,0,-1,-1
4589,0.004589000,0.057720000,0.411120000,0.000000000,0,0,0,-1,-1
4590,0.004590000,0.057741600,0.403656000,0.000000000,0,0,0,-1,-1
4591,0.004591000,0.057763200,0.396180000,0.000000000,0,0,0,-1,-1
4592,0.004592000,0.057784800,0.388704000,0.000000000,0,0,0,-1,-1
4593,0.004593000,0.057806400,0.381228000,0.000000000,0,0,0,-1,-1
4594,0.004594000,0.057828000,0.373752000,0.000000000,0,0,0,-1,-1
4595,0.004595000,0.057849600,0.366276000,0.000000000,0,0,0,-1,-1
4596,0.004596000,0.057871200,0.358800000,5.000000000,1,1,0,136,0
4597,0.004597000,0.057892800,0.351324000,0.000000000,0,0,0,-1,-1
4598,0.004598000,0.057914400,0.343860000,0.000000000,0,0,0,-1,-1
4599,0.004599000,0.057936000,0.336384000,0.000000000,0,0,0,-1,-1
4600,0.004600000,0.057957600,0.328908000,0.000000000,0,0,0,-1,-1
4601,0.004601000,0.057979200,0.321432000,0.000000000,0,0,0,-1,-1
4602,0.004602000,0.058000800,0.313956000,0.000000000,0,0,0,-1,-1
4603,0.004603000,0.058022400,0.306480000,0.000000000,0,0,0,-1,-1
4604,0.004604000,0.058044000,0.299004000,0.000000000,0,0,0,-1,-1
4605,0.004605000,0.058065600,0.291528000,0.000000000,0,0,0,-1,-1
4606,0.004606000,0.058087200,0.284052000,0.000000000,0,0,0,-1,-1
4607,0.004607000,0.058108800,0.276576000,0.000000000,0,0,0,-1,-1
4608,0.004608000,0.058130400,0.269112000,0.000000000,0,0,0,-1,-1
4609,0.004609000,0.058152000,0.261636000,0.000000000,0,0,0,-1,-1
4610,0.004610000,0.058173600,0.254160000,0.000000000,0,0,0,-1,-1
4611,0.004611000,0.058195200,0.246684000,0.000000000,0,0,0,-1,-1
4612,0.004612000,0.058216800,0.239208000,0.000000000,0,0,0,-1,-1
4613,0.004613000,0.058238400,0.231732000,0.000000000,0,0,0,-1,-1
4614,0.004614000,0.058260000,0.224256000,0.000000000,0,0,0,-1,-1
4615,0.004615000,0.058281600,0.216780000,0.000000000,0,0,0,-1,-1
4616,0.004616000,0.058303200,0.209304000,0.000000000,0,0,0,-1,-1
4617,0.004617000,0.058324800,0.201828000,0.000000000,0,0,0,-1,-1
4618,0.004618000,0.058346400,0.194352000,5.000000000,1,1,0,137,0
4619,0.004619000,0.058368000,0.186888000,0.000000000,0,0,0,-1,-1
4620,0.004620000,0.058389600,0.179412000,0.000000000,0,0,0,-1,-1
4621,0.004621000,0.058411200,0.171936000,0.000000000,0,0,0,-1,-1
4622,0.004622000,0.058432800,0.164460000,0.000000000,0,0,0,-1,-1
4623,0.004623000,0.058454400,0.156984000,0.000000000,0,0,0,-1,-1
4624,0.004624000,0.058476000,0.149508000,0.000000000,0,0,0,-1,-1
4625,0.004625000,0.058497600,0.142032000,0.000000000,0,0,0,-1,-1
4626,0.004626000,0.058519200,0.134556000,0.000000000,0,0,0,-1,-1
4627,0.004627000,0.058540800,0.127080000,0.000000000,0,0,0,-1,-1
4628,0.004628000,0.058562400,0.119606400,0.000000000,0,0,0,-1,-1
4629,0.004629000,0.058584000,0.112130400,0.000000000,0,0,0,-1,-1
4630,0.004630000,0.058605600,0.104655600,0.000000000,0,0,0,-1,-1
4631,0.004631000,0.058627200,0.097179600,0.000000000,0,0,0,-1,-1
4632,0.004632000,0.058648800,0.089704800,0.000000000,0,0,0,-1,-1
4633,0.004633000,0.058670400,0.082230000,0.000000000,0,0,0,-1,-1
4634,0.004634000,0.058692000,0.074754000,0.000000000,0,0,0,-1,-1
4635,0.004635000,0.058713600,0.067279200,0.000000000,0,0,0,-1,-1
4636,0.004636000,0.058735200,0.059803200,0.000000000,0,0,0,-1,-1
4637,0.004637000,0.058756800,0.052328400,0.000000000,0,0,0,-1,-1
4638,0.004638000,0.058778400,0.044852400,0.000000000,0,0,0,-1,-1
4639,0.004639000,0.058800000,0.037377600,0.000000000,0,0,0,-1,-1
4640,0.004640000,0.058821600,0.029901600,5.000000000,1,1,0,138,0
4641,0.004641000,0.058843200,0.022426800,0.000000000,0,0,0,-1,-1
4642,0.004642000,0.058864800,0.014950800,0.000000000,0,0,0,-1,-1
4643,0.004643000,0.058886400,0.007475520,0.000000000,0,0,0,-1,-1
4644,0.004644000,0.058908000,0.000000000,0.000000000,0,0,0,-1,-1
4645,0.004645000,0.058929600,-0.007475520,0.000000000,0,0,0,-1,-1
4646,0.004646000,0.058951200,-0.014950800,0.000000000,0,0,0,-1,-1
4647,0.004647000,0.058972800,-0.022426800,0.000000000,0,0,0,-1,-1
4648,0.004648000,0.058994400,-0.029902800,0.000000000,0,0,0,-1,-1
4649,0.004649000,0.059016000,-0.037377600,0.000000000,0,0,0,-1,-1
4650,0.004650000,0.059037600,-0.044853600,0.000000000,0,0,0,-1,-1
4651,0.004651000,0.059059200,-0.052329600,0.000000000,0,0,0,-1,-1
4652,0.004652000,0.059079600,-0.059804400,0.000000000,0,0,0,-1,-1
4653,0.004653000,0.059101200,-0.067280400,0.000000000,0,0,0,-1,-1
4654,0.004654000,0.059122800,-0.074756400,0.000000000,0,0,0,-1,-1
4655,0.004655000,0.059144400,-0.082231200,0.000000000,0,0,0,-1,-1
4656,0.004656000,0.059166000,-0.089707200,0.000000000,0,0,0,-1,-1
4657,0.004657000,0.059187600,-0.097183200,0.000000000,0,0,0,-1,-1
4658,0.004658000,0.059209200,-0.104659200,0.000000000,0,0,0,-1,-1
4659,0.004659000,0.059230800,-0.112135200,0.000000000,0,0,0,-1,-1
4660,0.004660000,0.059252400,-0.119610000,0.000000000,0,0,0,-1,-1
4661,0.004661000,0.059274000,-0.127092000,0.000000000,0,0,0,-1,-1
4662,0.004662000,0.059295600,-0.134568000,5.000000000,1,1,0,139,0
4663,0.004663000,0.059317200,-0.142044000,0.000000000,0,0,0,-1,-1
4664,0.004664000,0.059338800,-0.149508000,0.000000000,0,0,0,-1,-1
4665,0.004665000,0.059360400,-0.156984000,0.000000000,0,0,0,-1,-1
4666,0.004666000,0.059382000,-0.164460000,0.000000000,0,0,0,-1,-1
4667,0.004667000,0.059403600,-0.171936000,0.000000000,0,0,0,-1,-1
4668,0.004668000,0.059425200,-0.179412000,0.000000000,0,0,0,-1,-1
4669,0.004669000,0.059446800,-0.186888000,0.000000000,0,0,0,-1,-1
4670,0.004670000,0.059468400,-0.194364000,0.000000000,0,0,0,-1,-1
4671,0.004671000,0.059490000,-0.201840000,0.000000000,0,0,0,-1,-1
4672,0.004672000,0.059511600,-0.209316000,0.000000000,0,0,0,-1,-1
4673,0.004673000,0.059533200,-0.216792000,0.000000000,0,0,0,-1,-1
4674,0.004674000,0.059554800,-0.224268000,0.000000000,0,0,0,-1,-1
4675,0.004675000,0.059576400,-0.231744000,0.000000000,0,0,0,-1,-1
4676,0.004676000,0.059598000,-0.239220000,0.000000000,0,0,0,-1,-1
4677,0.004677000,0.059619600,-0.246696000,0.000000000,0,0,0,-1,-1
4678,0.004678000,0.059641200,-0.254184000,0.000000000,0,0,0,-1,-1
4679,0.004679000,0.059662800,-0.261660000,0.000000000,0,0,0,-1,-1
4680,0.004680000,0.059684400,-0.269136000,0.000000000,0,0,0,-1,-1
4681,0.004681000,0.059706000,-0.276612000,0.000000000,0,0,0,-1,-1
4682,0.004682000,0.059727600,-0.284088000,0.000000000,0,0,0,-1,-1
4683,0.004683000,0.059749200,-0.291564000,0.000000000,0,0,0,-1,-1
4684,0.004684000,0.059770800,-0.299040000,5.000000000,1,1,0,140,0
4685,0.004685000,0.059792400,-0.306516000,0.000000000,0,0,0,-1,-1
4686,0.004686000,0.059814000,-0.313992000,0.000000000,0,0,0,-1,-1
4687,0.004687000,0.059835600,-0.321468000,0.000000000,0,0,0,-1,-1
4688,0.004688000,0.059857200,-0.328944000,0.000000000,0,0,0,-1,-1
4689,0.004689000,0.059878800,-0.336420000,0.000000000,0,0,0,-1,-1
4690,0.004690000,0.059900400,-0.343896000,0.000000000,0,0,0,-1,-1
4691,0.004691000,0.059922000,-0.351372000,0.000000000,0,0,0,-1,-1
4692,0.004692000,0.059943600,-0.358848000,0.000000000,0,0,0,-1,-1
4693,0.004693000,0.059965200,-0.366324000,0.000000000,0,0,0,-1,-1
4694,0.004694000,0.059986800,-0.373800000,0.000000000,0,0,0,-1,-1
4695,0.004695000,0.060008400,-0.381276000,0.000000000,0,0,0,-1,-1
4696,0.004696000,0.060030000,-0.388752000,0.000000000,0,0,0,-1,-1
4697,0.004697000,0.060051600,-0.396228000,0.000000000,0,0,0,-1,-1
4698,0.004698000,0.060073200,-0.403704000,0.000000000,0,0,0,-1,-1
4699,0.004699000,0.060094800,-0.411180000,0.000000000,0,0,0,-1,-1
4700,0.004700000,0.060116400,-0.418656000,0.000000000,0,0,0,-1,-1
4701,0.004701000,0.060138000,-0.426132000,0.000000000,0,0,0,-1,-1
4702,0.004702000,0.060159600,-0.433608000,0.000000000,0,0,0,-1,-1
4703,0.004703000,0.060181200,-0.441084000,0.000000000,0,0,0,-1,-1
4704,0.004704000,0.060202800,-0.448560000,0.000000000,0,0,0,-1,-1
4705,0.004705000,0.060224400,-0.456036000,0.000000000,0,0,0,-1,-1
4706,0.004706000,0.060246000,-0.463512000,5.000000000,1,1,0,141,0
4707,0.004707000,0.060267600,-0.470988000,0.000000000,0,0,0,-1,-1
4708,0.004708000,0.060289200,-0.478476000,0.000000000,0,0,0,-1,-1
4709,0.004709000,0.060310800,-0.485952000,0.000000000,0,0,0,-1,-1
4710,0.004710000,0.060332400,-0.493428000,0.000000000,0,0,0,-1,-1
4711,0.004711000,0.060354000,-0.500904000,0.000000000,0,0,0,-1,-1
4712,0.004712000,0.060375600,-0.508380000,0.000000000,0,0,0,-1,-1
4713,0.004713000,0.060397200,-0.515856000,0.000000000,0,0,0,-1,-1
4714,0.004714000,0.060418800,-0.523332000,0.000000000,0,0,0,-1,-1
4715,0.004715000,0.060440400,-0.530808000,0.000000000,0,0,0,-1,-1
4716,0.004716000,0.060462000,-0.538284000,0.000000000,0,0,0,-1,-1
4717,0.004717000,0.060483600,-0.545760000,0.000000000,0,0,0,-1,-1
4718,0.004718000,0.060505200,-0.553236000,0.000000000,0,0,0,-1,-1
4719,0.004719000,0.060526800,-0.560712000,0.000000000,0,0,0,-1,-1
4720,0.004720000,0.060548400,-0.568188000,0.000000000,0,0,0,-1,-1
4721,0.004721000,0.060570000,-0.575664000,0.000000000,0,0,0,-1,-1
4722,0.004722000,0.060591600,-0.583140000,0.000000000,0,0,0,-1,-1
4723,0.004723000,0.060613200,-0.590628000,0.000000000,0,0,0,-1,-1
4724,0.004724000,0.060634800,-0.598104000,0.000000000,0,0,0,-1,-1
4725,0.004725000,0.060656400,-0.605580000,0.000000000,0,0,0,-1,-1
4726,0.004726000,0.060678000,-0.613056000,0.000000000,0,0,0,-1,-1
4727,0.004727000,0.060699600,-0.620532000,0.000000000,0,0,0,-1,-1
4728,0.004728000,0.060721200,-0.628008000,5.000000000,1,1,0,142,0
4729,0.004729000,0.060742800,-0.635484000,0.000000000,0,0,0,-1,-1
4730,0.004730000,0.060764400,-0.642960000,0.000000000,0,0,0,-1,-1
4731,0.004731000,0.060786000,-0.650436000,0.000000000,0,0,0,-1,-1
4732,0.004732000,0.060807600,-0.657912000,0.000000000,0,0,0,-1,-1
4733,0.004733000,0.060829200,-0.665388000,0.000000000,0,0,0,-1,-1
4734,0.004734000,0.060850800,-0.672876000,0.000000000,0,0,0,-1,-1
4735,0.004735000,0.060872400,-0.680352000,0.000000000,0,0,0,-1,-1
4736,0.004736000,0.060894000,-0.687828000,0.000000000,0,0,0,-1,-1
4737,0.004737000,0.060915600,-0.695304000,0.000000000,0,0,0,-1,-1
4738,0.004738000,0.060937200,-0.702780000,0.000000000,0,0,0,-1,-1
4739,0.004739000,0.060958800,-0.710256000,0.000000000,0,0,0,-1,-1
4740,0.004740000,0.060980400,-0.717732000,0.000000000,0,0,0,-1,-1
4741,0.004741000,0.061002000,-0.725208000,0.000000000,0,0,0,-1,-1
4742,0.004742000,0.061023600,-0.732684000,0.000000000,0,0,0,-1,-1
4743,0.004743000,0.061045200,-0.740160000,0.000000000,0,0,0,-1,-1
4744,0.004744000,0.061066800,-0.747648000,0.000000000,0,0,0,-1,-1
4745,0.004745000,0.061088400,-0.755124000,0.000000000,0,0,0,-1,-1
4746,0.004746000,0.061110000,-0.762600000,0.000000000,0,0,0,-1,-1
4747,0.004747000,0.061131600,-0.770076000,0.000000000,0,0,0,-1,-1
4748,0.004748000,0.061153200,-0.777552000,0.000000000,0,0,0,-1,-1
4749,0.004749000,0.061174800,-0.785028000,0.000000000,0,0,0,-1,-1
4750,0.004750000,0.061196400,-0.792504000,5.000000000,1,1,0,143,0
4751,0.004751000,0.061218000,-0.799980000,0.000000000,0,0,0,-1,-1
4752,0.004752000,0.061239600,-0.807468000,0.000000000,0,0,0,-1,-1
4753,0.004753000,0.061261200,-0.814944000,0.000000000,0,0,0,-1,-1
4754,0.004754000,0.061282800,-0.822420000,0.000000000,0,0,0,-1,-1
4755,0.004755000,0.061304400,-0.829896000,0.000000000,0,0,0,-1,-1
4756,0.004756000,0.061326000,-0.837372000,0.000000000,0,0,0,-1,-1
4757,0.004757000,0.061347600,-0.844848000,0.000000000,0,0,0,-1,-1
4758,0.004758000,0.061369200,-0.852324000,0.000000000,0,0,0,-1,-1
4759,0.004759000,0.061390800,-0.859800000,0.000000000,0,0,0,-1,-1
4760,0.004760000,0.061412400,-0.867288000,0.000000000,0,0,0,-1,-1
4761,0.004761000,0.061434000,-0.874764000,0.000000000,0,0,0,-1,-1
4762,0.004762000,0.061455600,-0.882240000,0.000000000,0,0,0,-1,-1
4763,0.004763000,0.061477200,-0.889716000,0.000000000,0,0,0,-1,-1
4764,0.004764000,0.061498800,-0.897192000,0.000000000,0,0,0,-1,-1
4765,0.004765000,0.061520400,-0.904668000,0.000000000,0,0,0,-1,-1
4766,0.004766000,0.061542000,-0.912144000,0.000000000,0,0,0,-1,-1
4767,0.004767000,0.061563600,-0.919632000,0.000000000,0,0,0,-1,-1
4768,0.004768000,0.061585200,-0.927108000,0.000000000,0,0,0,-1,-1
4769,0.004769000,0.061606800,-0.934584000,0.000000000,0,0,0,-1,-1
4770,0.004770000,0.061628400,-0.942060000,0.000000000,0,0,0,-1,-1
4771,0.004771000,0.061650000,-0.949536000,0.000000000,0,0,0,-1,-1
4772,0.004772000,0.061671600,-0.957012000,0.000000000,0,0,0,-1,-1
4773,0.004773000,0.061693200,-0.964488000,0.000000000,0,0,0,-1,-1
4774,0.004774000,0.061714800,-0.971976000,0.000000000,0,0,0,-1,-1
4775,0.004775000,0.061736400,-0.979452000,0.000000000,0,0,0,-1,-1
4776,0.004776000,0.061758000,-0.986928000,0.000000000,0,0,0,-1,-1
4777,0.004777000,0.061779600,-0.994404000,0.000000000,0,0,0,-1,-1
4778,0.004778000,0.061801200,-1.001880000,0.000000000,0,0,0,-1,-1
4779,0.004779000,0.061822800,-1.009356000,0.000000000,0,0,0,-1,-1
4780,0.004780000,0.061844400,-1.016844000,0.000000000,0,0,0,-1,-1
4781,0.004781000,0.061866000,-1.024320000,0.000000000,0,0,0,-1,-1
4782,0.004782000,0.061887600,-1.031796000,0.000000000,0,0,0,-1,-1
4783,0.004783000,0.061909200,-1.039272000,0.000000000,0,0,0,-1,-1
4784,0.004784000,0.061930800,-1.046748000,0.000000000,0,0,0,-1,-1
4785,0.004785000,0.061952400,-1.054224000,0.000000000,0,0,0,-1,-1
4786,0.004786000,0.061974000,-1.061712000,0.000000000,0,0,0,-1,-1
4787,0.004787000,0.061995600,-1.069188000,0.000000000,0,0,0,-1,-1
4788,0.004788000,0.062017200,-1.076664000,0.000000000,0,0,0,-1,-1
4789,0.004789000,0.062038800,-1.084140000,0.000000000,0,0,0,-1,-1
4790,0.004790000,0.062060400,-1.091616000,0.000000000,0,0,0,-1,-1
4791,0.004791000,0.062082000,-1.099104000,0.000000000,0,0,0,-1,-1
4792,0.004792000,0.062103600,-1.106580000,0.000000000,0,0,0,-1,-1
4793,0.004793000,0.062125200,-1.114056000,0.000000000,0,0,0,-1,-1
4794,0.004794000,0.062146800,-1.121532000,0.000000000,0,0,0,-1,-1
4795,0.004795000,0.062168400,-1.129008000,0.000000000,0,0,0,-1,-1
4796,0.004796000,0.062190000,-1.136484000,0.000000000,0,0,0,-1,-1
4797,0.004797000,0.062211600,-1.143972000,0.000000000,0,0,0,-1,-1
4798,0.004798000,0.062233200,-1.151448000,0.000000000,0,0,0,-1,-1
4799,0.004799000,0.062254800,-1.158924000,0.000000000,0,0,0,-1,-1
4800,0.004800000,0.062276400,-1.166400000,0.000000000,0,0,0,-1,-1
4801,0.004801000,0.062298000,-1.173876000,0.000000000,0,0,0,-1,-1
4802,0.004802000,0.062319600,-1.181364000,0.000000000,0,0,0,-1,-1
4803,0.004803000,0.062341200,-1.188840000,0.000000000,0,0,0,-1,-1
4804,0.004804000,0.062362800,-1.196316000,0.000000000,0,0,0,-1,-1
4805,0.004805000,0.062384400,-1.203840000,0.000000000,0,0,0,-1,-1
4806,0.004806000,0.062406000,-1.211280000,0.000000000,0,0,0,-1,-1
4807,0.004807000,0.062427600,-1.218720000,0.000000000,0,0,0,-1,-1
4808,0.004808000,0.062449200,-1.226280000,0.000000000,0,0,0,-1,-1
4809,0.004809000,0.062470800,-1.233720000,0.000000000,0,0,0,-1,-1
4810,0.004810000,0.062492400,-1.241160000,0.000000000,0,0,0,-1,-1
4811,0.004811000,0.062514000,-1.248720000,0.000000000,0,0,0,-1,-1
4812,0.004812000,0.062535600,-1.256160000,0.000000000,0,0,0,-1,-1
4813,0.004813000,0.062557200,-1.263600000,0.000000000,0,0,0,-1,-1
4814,0.004814000,0.062578800,-1.271160000,0.000000000,0,0,0,-1,-1
4815,0.004815000,0.062600400,-1.278600000,0.000000000,0,0,0,-1,-1
4816,0.004816000,0.062622000,-1.286040000,0.000000000,0,0,0,-1,-1
4817,0.004817000,0.062643600,-1.293480000,0.000000000,0,0,0,-1,-1
4818,0.004818000,0.062665200,-1.301040000,0.000000000,0,0,0,-1,-1
4819,0.004819000,0.062686800,-1.308480000,0.000000000,0,0,0,-1,-1
4820,0.004820000,0.062708400,-1.315920000,0.000000000,0,0,0,-1,-1
4821,0.004821000,0.062730000,-1.323480000,0.000000000,0,0,0,-1,-1
4822,0.004822000,0.062751600,-1.330920000,0.000000000,0,0,0,-1,-1
4823,0.004823000,0.062773200,-1.338360000,0.000000000,0,0,0,-1,-1
4824,0.004824000,0.062794800,-1.345920000,0.000000000,0,0,0,-1,-1
4825,0.004825000,0.062816400,-1.353360000,0.000000000,0,0,0,-1,-1
4826,0.004826000,0.062838000,-1.360800000,0.000000000,0,0,0,-1,-1
4827,0.004827000,0.062859600,-1.368360000,0.000000000,0,0,0,-1,-1
4828,0.004828000,0.062881200,-1.375800000,0.000000000,0,0,0,-1,-1
4829,0.004829000,0.062902800,-1.383240000,0.000000000,0,0,0,-1,-1
4830,0.004830000,0.062924400,-1.390800000,0.000000000,0,0,0,-1,-1
4831,0.004831000,0.062946000,-1.398240000,0.000000000,0,0,0,-1,-1
4832,0.004832000,0.062967600,-1.405680000,0.000000000,0,0,0,-1,-1
4833,0.004833000,0.062989200,-1.413240000,0.000000000,0,0,0,-1,-1
4834,0.004834000,0.063010800,-1.420680000,0.000000000,0,0,0,-1,-1
4835,0.004835000,0.063032400,-1.428120000,0.000000000,0,0,0,-1,-1
4836,0.004836000,0.063054000,-1.435680000,0.000000000,0,0,0,-1,-1
4837,0.004837000,0.063075600,-1.443120000,0.000000000,0,0,0,-1,-1
4838,0.004838000,0.063097200,-1.450560000,0.000000000,0,0,0,-1,-1
4839,0.004839000,0.063118800,-1.458120000,0.000000000,0,0,0,-1,-1
4840,0.004840000,0.063140400,-1.465560000,0.000000000,0,0,0,-1,-1
4841,0.004841000,0.063162000,-1.473000000,0.000000000,0,0,0,-1,-1
4842,0.004842000,0.063183600,-1.480560000,0.000000000,0,0,0,-1,-1
4843,0.004843000,0.063205200,-1.488000000,0.000000000,0,0,0,-1,-1
4844,0.004844000,0.063226800,-1.495440000,0.000000000,0,0,0,-1,-1
4845,0.004845000,0.063248400,-1.503000000,0.000000000,0,0,0,-1,-1
4846,0.004846000,0.063270000,-1.510440000,0.000000000,0,0,0,-1,-1
4847,0.004847000,0.063291600,-1.517880000,0.000000000,0,0,0,-1,-1
4848,0.004848000,0.063313200,-1.525440000,0.000000000,0,0,0,-1,-1
4849,0.004849000,0.063334800,-1.532880000,0.000000000,0,0,0,-1,-1
4850,0.004850000,0.063356400,-1.540320000,0.000000000,0,0,0,-1,-1
4851,0.004851000,0.063378000,-1.547880000,0.000000000,0,0,0,-1,-1
4852,0.004852000,0.063399600,-1.555320000,0.000000000,0,0,0,-1,-1
4853,0.004853000,0.063421200,-1.562760000,0.000000000,0,0,0,-1,-1
4854,0.004854000,0.063442800,-1.570320000,0.000000000,0,0,0,-1,-1
4855,0.004855000,0.063464400,-1.577760000,0.000000000,0,0,0,-1,-1
4856,0.004856000,0.063486000,-1.585200000,0.000000000,0,0,0,-1,-1
4857,0.004857000,0.063507600,-1.592640000,0.000000000,0,0,0,-1,-1
4858,0.004858000,0.063529200,-1.600200000,0.000000000,0,0,0,-1,-1
4859,0.004859000,0.063550800,-1.607640000,0.000000000,0,0,0,-1,-1
4860,0.004860000,0.063572400,-1.615080000,0.000000000,0,0,0,-1,-1
4861,0.004861000,0.063594000,-1.622640000,0.000000000,0,0,0,-1,-1
4862,0.004862000,0.063615600,-1.630080000,0.000000000,0,0,0,-1,-1
4863,0.004863000,0.063637200,-1.637520000,0.000000000,0,0,0,-1,-1
4864,0.004864000,0.063658800,-1.645080000,0.000000000,0,0,0,-1,-1
4865,0.004865000,0.063680400,-1.652520000,0.000000000,0,0,0,-1,-1
4866,0.004866000,0.063702000,-1.659960000,0.000000000,0,0,0,-1,-1
4867,0.004867000,0.063723600,-1.667520000,0.000000000,0,0,0,-1,-1
4868,0.004868000,0.063745200,-1.674960000,0.000000000,0,0,0,-1,-1
4869,0.004869000,0.063766800,-1.682400000,0.000000000,0,0,0,-1,-1
4870,0.004870000,0.063788400,-1.689960000,0.000000000,0,0,0,-1,-1
4871,0.004871000,0.063810000,-1.697400000,0.000000000,0,0,0,-1,-1
4872,0.004872000,0.063831600,-1.704840000,0.000000000,0,0,0,-1,-1
4873,0.004873000,0.063853200,-1.712400000,0.000000000,0,0,0,-1,-1
4874,0.004874000,0.063874800,-1.719840000,0.000000000,0,0,0,-1,-1
4875,0.004875000,0.068070000,-1.726440000,0.000000000,0,0,0,-1,-1
4876,0.004876000,0.068091600,-1.733880000,0.000000000,0,0,0,-1,-1
4877,0.004877000,0.068113200,-1.741440000,0.000000000,0,0,0,-1,-1
4878,0.004878000,0.072304800,-1.747920000,0.000000000,0,0,0,-1,-1
4879,0.004879000,0.072326400,-1.755480000,0.000000000,0,0,0,-1,-1
4880,0.004880000,0.076513200,-1.761960000,0.000000000,0,0,0,-1,-1
4881,0.004881000,0.080695200,-1.768560000,0.000000000,0,0,0,-1,-1
4882,0.004882000,0.084873600,-1.775160000,0.000000000,0,0,0,-1,-1
4883,0.004883000,0.089047200,-1.781640000,0.000000000,0,0,0,-1,-1
4884,0.004884000,0.093217200,-1.788240000,0.000000000,0,0,0,-1,-1
4885,0.004885000,0.097360800,-1.787280000,0.000000000,0,0,0,-1,-1
4886,0.004886000,0.101522400,-1.793760000,0.000000000,0,0,0,-1,-1
4887,0.004887000,0.105657600,-1.792920000,0.000000000,0,0,0,-1,-1
4888,0.004888000,0.109788000,-1.791960000,0.000000000,0,0,0,-1,-1
4889,0.004889000,0.113936400,-1.798440000,0.000000000,0,0,0,-1,-1
4890,0.004890000,0.118059600,-1.797600000,0.000000000,0,0,0,-1,-1
4891,0.004891000,0.122172000,-1.796640000,0.000000000,0,0,0,-1,-1
4892,0.004892000,0.126288000,-1.795680000,0.000000000,0,0,0,-1,-1
4893,0.004893000,0.130404000,-1.794840000,0.000000000,0,0,0,-1,-1
4894,0.004894000,0.134508000,-1.793880000,0.000000000,0,0,0,-1,-1
4895,0.004895000,0.138612000,-1.793040000,0.000000000,0,0,0,-1,-1
4896,0.004896000,0.142680000,-1.784640000,0.000000000,0,0,0,-1,-1
4897,0.004897000,0.146784000,-1.783800000,0.000000000,0,0,0,-1,-1
4898,0.004898000,0.150864000,-1.782840000,0.000000000,0,0,0,-1,-1
4899,0.004899000,0.154932000,-1.774560000,0.000000000,0,0,0,-1,-1
4900,0.004900000,0.159012000,-1.773600000,0.000000000,0,0,0,-1,-1
4901,0.004901000,0.163068000,-1.765320000,0.000000000,0,0,0,-1,-1
4902,0.004902000,0.167124000,-1.757040000,0.000000000,0,0,0,-1,-1
4903,0.004903000,0.171168000,-1.748760000,0.000000000,0,0,0,-1,-1
4904,0.004904000,0.175212000,-1.740480000,0.000000000,0,0,0,-1,-1
4905,0.004905000,0.179244000,-1.732320000,0.000000000,0,0,0,-1,-1
4906,0.004906000,0.179220000,-1.724880000,0.000000000,0,0,0,-1,-1
4907,0.004907000,0.183264000,-1.716600000,0.000000000,0,0,0,-1,-1
4908,0.004908000,0.183240000,-1.709280000,0.000000000,0,0,0,-1,-1
4909,0.004909000,0.183216000,-1.701960000,0.000000000,0,0,0,-1,-1
4910,0.004910000,0.187248000,-1.693680000,0.000000000,0,0,0,-1,-1
4911,0.004911000,0.187224000,-1.686360000,0.000000000,0,0,0,-1,-1
4912,0.004912000,0.187200000,-1.678920000,0.000000000,0,0,0,-1,-1
4913,0.004913000,0.187188000,-1.671600000,0.000000000,0,0,0,-1,-1
4914,0.004914000,0.187164000,-1.664160000,5.000000000,1,1,0,144,0
4915,0.004915000,0.187140000,-1.656840000,0.000000000,0,0,0,-1,-1
4916,0.004916000,0.187116000,-1.649520000,0.000000000,0,0,0,-1,-1
4917,0.004917000,0.187092000,-1.642080000,0.000000000,0,0,0,-1,-1
4918,0.004918000,0.187080000,-1.634760000,0.000000000,0,0,0,-1,-1
4919,0.004919000,0.187056000,-1.627440000,0.000000000,0,0,0,-1,-1
4920,0.004920000,0.187032000,-1.620000000,0.000000000,0,0,0,-1,-1
4921,0.004921000,0.187008000,-1.612680000,0.000000000,0,0,0,-1,-1
4922,0.004922000,0.186996000,-1.605240000,0.000000000,0,0,0,-1,-1
4923,0.004923000,0.186972000,-1.597920000,0.000000000,0,0,0,-1,-1
4924,0.004924000,0.186948000,-1.590600000,0.000000000,0,0,0,-1,-1
4925,0.004925000,0.186924000,-1.583160000,0.000000000,0,0,0,-1,-1
4926,0.004926000,0.186900000,-1.575840000,0.000000000,0,0,0,-1,-1
4927,0.004927000,0.186888000,-1.568520000,0.000000000,0,0,0,-1,-1
4928,0.004928000,0.186864000,-1.561080000,0.000000000,0,0,0,-1,-1
4929,0.004929000,0.186840000,-1.553760000,0.000000000,0,0,0,-1,-1
4930,0.004930000,0.186816000,-1.546320000,0.000000000,0,0,0,-1,-1
4931,0.004931000,0.186792000,-1.539000000,0.000000000,0,0,0,-1,-1
4932,0.004932000,0.186780000,-1.531680000,0.000000000,0,0,0,-1,-1
4933,0.004933000,0.186756000,-1.524240000,0.000000000,0,0,0,-1,-1
4934,0.004934000,0.186732000,-1.516920000,0.000000000,0,0,0,-1,-1
4935,0.004935000,0.186708000,-1.509600000,5.000000000,1,1,0,145,0
4936,0.004936000,0.186696000,-1.502160000,0.000000000,0,0,0,-1,-1
4937,0.004937000,0.186672000,-1.494840000,0.000000000,0,0,0,-1,-1
4938,0.004938000,0.186648000,-1.487400000,0.000000000,0,0,0,-1,-1
4939,0.004939000,0.186624000,-1.480080000,0.000000000,0,0,0,-1,-1
4940,0.004940000,0.186600000,-1.472760000,0.000000000,0,0,0,-1,-1
4941,0.004941000,0.186588000,-1.465320000,0.000000000,0,0,0,-1,-1
4942,0.004942000,0.186564000,-1.458000000,0.000000000,0,0,0,-1,-1
4943,0.004943000,0.186540000,-1.450560000,0.000000000,0,0,0,-1,-1
4944,0.004944000,0.186516000,-1.443240000,0.000000000,0,0,0,-1,-1
4945,0.004945000,0.186492000,-1.435920000,0.000000000,0,0,0,-1,-1
4946,0.004946000,0.186480000,-1.428480000,0.000000000,0,0,0,-1,-1
4947,0.004947000,0.186456000,-1.421160000,0.000000000,0,0,0,-1,-1
4948,0.004948000,0.186432000,-1.413840000,0.000000000,0,0,0,-1,-1
4949,0.004949000,0.186408000,-1.406400000,0.000000000,0,0,0,-1,-1
4950,0.004950000,0.186396000,-1.399080000,0.000000000,0,0,0,-1,-1
4951,0.004951000,0.186372000,-1.391640000,0.000000000,0,0,0,-1,-1
4952,0.004952000,0.186348000,-1.384320000,0.000000000,0,0,0,-1,-1
4953,0.004953000,0.186324000,-1.377000000,0.000000000,0,0,0,-1,-1
4954,0.004954000,0.186300000,-1.369560000,0.000000000,0,0,0,-1,-1
4955,0.004955000,0.186288000,-1.362240000,0.000000000,0,0,0,-1,-1
4956,0.004956000,0.186264000,-1.354920000,5.000000000,1,1,0,146,0
4957,0.004957000,0.186240000,-1.347480000,0.000000000,0,0,0,-1,-1
4958,0.004958000,0.186216000,-1.340160000,0.000000000,0,0,0,-1,-1
4959,0.004959000,0.186192000,-1.332720000,0.000000000,0,0,0,-1,-1
4960,0.004960000,0.186180000,-1.325400000,0.000000000,0,0,0,-1,-1
4961,0.004961000,0.186156000,-1.318080000,0.000000000,0,0,0,-1,-1
4962,0.004962000,0.186132000,-1.310640000,0.000000000,0,0,0,-1,-1
4963,0.004963000,0.186108000,-1.303320000,0.000000000,0,0,0,-1,-1
4964,0.004964000,0.186096000,-1.296000000,0.000000000,0,0,0,-1,-1
4965,0.004965000,0.186072000,-1.288560000,0.000000000,0,0,0,-1,-1
4966,0.004966000,0.186048000,-1.281240000,0.000000000,0,0,0,-1,-1
4967,0.004967000,0.186024000,-1.273800000,0.000000000,0,0,0,-1,-1
4968,0.004968000,0.186000000,-1.266480000,0.000000000,0,0,0,-1,-1
4969,0.004969000,0.185988000,-1.259160000,0.000000000,0,0,0,-1,-1
4970,0.004970000,0.185964000,-1.251720000,0.000000000,0,0,0,-1,-1
4971,0.004971000,0.185940000,-1.244400000,0.000000000,0,0,0,-1,-1
4972,0.004972000,0.185916000,-1.237080000,0.000000000,0,0,0,-1,-1
4973,0.004973000,0.185892000,-1.229640000,0.000000000,0,0,0,-1,-1
4974,0.004974000,0.185880000,-1.222320000,0.000000000,0,0,0,-1,-1
4975,0.004975000,0.185856000,-1.214880000,0.000000000,0,0,0,-1,-1
4976,0.004976000,0.185832000,-1.207560000,0.000000000,0,0,0,-1,-1
4977,0.004977000,0.185808000,-1.200240000,5.000000000,1,1,0,147,0
4978,0.004978000,0.185796000,-1.192848000,0.000000000,0,0,0,-1,-1
4979,0.004979000,0.185772000,-1.185480000,0.000000000,0,0,0,-1,-1
4980,0.004980000,0.185748000,-1.178112000,0.000000000,0,0,0,-1,-1
4981,0.004981000,0.185724000,-1.170744000,0.000000000,0,0,0,-1,-1
4982,0.004982000,0.185700000,-1.163388000,0.000000000,0,0,0,-1,-1
4983,0.004983000,0.185688000,-1.156020000,0.000000000,0,0,0,-1,-1
4984,0.004984000,0.185664000,-1.148652000,0.000000000,0,0,0,-1,-1
4985,0.004985000,0.185640000,-1.141296000,0.000000000,0,0,0,-1,-1
4986,0.004986000,0.185616000,-1.133928000,0.000000000,0,0,0,-1,-1
4987,0.004987000,0.185592000,-1.126560000,0.000000000,0,0,0,-1,-1
4988,0.004988000,0.185580000,-1.119192000,0.000000000,0,0,0,-1,-1
4989,0.004989000,0.185556000,-1.111836000,0.000000000,0,0,0,-1,-1
4990,0.004990000,0.185532000,-1.104468000,0.000000000,0,0,0,-1,-1
4991,0.004991000,0.185508000,-1.097100000,0.000000000,0,0,0,-1,-1
4992,0.004992000,0.185496000,-1.089744000,0.000000000,0,0,0,-1,-1
4993,0.004993000,0.185472000,-1.082376000,0.000000000,0,0,0,-1,-1
4994,0.004994000,0.185448000,-1.075008000,0.000000000,0,0,0,-1,-1
4995,0.004995000,0.185424000,-1.067652000,0.000000000,0,0,0,-1,-1
4996,0.004996000,0.185400000,-1.060284000,0.000000000,0,0,0,-1,-1
4997,0.004997000,0.185388000,-1.052916000,0.000000000,0,0,0,-1,-1
4998,0.004998000,0.185364000,-1.045548000,5.000000000,1,1,0,148,0
4999,0.004999000,0.185340000,-1.038192000,0.000000000,0,0,0,-1,-1
5000,0.005000000,0.185316000,-1.030824000,0.000000000,0,0,0,-1,-1
5001,0.005001000,0.185292000,-1.023456000,0.000000000,0,0,0,-1,-1
5002,0.005002000,0.185280000,-1.016100000,0.000000000,0,0,0,-1,-1
5003,0.005003000,0.185256000,-1.008732000,0.000000000,0,0,0,-1,-1
5004,0.005004000,0.185232000,-1.001364000,0.000000000,0,0,0,-1,-1
5005,0.005005000,0.185208000,-0.994008000,0.000000000,0,0,0,-1,-1
5006,0.005006000,0.185196000,-0.986640000,0.000000000,0,0,0,-1,-1
5007,0.005007000,0.185172000,-0.979272000,0.000000000,0,0,0,-1,-1
5008,0.005008000,0.185148000,-0.971916000,0.000000000,0,0,0,-1,-1
5009,0.005009000,0.185124000,-0.964548000,0.000000000,0,0,0,-1,-1
5010,0.005010000,0.185100000,-0.957180000,0.000000000,0,0,0,-1,-1
5011,0.005011000,0.185088000,-0.949824000,0.000000000,0,0,0,-1,-1
5012,0.005012000,0.185064000,-0.942456000,0.000000000,0,0,0,-1,-1
5013,0.005013000,0.185040000,-0.935088000,0.000000000,0,0,0,-1,-1
5014,0.005014000,0.185016000,-0.927732000,0.000000000,0,0,0,-1,-1
5015,0.005015000,0.185004000,-0.920364000,0.000000000,0,0,0,-1,-1
5016,0.005016000,0.184980000,-0.912996000,0.000000000,0,0,0,-1,-1
5017,0.005017000,0.184956000,-0.905640000,0.000000000,0,0,0,-1,-1
5018,0.005018000,0.184932000,-0.898272000,0.000000000,0,0,0,-1,-1
5019,0.005019000,0.184908000,-0.890904000,5.000000000,1,1,0,149,0
5020,0.005020000,0.184896000,-0.883548000,0.000000000,0,0,0,-1,-1
5021,0.005021000,0.184872000,-0.876180000,0.000000000,0,0,0,-1,-1
5022,0.005022000,0.184848000,-0.868812000,0.000000000,0,0,0,-1,-1
5023,0.005023000,0.184824000,-0.861456000,0.000000000,0,0,0,-1,-1
5024,0.005024000,0.184800000,-0.854088000,0.000000000,0,0,0,-1,-1
5025,0.005025000,0.184788000,-0.846720000,0.000000000,0,0,0,-1,-1
5026,0.005026000,0.184764000,-0.839364000,0.000000000,0,0,0,-1,-1
5027,0.005027000,0.184740000,-0.831996000,0.000000000,0,0,0,-1,-1
5028,0.005028000,0.184716000,-0.824628000,0.000000000,0,0,0,-1,-1
5029,0.005029000,0.184704000,-0.817272000,0.000000000,0,0,0,-1,-1
5030,0.005030000,0.184680000,-0.809904000,0.000000000,0,0,0,-1,-1
5031,0.005031000,0.184656000,-0.802536000,0.000000000,0,0,0,-1,-1
5032,0.005032000,0.184632000,-0.795180000,0.000000000,0,0,0,-1,-1
5033,0.005033000,0.184608000,-0.787812000,0.000000000,0,0,0,-1,-1
5034,0.005034000,0.184596000,-0.780444000,0.000000000,0,0,0,-1,-1
5035,0.005035000,0.184572000,-0.773088000,0.000000000,0,0,0,-1,-1
5036,0.005036000,0.184548000,-0.765720000,0.000000000,0,0,0,-1,-1
5037,0.005037000,0.184524000,-0.758364000,0.000000000,0,0,0,-1,-1
5038,0.005038000,0.184500000,-0.750996000,0.000000000,0,0,0,-1,-1
5039,0.005039000,0.184488000,-0.743628000,0.000000000,0,0,0,-1,-1
5040,0.005040000,0.184464000,-0.736272000,5.000000000,1,1,0,150,0
5041,0.005041000,0.184440000,-0.728904000,0.000000000,0,0,0,-1,-1
5042,0.005042000,0.184416000,-0.721536000,0.000000000,0,0,0,-1,-1
5043,0.005043000,0.184404000,-0.714180000,0.000000000,0,0,0,-1,-1
5044,0.005044000,0.184380000,-0.706812000,0.000000000,0,0,0,-1,-1
5045,0.005045000,0.184356000,-0.699456000,0.000000000,0,0,0,-1,-1
5046,0.005046000,0.184332000,-0.692088000,0.000000000,0,0,0,-1,-1
5047,0.005047000,0.184308000,-0.684720000,0.000000000,0,0,0,-1,-1
5048,0.005048000,0.184296000,-0.677364000,0.000000000,0,0,0,-1,-1
5049,0.005049000,0.184272000,-0.669996000,0.000000000,0,0,0,-1,-1
5050,0.005050000,0.184248000,-0.662628000,0.000000000,0,0,0,-1,-1
5051,0.005051000,0.184224000,-0.655272000,0.000000000,0,0,0,-1,-1
5052,0.005052000,0.184200000,-0.647904000,0.000000000,0,0,0,-1,-1
5053,0.005053000,0.184188000,-0.640548000,0.000000000,0,0,0,-1,-1
5054,0.005054000,0.184164000,-0.633180000,0.000000000,0,0,0,-1,-1
5055,0.005055000,0.184140000,-0.625812000,0.000000000,0,0,0,-1,-1
5056,0.005056000,0.184116000,-0.618456000,0.000000000,0,0,0,-1,-1
5057,0.005057000,0.184104000,-0.611088000,0.000000000,0,0,0,-1,-1
5058,0.005058000,0.184080000,-0.603732000,0.000000000,0,0,0,-1,-1
5059,0.005059000,0.184056000,-0.596364000,0.000000000,0,0,0,-1,-1
5060,0.005060000,0.184032000,-0.588996000,0.000000000,0,0,0,-1,-1
5061,0.005061000,0.184008000,-0.581640000,5.000000000,1,1,0,151,0
5062,0.005062000,0.183996000,-0.574272000,0.000000000,0,0,0,-1,-1
5063,0.005063000,0.183972000,-0.566916000,0.000000000,0,0,0,-1,-1
5064,0.005064000,0.183948000,-0.559548000,0.000000000,0,0,0,-1,-1
5065,0.005065000,0.183924000,-0.552180000,0.000000000,0,0,0,-1,-1
5066,0.005066000,0.183900000,-0.544824000,0.000000000,0,0,0,-1,-1
5067,0.005067000,0.183888000,-0.537456000,0.000000000,0,0,0,-1,-1
5068,0.005068000,0.183864000,-0.530100000,0.000000000,0,0,0,-1,-1
5069,0.005069000,0.183840000,-0.522732000,0.000000000,0,0,0,-1,-1
5070,0.005070000,0.183816000,-0.515364000,0.000000000,0,0,0,-1,-1
5071,0.005071000,0.183804000,-0.508008000,0.000000000,0,0,0,-1,-1
5072,0.005072000,0.183780000,-0.500640000,0.000000000,0,0,0,-1,-1
5073,0.005073000,0.183756000,-0.493284000,0.000000000,0,0,0,-1,-1
5074,0.005074000,0.183732000,-0.485916000,0.000000000,0,0,0,-1,-1
5075,0.005075000,0.183708000,-0.478560000,0.000000000,0,0,0,-1,-1
5076,0.005076000,0.183696000,-0.471192000,0.000000000,0,0,0,-1,-1
5077,0.005077000,0.183672000,-0.463824000,0.000000000,0,0,0,-1,-1
5078,0.005078000,0.183648000,-0.456468000,0.000000000,0,0,0,-1,-1
5079,0.005079000,0.183624000,-0.449100000,0.000000000,0,0,0,-1,-1
5080,0.005080000,0.183612000,-0.441744000,0.000000000,0,0,0,-1,-1
5081,0.005081000,0.183588000,-0.434376000,0.000000000,0,0,0,-1,-1
5082,0.005082000,0.183564000,-0.427008000,5.000000000,1,1,0,152,0
5083,0.005083000,0.183540000,-0.419652000,0.000000000,0,0,0,-1,-1
5084,0.005084000,0.183516000,-0.412284000,0.000000000,0,0,0,-1,-1
5085,0.005085000,0.183504000,-0.404928000,0.000000000,0,0,0,-1,-1
5086,0.005086000,0.183480000,-0.397560000,0.000000000,0,0,0,-1,-1
5087,0.005087000,0.183456000,-0.390204000,0.000000000,0,0,0,-1,-1
5088,0.005088000,0.183432000,-0.382836000,0.000000000,0,0,0,-1,-1
5089,0.005089000,0.183408000,-0.375480000,0.000000000,0,0,0,-1,-1
5090,0.005090000,0.183396000,-0.368112000,0.000000000,0,0,0,-1,-1
5091,0.005091000,0.183372000,-0.360744000,0.000000000,0,0,0,-1,-1
5092,0.005092000,0.183348000,-0.353388000,0.000000000,0,0,0,-1,-1
5093,0.005093000,0.183324000,-0.346020000,0.000000000,0,0,0,-1,-1
5094,0.005094000,0.183312000,-0.338664000,0.000000000,0,0,0,-1,-1
5095,0.005095000,0.183288000,-0.331296000,0.000000000,0,0,0,-1,-1
5096,0.005096000,0.183264000,-0.323940000,0.000000000,0,0,0,-1,-1
5097,0.005097000,0.183240000,-0.316572000,0.000000000,0,0,0,-1,-1
5098,0.005098000,0.183216000,-0.309216000,0.000000000,0,0,0,-1,-1
5099,0.005099000,0.183204000,-0.301848000,0.000000000,0,0,0,-1,-1
5100,0.005100000,0.183180000,-0.294480000,0.000000000,0,0,0,-1,-1
5101,0.005101000,0.183156000,-0.287124000,0.000000000,0,0,0,-1,-1
5102,0.005102000,0.183132000,-0.279756000,0.000000000,0,0,0,-1,-1
5103,0.005103000,0.183108000,-0.272400000,5.000000000,1,1,0,153,0
5104,0.005104000,0.183096000,-0.265032000,0.000000000,0,0,0,-1,-1
5105,0.005105000,0.183072000,-0.257676000,0.000000000,0,0,0,-1,-1
5106,0.005106000,0.183048000,-0.250308000,0.000000000,0,0,0,-1,-1
5107,0.005107000,0.183024000,-0.242952000,0.000000000,0,0,0,-1,-1
5108,0.005108000,0.183012000,-0.235584000,0.000000000,0,0,0,-1,-1
5109,0.005109000,0.182988000,-0.228228000,0.000000000,0,0,0,-1,-1
5110,0.005110000,0.182964000,-0.220860000,0.000000000,0,0,0,-1,-1
5111,0.005111000,0.182940000,-0.213504000,0.000000000,0,0,0,-1,-1
5112,0.005112000,0.182916000,-0.206136000,0.000000000,0,0,0,-1,-1
5113,0.005113000,0.182904000,-0.198780000,0.000000000,0,0,0,-1,-1
5114,0.005114000,0.182880000,-0.191412000,0.000000000,0,0,0,-1,-1
5115,0.005115000,0.182856000,-0.184056000,0.000000000,0,0,0,-1,-1
5116,0.005116000,0.182832000,-0.176688000,0.000000000,0,0,0,-1,-1
5117,0.005117000,0.182808000,-0.169320000,0.000000000,0,0,0,-1,-1
5118,0.005118000,0.182796000,-0.161964000,0.000000000,0,0,0,-1,-1
5119,0.005119000,0.182772000,-0.154596000,0.000000000,0,0,0,-1,-1
5120,0.005120000,0.182748000,-0.147240000,0.000000000,0,0,0,-1,-1
5121,0.005121000,0.182724000,-0.139872000,0.000000000,0,0,0,-1,-1
5122,0.005122000,0.182712000,-0.132516000,0.000000000,0,0,0,-1,-1
5123,0.005123000,0.182688000,-0.125148000,0.000000000,0,0,0,-1,-1
5124,0.005124000,0.182664000,-0.117790800,5.000000000,1,1,0,154,0
5125,0.005125000,0.182640000,-0.110428800,0.000000000,0,0,0,-1,-1
5126,0.005126000,0.182616000,-0.103066800,0.000000000,0,0,0,-1,-1
5127,0.005127000,0.182604000,-0.095704800,0.000000000,0,0,0,-1,-1
5128,0.005128000,0.182580000,-0.088342800,0.000000000,0,0,0,-1,-1
5129,0.005129000,0.182556000,-0.080980800,0.000000000,0,0,0,-1,-1
5130,0.005130000,0.182532000,-0.073618800,0.000000000,0,0,0,-1,-1
5131,0.005131000,0.182520000,-0.066256800,0.000000000,0,0,0,-1,-1
5132,0.005132000,0.182496000,-0.058894800,0.000000000,0,0,0,-1,-1
5133,0.005133000,0.182472000,-0.051532800,0.000000000,0,0,0,-1,-1
5134,0.005134000,0.182448000,-0.044170800,0.000000000,0,0,0,-1,-1
5135,0.005135000,0.182424000,-0.036808800,0.000000000,0,0,0,-1,-1
5136,0.005136000,0.182412000,-0.029446800,0.000000000,0,0,0,-1,-1
5137,0.005137000,0.182388000,-0.022086000,0.000000000,0,0,0,-1,-1
5138,0.005138000,0.182364000,-0.014724000,0.000000000,0,0,0,-1,-1
5139,0.005139000,0.182340000,-0.007361760,0.000000000,0,0,0,-1,-1
5140,0.005140000,0.182316000,0.000000000,0.000000000,0,0,0,-1,-1
5141,0.005141000,0.182304000,0.007361760,0.000000000,0,0,0,-1,-1
5142,0.005142000,0.182280000,0.014724000,0.000000000,0,0,0,-1,-1
5143,0.005143000,0.182256000,0.022084800,0.000000000,0,0,0,-1,-1
5144,0.005144000,0.182232000,0.029446800,0.000000000,0,0,0,-1,-1
5145,0.005145000,0.182220000,0.036808800,5.000000000,1,1,0,155,0
5146,0.005146000,0.182196000,0.044170800,0.000000000,0,0,0,-1,-1
5147,0.005147000,0.182172000,0.051531600,0.000000000,0,0,0,-1,-1
5148,0.005148000,0.182148000,0.058893600,0.000000000,0,0,0,-1,-1
5149,0.005149000,0.182124000,0.066255600,0.000000000,0,0,0,-1,-1
5150,0.005150000,0.182112000,0.073617600,0.000000000,0,0,0,-1,-1
5151,0.005151000,0.182088000,0.080978400,0.000000000,0,0,0,-1,-1
5152,0.005152000,0.182064000,0.088340400,0.000000000,0,0,0,-1,-1
5153,0.005153000,0.182040000,0.095702400,0.000000000,0,0,0,-1,-1
5154,0.005154000,0.182016000,0.103063200,0.000000000,0,0,0,-1,-1
5155,0.005155000,0.182004000,0.110425200,0.000000000,0,0,0,-1,-1
5156,0.005156000,0.181980000,0.117786000,0.000000000,0,0,0,-1,-1
5157,0.005157000,0.181956000,0.125148000,0.000000000,0,0,0,-1,-1
5158,0.005158000,0.181932000,0.132504000,0.000000000,0,0,0,-1,-1
5159,0.005159000,0.181920000,0.139872000,0.000000000,0,0,0,-1,-1
5160,0.005160000,0.181896000,0.147228000,0.000000000,0,0,0,-1,-1
5161,0.005161000,0.181872000,0.154596000,0.000000000,0,0,0,-1,-1
5162,0.005162000,0.181848000,0.161952000,0.000000000,0,0,0,-1,-1
5163,0.005163000,0.181824000,0.169320000,0.000000000,0,0,0,-1,-1
5164,0.005164000,0.181812000,0.176676000,0.000000000,0,0,0,-1,-1
5165,0.005165000,0.181788000,0.184044000,0.000000000,0,0,0,-1,-1
5166,0.005166000,0.181764000,0.191400000,5.000000000,1,1,0,156,0
5167,0.005167000,0.181740000,0.198768000,0.000000000,0,0,0,-1,-1
5168,0.005168000,0.181716000,0.206124000,0.000000000,0,0,0,-1,-1
5169,0.005169000,0.181704000,0.213480000,0.000000000,0,0,0,-1,-1
5170,0.005170000,0.181680000,0.220848000,0.000000000,0,0,0,-1,-1
5171,0.005171000,0.181656000,0.228204000,0.000000000,0,0,0,-1,-1
5172,0.005172000,0.181632000,0.235572000,0.000000000,0,0,0,-1,-1
5173,0.005173000,0.181620000,0.242928000,0.000000000,0,0,0,-1,-1
5174,0.005174000,0.181596000,0.250296000,0.000000000,0,0,0,-1,-1
5175,0.005175000,0.181572000,0.257652000,0.000000000,0,0,0,-1,-1
5176,0.005176000,0.181548000,0.265008000,0.000000000,0,0,0,-1,-1
5177,0.005177000,0.181524000,0.272376000,0.000000000,0,0,0,-1,-1
5178,0.005178000,0.181512000,0.279732000,0.000000000,0,0,0,-1,-1
5179,0.005179000,0.181488000,0.287100000,0.000000000,0,0,0,-1,-1
5180,0.005180000,0.181464000,0.294456000,0.000000000,0,0,0,-1,-1
5181,0.005181000,0.181440000,0.301824000,0.000000000,0,0,0,-1,-1
5182,0.005182000,0.181428000,0.309180000,0.000000000,0,0,0,-1,-1
5183,0.005183000,0.181404000,0.316536000,0.000000000,0,0,0,-1,-1
5184,0.005184000,0.181380000,0.323904000,0.000000000,0,0,0,-1,-1
5185,0.005185000,0.181356000,0.331260000,0.000000000,0,0,0,-1,-1
5186,0.005186000,0.181332000,0.338628000,0.000000000,0,0,0,-1,-1
5187,0.005187000,0.181320000,0.345984000,5.000000000,1,1,0,157,0
5188,0.005188000,0.181296000,0.353340000,0.000000000,0,0,0,-1,-1
5189,0.005189000,0.181272000,0.360708000,0.000000000,0,0,0,-1,-1
5190,0.005190000,0.181248000,0.368064000,0.000000000,0,0,0,-1,-1
5191,0.005191000,0.181224000,0.375432000,0.000000000,0,0,0,-1,-1
5192,0.005192000,0.181212000,0.382788000,0.000000000,0,0,0,-1,-1
5193,0.005193000,0.181188000,0.390156000,0.000000000,0,0,0,-1,-1
5194,0.005194000,0.181164000,0.397512000,0.000000000,0,0,0,-1,-1
5195,0.005195000,0.181140000,0.404868000,0.000000000,0,0,0,-1,-1
5196,0.005196000,0.181128000,0.412236000,0.000000000,0,0,0,-1,-1
5197,0.005197000,0.181104000,0.419592000,0.000000000,0,0,0,-1,-1
5198,0.005198000,0.181080000,0.426960000,0.000000000,0,0,0,-1,-1
5199,0.005199000,0.181056000,0.434316000,0.000000000,0,0,0,-1,-1
5200,0.005200000,0.181032000,0.441672000,0.000000000,0,0,0,-1,-1
5201,0.005201000,0.181020000,0.449040000,0.000000000,0,0,0,-1,-1
5202,0.005202000,0.180996000,0.456396000,0.000000000,0,0,0,-1,-1
5203,0.005203000,0.180972000,0.463752000,0.000000000,0,0,0,-1,-1
5204,0.005204000,0.180948000,0.471120000,0.000000000,0,0,0,-1,-1
5205,0.005205000,0.180924000,0.478476000,0.000000000,0,0,0,-1,-1
5206,0.005206000,0.180912000,0.485844000,0.000000000,0,0,0,-1,-1
5207,0.005207000,0.180888000,0.493200000,0.000000000,0,0,0,-1,-1
5208,0.005208000,0.180864000,0.500556000,5.000000000,1,1,0,158,0
5209,0.005209000,0.180840000,0.507924000,0.000000000,0,0,0,-1,-1
5210,0.005210000,0.180828000,0.515280000,0.000000000,0,0,0,-1,-1
5211,0.005211000,0.180804000,0.522648000,0.000000000,0,0,0,-1,-1
5212,0.005212000,0.180780000,0.530004000,0.000000000,0,0,0,-1,-1
5213,0.005213000,0.180756000,0.537360000,0.000000000,0,0,0,-1,-1
5214,0.005214000,0.180732000,0.544728000,0.000000000,0,0,0,-1,-1
5215,0.005215000,0.180720000,0.552084000,0.000000000,0,0,0,-1,-1
5216,0.005216000,0.180696000,0.559440000,0.000000000,0,0,0,-1,-1
5217,0.005217000,0.180672000,0.566808000,0.000000000,0,0,0,-1,-1
5218,0.005218000,0.180648000,0.574164000,0.000000000,0,0,0,-1,-1
5219,0.005219000,0.180636000,0.581532000,0.000000000,0,0,0,-1,-1
5220,0.005220000,0.180612000,0.588888000,0.000000000,0,0,0,-1,-1
5221,0.005221000,0.180588000,0.596244000,0.000000000,0,0,0,-1,-1
5222,0.005222000,0.180564000,0.603612000,0.000000000,0,0,0,-1,-1
5223,0.005223000,0.180540000,0.610968000,0.000000000,0,0,0,-1,-1
5224,0.005224000,0.180528000,0.618324000,0.000000000,0,0,0,-1,-1
5225,0.005225000,0.180504000,0.625692000,0.000000000,0,0,0,-1,-1
5226,0.005226000,0.180480000,0.633048000,0.000000000,0,0,0,-1,-1
5227,0.005227000,0.180456000,0.640404000,0.000000000,0,0,0,-1,-1
5228,0.005228000,0.180432000,0.647772000,0.000000000,0,0,0,-1,-1
5229,0.005229000,0.180420000,0.655128000,5.000000000,1,1,0,159,0
5230,0.005230000,0.180396000,0.662484000,0.000000000,0,0,0,-1,-1
5231,0.005231000,0.180372000,0.669852000,0.000000000,0,0,0,-1,-1
5232,0.005232000,0.180348000,0.677208000,0.000000000,0,0,0,-1,-1
5233,0.005233000,0.180336000,0.684576000,0.000000000,0,0,0,-1,-1
5234,0.005234000,0.180312000,0.691932000,0.000000000,0,0,0,-1,-1
5235,0.005235000,0.180288000,0.699288000,0.000000000,0,0,0,-1,-1
5236,0.005236000,0.180264000,0.706656000,0.000000000,0,0,0,-1,-1
5237,0.005237000,0.180240000,0.714012000,0.000000000,0,0,0,-1,-1
5238,0.005238000,0.180228000,0.721368000,0.000000000,0,0,0,-1,-1
5239,0.005239000,0.180204000,0.728736000,0.000000000,0,0,0,-1,-1
5240,0.005240000,0.180180000,0.736092000,0.000000000,0,0,0,-1,-1
5241,0.005241000,0.180156000,0.743448000,0.000000000,0,0,0,-1,-1
5242,0.005242000,0.180132000,0.750816000,0.000000000,0,0,0,-1,-1
5243,0.005243000,0.180120000,0.758172000,0.000000000,0,0,0,-1,-1
5244,0.005244000,0.180096000,0.765528000,0.000000000,0,0,0,-1,-1
5245,0.005245000,0.180072000,0.772896000,0.000000000,0,0,0,-1,-1
5246,0.005246000,0.180048000,0.780252000,0.000000000,0,0,0,-1,-1
5247,0.005247000,0.180036000,0.787608000,0.000000000,0,0,0,-1,-1
5248,0.005248000,0.180012000,0.794976000,0.000000000,0,0,0,-1,-1
5249,0.005249000,0.179988000,0.802332000,0.000000000,0,0,0,-1,-1
5250,0.005250000,0.179964000,0.809688000,0.000000000,0,0,0,-1,-1
5251,0.005251000,0.179940000,0.817056000,0.000000000,0,0,0,-1,-1
5252,0.005252000,0.179928000,0.824412000,0.000000000,0,0,0,-1,-1
5253,0.005253000,0.179904000,0.831768000,0.000000000,0,0,0,-1,-1
5254,0.005254000,0.179880000,0.839124000,0.000000000,0,0,0,-1,-1
5255,0.005255000,0.179856000,0.846492000,0.000000000,0,0,0,-1,-1
5256,0.005256000,0.179844000,0.853848000,0.000000000,0,0,0,-1,-1
5257,0.005257000,0.179820000,0.861204000,0.000000000,0,0,0,-1,-1
5258,0.005258000,0.179796000,0.868572000,0.000000000,0,0,0,-1,-1
5259,0.005259000,0.179772000,0.875928000,0.000000000,0,0,0,-1,-1
5260,0.005260000,0.179748000,0.883284000,0.000000000,0,0,0,-1,-1
5261,0.005261000,0.179736000,0.890652000,0.000000000,0,0,0,-1,-1
5262,0.005262000,0.179712000,0.898008000,0.000000000,0,0,0,-1,-1
5263,0.005263000,0.179688000,0.905364000,0.000000000,0,0,0,-1,-1
5264,0.005264000,0.179664000,0.912732000,0.000000000,0,0,0,-1,-1
5265,0.005265000,0.179640000,0.920088000,0.000000000,0,0,0,-1,-1
5266,0.005266000,0.179628000,0.927444000,0.000000000,0,0,0,-1,-1
5267,0.005267000,0.179604000,0.934800000,0.000000000,0,0,0,-1,-1
5268,0.005268000,0.179580000,0.942168000,0.000000000,0,0,0,-1,-1
5269,0.005269000,0.179556000,0.949524000,0.000000000,0,0,0,-1,-1
5270,0.005270000,0.179544000,0.956880000,0.000000000,0,0,0,-1,-1
5271,0.005271000,0.179520000,0.964248000,0.000000000,0,0,0,-1,-1
5272,0.005272000,0.179496000,0.971604000,0.000000000,0,0,0,-1,-1
5273,0.005273000,0.179472000,0.978960000,0.000000000,0,0,0,-1,-1
5274,0.005274000,0.179448000,0.986316000,0.000000000,0,0,0,-1,-1
5275,0.005275000,0.179436000,0.993684000,0.000000000,0,0,0,-1,-1
5276,0.005276000,0.179412000,1.001040000,0.000000000,0,0,0,-1,-1
5277,0.005277000,0.179388000,1.008396000,0.000000000,0,0,0,-1,-1
5278,0.005278000,0.179364000,1.015764000,0.000000000,0,0,0,-1,-1
5279,0.005279000,0.179340000,1.023120000,0.000000000,0,0,0,-1,-1
5280,0.005280000,0.179328000,1.030476000,0.000000000,0,0,0,-1,-1
5281,0.005281000,0.179304000,1.037832000,0.000000000,0,0,0,-1,-1
5282,0.005282000,0.179280000,1.045200000,0.000000000,0,0,0,-1,-1
5283,0.005283000,0.179256000,1.052556000,0.000000000,0,0,0,-1,-1
5284,0.005284000,0.179244000,1.059912000,0.000000000,0,0,0,-1,-1
5285,0.005285000,0.179220000,1.067280000,0.000000000,0,0,0,-1,-1
5286,0.005286000,0.179196000,1.074636000,0.000000000,0,0,0,-1,-1
5287,0.005287000,0.179172000,1.081992000,0.000000000,0,0,0,-1,-1
5288,0.005288000,0.179148000,1.089348000,0.000000000,0,0,0,-1,-1
5289,0.005289000,0.179136000,1.096716000,0.000000000,0,0,0,-1,-1
5290,0.005290000,0.179112000,1.104072000,0.000000000,0,0,0,-1,-1
5291,0.005291000,0.179088000,1.111428000,0.000000000,0,0,0,-1,-1
5292,0.005292000,0.179064000,1.118784000,0.000000000,0,0,0,-1,-1
5293,0.005293000,0.179052000,1.126152000,0.000000000,0,0,0,-1,-1
5294,0.005294000,0.179028000,1.133508000,0.000000000,0,0,0,-1,-1
5295,0.005295000,0.179004000,1.140864000,0.000000000,0,0,0,-1,-1
5296,0.005296000,0.178980000,1.148220000,0.000000000,0,0,0,-1,-1
5297,0.005297000,0.178956000,1.155588000,0.000000000,0,0,0,-1,-1
5298,0.005298000,0.178944000,1.162944000,0.000000000,0,0,0,-1,-1
5299,0.005299000,0.178920000,1.170300000,0.000000000,0,0,0,-1,-1
5300,0.005300000,0.178896000,1.177656000,0.000000000,0,0,0,-1,-1
5301,0.005301000,0.178872000,1.185024000,0.000000000,0,0,0,-1,-1
5302,0.005302000,0.178848000,1.192380000,0.000000000,0,0,0,-1,-1
5303,0.005303000,0.178836000,1.199736000,0.000000000,0,0,0,-1,-1
5304,0.005304000,0.178812000,1.207080000,0.000000000,0,0,0,-1,-1
5305,0.005305000,0.178788000,1.214400000,0.000000000,0,0,0,-1,-1
5306,0.005306000,0.178764000,1.221840000,0.000000000,0,0,0,-1,-1
5307,0.005307000,0.178752000,1.229160000,0.000000000,0,0,0,-1,-1
5308,0.005308000,0.178728000,1.236480000,0.000000000,0,0,0,-1,-1
5309,0.005309000,0.178704000,1.243920000,0.000000000,0,0,0,-1,-1
5310,0.005310000,0.178680000,1.251240000,0.000000000,0,0,0,-1,-1
5311,0.005311000,0.178656000,1.258560000,0.000000000,0,0,0,-1,-1
5312,0.005312000,0.178644000,1.266000000,0.000000000,0,0,0,-1,-1
5313,0.005313000,0.178620000,1.273320000,0.000000000,0,0,0,-1,-1
5314,0.005314000,0.178596000,1.280640000,0.000000000,0,0,0,-1,-1
5315,0.005315000,0.178572000,1.288080000,0.000000000,0,0,0,-1,-1
5316,0.005316000,0.178548000,1.295400000,0.000000000,0,0,0,-1,-1
5317,0.005317000,0.178536000,1.302720000,0.000000000,0,0,0,-1,-1
5318,0.005318000,0.178512000,1.310160000,0.000000000,0,0,0,-1,-1
5319,0.005319000,0.178488000,1.317480000,0.000000000,0,0,0,-1,-1
5320,0.005320000,0.178464000,1.324800000,0.000000000,0,0,0,-1,-1
5321,0.005321000,0.178452000,1.332240000,0.000000000,0,0,0,-1,-1
5322,0.005322000,0.178428000,1.339560000,0.000000000,0,0,0,-1,-1
5323,0.005323000,0.178404000,1.346880000,0.000000000,0,0,0,-1,-1
5324,0.005324000,0.178380000,1.354320000,0.000000000,0,0,0,-1,-1
5325,0.005325000,0.178356000,1.361640000,0.000000000,0,0,0,-1,-1
5326,0.005326000,0.178344000,1.368960000,0.000000000,0,0,0,-1,-1
5327,0.005327000,0.178320000,1.376400000,0.000000000,0,0,0,-1,-1
5328,0.005328000,0.178296000,1.383720000,0.000000000,0,0,0,-1,-1
5329,0.005329000,0.178272000,1.391040000,0.000000000,0,0,0,-1,-1
5330,0.005330000,0.178260000,1.398480000,0.000000000,0,0,0,-1,-1
5331,0.005331000,0.178236000,1.405800000,0.000000000,0,0,0,-1,-1
5332,0.005332000,0.178212000,1.413120000,0.000000000,0,0,0,-1,-1
5333,0.005333000,0.178188000,1.420440000,0.000000000,0,0,0,-1,-1
5334,0.005334000,0.178164000,1.427880000,0.000000000,0,0,0,-1,-1
5335,0.005335000,0.178152000,1.435200000,0.000000000,0,0,0,-1,-1
5336,0.005336000,0.178128000,1.442520000,0.000000000,0,0,0,-1,-1
5337,0.005337000,0.178104000,1.449960000,0.000000000,0,0,0,-1,-1
5338,0.005338000,0.178080000,1.457280000,0.000000000,0,0,0,-1,-1
5339,0.005339000,0.178056000,1.464600000,0.000000000,0,0,0,-1,-1
5340,0.005340000,0.178044000,1.472040000,0.000000000,0,0,0,-1,-1
5341,0.005341000,0.178020000,1.479360000,0.000000000,0,0,0,-1,-1
5342,0.005342000,0.177996000,1.486680000,0.000000000,0,0,0,-1,-1
5343,0.005343000,0.177972000,1.494120000,0.000000000,0,0,0,-1,-1
5344,0.005344000,0.177960000,1.501440000,0.000000000,0,0,0,-1,-1
5345,0.005345000,0.177936000,1.508760000,0.000000000,0,0,0,-1,-1
5346,0.005346000,0.177912000,1.516200000,0.000000000,0,0,0,-1,-1
5347,0.005347000,0.177888000,1.523520000,0.000000000,0,0,0,-1,-1
5348,0.005348000,0.177864000,1.530840000,0.000000000,0,0,0,-1,-1
5349,0.005349000,0.177852000,1.538280000,0.000000000,0,0,0,-1,-1
5350,0.005350000,0.177828000,1.545600000,0.000000000,0,0,0,-1,-1
5351,0.005351000,0.177804000,1.552920000,0.000000000,0,0,0,-1,-1
5352,0.005352000,0.177780000,1.560360000,0.000000000,0,0,0,-1,-1
5353,0.005353000,0.177768000,1.567680000,0.000000000,0,0,0,-1,-1
5354,0.005354000,0.177744000,1.575000000,0.000000000,0,0,0,-1,-1
5355,0.005355000,0.177720000,1.582320000,0.000000000,0,0,0,-1,-1
5356,0.005356000,0.177696000,1.589760000,0.000000000,0,0,0,-1,-1
5357,0.005357000,0.177672000,1.597080000,0.000000000,0,0,0,-1,-1
5358,0.005358000,0.177660000,1.604400000,0.000000000,0,0,0,-1,-1
5359,0.005359000,0.177636000,1.611840000,0.000000000,0,0,0,-1,-1
5360,0.005360000,0.177612000,1.619160000,0.000000000,0,0,0,-1,-1
5361,0.005361000,0.177588000,1.626480000,0.000000000,0,0,0,-1,-1
5362,0.005362000,0.177564000,1.633920000,0.000000000,0,0,0,-1,-1
5363,0.005363000,0.177552000,1.641240000,0.000000000,0,0,0,-1,-1
5364,0.005364000,0.177528000,1.648560000,0.000000000,0,0,0,-1,-1
5365,0.005365000,0.177504000,1.656000000,0.000000000,0,0,0,-1,-1
5366,0.005366000,0.177480000,1.663320000,0.000000000,0,0,0,-1,-1
5367,0.005367000,0.177468000,1.670640000,0.000000000,0,0,0,-1,-1
5368,0.005368000,0.181488000,1.677120000,0.000000000,0,0,0,-1,-1
5369,0.005369000,0.181476000,1.684560000,0.000000000,0,0,0,-1,-1
5370,0.005370000,0.181452000,1.691880000,0.000000000,0,0,0,-1,-1
5371,0.005371000,0.185472000,1.698360000,0.000000000,0,0,0,-1,-1
5372,0.005372000,0.185448000,1.705680000,0.000000000,0,0,0,-1,-1
5373,0.005373000,0.189468000,1.712160000,0.000000000,0,0,0,-1,-1
5374,0.005374000,0.193488000,1.718640000,0.000000000,0,0,0,-1,-1
5375,0.005375000,0.197508000,1.725120000,0.000000000,0,0,0,-1,-1
5376,0.005376000,0.201516000,1.731600000,0.000000000,0,0,0,-1,-1
5377,0.005377000,0.205512000,1.738080000,0.000000000,0,0,0,-1,-1
5378,0.005378000,0.209544000,1.737240000,0.000000000,0,0,0,-1,-1
5379,0.005379000,0.213540000,1.743600000,0.000000000,0,0,0,-1,-1
5380,0.005380000,0.217548000,1.742760000,0.000000000,0,0,0,-1,-1
5381,0.005381000,0.221556000,1.741920000,0.000000000,0,0,0,-1,-1
5382,0.005382000,0.225540000,1.748280000,0.000000000,0,0,0,-1,-1
5383,0.005383000,0.229548000,1.747440000,0.000000000,0,0,0,-1,-1
5384,0.005384000,0.233544000,1.746600000,0.000000000,0,0,0,-1,-1
5385,0.005385000,0.237540000,1.745640000,0.000000000,0,0,0,-1,-1
5386,0.005386000,0.241524000,1.744800000,0.000000000,0,0,0,-1,-1
5387,0.005387000,0.245508000,1.743960000,0.000000000,0,0,0,-1,-1
5388,0.005388000,0.249492000,1.743000000,0.000000000,0,0,0,-1,-1
5389,0.005389000,0.253488000,1.734840000,0.000000000,0,0,0,-1,-1
5390,0.005390000,0.257472000,1.734000000,0.000000000,0,0,0,-1,-1
5391,0.005391000,0.261432000,1.733160000,0.000000000,0,0,0,-1,-1
5392,0.005392000,0.265428000,1.725000000,0.000000000,0,0,0,-1,-1
5393,0.005393000,0.269388000,1.724160000,0.000000000,0,0,0,-1,-1
5394,0.005394000,0.273360000,1.716000000,0.000000000,0,0,0,-1,-1
5395,0.005395000,0.277344000,1.707840000,0.000000000,0,0,0,-1,-1
5396,0.005396000,0.281304000,1.699800000,0.000000000,0,0,0,-1,-1
5397,0.005397000,0.285276000,1.691640000,0.000000000,0,0,0,-1,-1
5398,0.005398000,0.289236000,1.683600000,0.000000000,0,0,0,-1,-1
5399,0.005399000,0.289260000,1.676280000,0.000000000,0,0,0,-1,-1
5400,0.005400000,0.293220000,1.668240000,0.000000000,0,0,0,-1,-1
5401,0.005401000,0.293244000,1.660920000,0.000000000,0,0,0,-1,-1
5402,0.005402000,0.293268000,1.653720000,0.000000000,0,0,0,-1,-1
5403,0.005403000,0.297216000,1.645680000,0.000000000,0,0,0,-1,-1
5404,0.005404000,0.297240000,1.638360000,0.000000000,0,0,0,-1,-1
5405,0.005405000,0.297264000,1.631160000,0.000000000,0,0,0,-1,-1
5406,0.005406000,0.297288000,1.623960000,5.000000000,1,1,0,160,0
5407,0.005407000,0.297300000,1.616640000,0.000000000,0,0,0,-1,-1
5408,0.005408000,0.297324000,1.609440000,0.000000000,0,0,0,-1,-1
5409,0.005409000,0.297348000,1.602120000,0.000000000,0,0,0,-1,-1
5410,0.005410000,0.297372000,1.594920000,0.000000000,0,0,0,-1,-1
5411,0.005411000,0.297384000,1.587720000,0.000000000,0,0,0,-1,-1
5412,0.005412000,0.297408000,1.580400000,0.000000000,0,0,0,-1,-1
5413,0.005413000,0.297432000,1.573200000,0.000000000,0,0,0,-1,-1
5414,0.005414000,0.297456000,1.565880000,0.000000000,0,0,0,-1,-1
5415,0.005415000,0.297468000,1.558680000,0.000000000,0,0,0,-1,-1
5416,0.005416000,0.297492000,1.551480000,0.000000000,0,0,0,-1,-1
5417,0.005417000,0.297516000,1.544160000,0.000000000,0,0,0,-1,-1
5418,0.005418000,0.297540000,1.536960000,0.000000000,0,0,0,-1,-1
5419,0.005419000,0.297552000,1.529640000,0.000000000,0,0,0,-1,-1
5420,0.005420000,0.297576000,1.522440000,0.000000000,0,0,0,-1,-1
5421,0.005421000,0.297600000,1.515240000,0.000000000,0,0,0,-1,-1
5422,0.005422000,0.297624000,1.507920000,0.000000000,0,0,0,-1,-1
5423,0.005423000,0.297648000,1.500720000,0.000000000,0,0,0,-1,-1
5424,0.005424000,0.297660000,1.493400000,0.000000000,0,0,0,-1,-1
5425,0.005425000,0.297684000,1.486200000,0.000000000,0,0,0,-1,-1
5426,0.005426000,0.297708000,1.479000000,5.000000000,1,1,0,161,0
5427,0.005427000,0.297732000,1.471680000,0.000000000,0,0,0,-1,-1
5428,0.005428000,0.297744000,1.464480000,0.000000000,0,0,0,-1,-1
5429,0.005429000,0.297768000,1.457160000,0.000000000,0,0,0,-1,-1
5430,0.005430000,0.297792000,1.449960000,0.000000000,0,0,0,-1,-1
5431,0.005431000,0.297816000,1.442760000,0.000000000,0,0,0,-1,-1
5432,0.005432000,0.297828000,1.435440000,0.000000000,0,0,0,-1,-1
5433,0.005433000,0.297852000,1.428240000,0.000000000,0,0,0,-1,-1
5434,0.005434000,0.297876000,1.420920000,0.000000000,0,0,0,-1,-1
5435,0.005435000,0.297900000,1.413720000,0.000000000,0,0,0,-1,-1
5436,0.005436000,0.297924000,1.406520000,0.000000000,0,0,0,-1,-1
5437,0.005437000,0.297936000,1.399200000,0.000000000,0,0,0,-1,-1
5438,0.005438000,0.297960000,1.392000000,0.000000000,0,0,0,-1,-1
5439,0.005439000,0.297984000,1.384680000,0.000000000,0,0,0,-1,-1
5440,0.005440000,0.298008000,1.377480000,0.000000000,0,0,0,-1,-1
5441,0.005441000,0.298020000,1.370280000,0.000000000,0,0,0,-1,-1
5442,0.005442000,0.298044000,1.362960000,0.000000000,0,0,0,-1,-1
5443,0.005443000,0.298068000,1.355760000,0.000000000,0,0,0,-1,-1
5444,0.005444000,0.298092000,1.348440000,0.000000000,0,0,0,-1,-1
5445,0.005445000,0.298104000,1.341240000,0.000000000,0,0,0,-1,-1
5446,0.005446000,0.298128000,1.334040000,5.000000000,1,1,0,162,0
5447,0.005447000,0.298152000,1.326720000,0.000000000,0,0,0,-1,-1
5448,0.005448000,0.298176000,1.319520000,0.000000000,0,0,0,-1,-1
5449,0.005449000,0.298200000,1.312200000,0.000000000,0,0,0,-1,-1
5450,0.005450000,0.298212000,1.305000000,0.000000000,0,0,0,-1,-1
5451,0.005451000,0.298236000,1.297800000,0.000000000,0,0,0,-1,-1
5452,0.005452000,0.298260000,1.290480000,0.000000000,0,0,0,-1,-1
5453,0.005453000,0.298284000,1.283280000,0.000000000,0,0,0,-1,-1
5454,0.005454000,0.298296000,1.275960000,0.000000000,0,0,0,-1,-1
5455,0.005455000,0.298320000,1.268760000,0.000000000,0,0,0,-1,-1
5456,0.005456000,0.298344000,1.261440000,0.000000000,0,0,0,-1,-1
5457,0.005457000,0.298368000,1.254240000,0.000000000,0,0,0,-1,-1
5458,0.005458000,0.298380000,1.247040000,0.000000000,0,0,0,-1,-1
5459,0.005459000,0.298404000,1.239720000,0.000000000,0,0,0,-1,-1
5460,0.005460000,0.298428000,1.232520000,0.000000000,0,0,0,-1,-1
5461,0.005461000,0.298452000,1.225200000,0.000000000,0,0,0,-1,-1
5462,0.005462000,0.298476000,1.218000000,0.000000000,0,0,0,-1,-1
5463,0.005463000,0.298488000,1.210800000,0.000000000,0,0,0,-1,-1
5464,0.005464000,0.298512000,1.203480000,0.000000000,0,0,0,-1,-1
5465,0.005465000,0.298536000,1.196256000,0.000000000,0,0,0,-1,-1
5466,0.005466000,0.298560000,1.189008000,5.000000000,1,1,0,163,0
5467,0.005467000,0.298572000,1.181760000,0.000000000,0,0,0,-1,-1
5468,0.005468000,0.298596000,1.174512000,0.000000000,0,0,0,-1,-1
5469,0.005469000,0.298620000,1.167264000,0.000000000,0,0,0,-1,-1
5470,0.005470000,0.298644000,1.160016000,0.000000000,0,0,0,-1,-1
5471,0.005471000,0.298656000,1.152768000,0.000000000,0,0,0,-1,-1
5472,0.005472000,0.298680000,1.145520000,0.000000000,0,0,0,-1,-1
5473,0.005473000,0.298704000,1.138272000,0.000000000,0,0,0,-1,-1
5474,0.005474000,0.298728000,1.131024000,0.000000000,0,0,0,-1,-1
5475,0.005475000,0.298752000,1.123776000,0.000000000,0,0,0,-1,-1
5476,0.005476000,0.298764000,1.116528000,0.000000000,0,0,0,-1,-1
5477,0.005477000,0.298788000,1.109280000,0.000000000,0,0,0,-1,-1
5478,0.005478000,0.298812000,1.102032000,0.000000000,0,0,0,-1,-1
5479,0.005479000,0.298836000,1.094784000,0.000000000,0,0,0,-1,-1
5480,0.005480000,0.298848000,1.087524000,0.000000000,0,0,0,-1,-1
5481,0.005481000,0.298872000,1.080276000,0.000000000,0,0,0,-1,-1
5482,0.005482000,0.298896000,1.073028000,0.000000000,0,0,0,-1,-1
5483,0.005483000,0.298920000,1.065780000,0.000000000,0,0,0,-1,-1
5484,0.005484000,0.298932000,1.058532000,0.000000000,0,0,0,-1,-1
5485,0.005485000,0.298956000,1.051284000,0.000000000,0,0,0,-1,-1
5486,0.005486000,0.298980000,1.044036000,5.000000000,1,1,0,164,0
5487,0.005487000,0.299004000,1.036788000,0.000000000,0,0,0,-1,-1
5488,0.005488000,0.299028000,1.029540000,0.000000000,0,0,0,-1,-1
5489,0.005489000,0.299040000,1.022292000,0.000000000,0,0,0,-1,-1
5490,0.005490000,0.299064000,1.015044000,0.000000000,0,0,0,-1,-1
5491,0.005491000,0.299088000,1.007796000,0.000000000,0,0,0,-1,-1
5492,0.005492000,0.299112000,1.000536000,0.000000000,0,0,0,-1,-1
5493,0.005493000,0.299124000,0.993288000,0.000000000,0,0,0,-1,-1
5494,0.005494000,0.299148000,0.986040000,0.000000000,0,0,0,-1,-1
5495,0.005495000,0.299172000,0.978792000,0.000000000,0,0,0,-1,-1
5496,0.005496000,0.299196000,0.971544000,0.000000000,0,0,0,-1,-1
5497,0.005497000,0.299208000,0.964296000,0.000000000,0,0,0,-1,-1
5498,0.005498000,0.299232000,0.957048000,0.000000000,0,0,0,-1,-1
5499,0.005499000,0.299256000,0.949800000,0.000000000,0,0,0,-1,-1
5500,0.005500000,0.299280000,0.942552000,0.000000000,0,0,0,-1,-1
5501,0.005501000,0.299304000,0.935304000,0.000000000,0,0,0,-1,-1
5502,0.005502000,0.299316000,0.928044000,0.000000000,0,0,0,-1,-1
5503,0.005503000,0.299340000,0.920796000,0.000000000,0,0,0,-1,-1
5504,0.005504000,0.299364000,0.913548000,0.000000000,0,0,0,-1,-1
5505,0.005505000,0.299388000,0.906300000,0.000000000,0,0,0,-1,-1
5506,0.005506000,0.299400000,0.899052000,5.000000000,1,1,0,165,0
5507,0.005507000,0.299424000,0.891804000,0.000000000,0,0,0,-1,-1
5508,0.005508000,0.299448000,0.884556000,0.000000000,0,0,0,-1,-1
5509,0.005509000,0.299472000,0.877308000,0.000000000,0,0,0,-1,-1
5510,0.005510000,0.299484000,0.870060000,0.000000000,0,0,0,-1,-1
5511,0.005511000,0.299508000,0.862800000,0.000000000,0,0,0,-1,-1
5512,0.005512000,0.299532000,0.855552000,0.000000000,0,0,0,-1,-1
5513,0.005513000,0.299556000,0.848304000,0.000000000,0,0,0,-1,-1
5514,0.005514000,0.299580000,0.841056000,0.000000000,0,0,0,-1,-1
5515,0.005515000,0.299592000,0.833808000,0.000000000,0,0,0,-1,-1
5516,0.005516000,0.299616000,0.826560000,0.000000000,0,0,0,-1,-1
5517,0.005517000,0.299640000,0.819312000,0.000000000,0,0,0,-1,-1
5518,0.005518000,0.299664000,0.812064000,0.000000000,0,0,0,-1,-1
5519,0.005519000,0.299676000,0.804804000,0.000000000,0,0,0,-1,-1
5520,0.005520000,0.299700000,0.797556000,0.000000000,0,0,0,-1,-1
5521,0.005521000,0.299724000,0.790308000,0.000000000,0,0,0,-1,-1
5522,0.005522000,0.299748000,0.783060000,0.000000000,0,0,0,-1,-1
5523,0.005523000,0.299760000,0.775812000,0.000000000,0,0,0,-1,-1
5524,0.005524000,0.299784000,0.768564000,0.000000000,0,0,0,-1,-1
5525,0.005525000,0.299808000,0.761316000,0.000000000,0,0,0,-1,-1
5526,0.005526000,0.299832000,0.754056000,5.000000000,1,1,0,166,0
5527,0.005527000,0.299856000,0.746808000,0.000000000,0,0,0,-1,-1
5528,0.005528000,0.299868000,0.739560000,0.000000000,0,0,0,-1,-1
5529,0.005529000,0.299892000,0.732312000,0.000000000,0,0,0,-1,-1
5530,0.005530000,0.299916000,0.725064000,0.000000000,0,0,0,-1,-1
5531,0.005531000,0.299940000,0.717816000,0.000000000,0,0,0,-1,-1
5532,0.005532000,0.299952000,0.710568000,0.000000000,0,0,0,-1,-1
5533,0.005533000,0.299976000,0.703308000,0.000000000,0,0,0,-1,-1
5534,0.005534000,0.300000000,0.696060000,0.000000000,0,0,0,-1,-1
5535,0.005535000,0.300024000,0.688812000,0.000000000,0,0,0,-1,-1
5536,0.005536000,0.300036000,0.681564000,0.000000000,0,0,0,-1,-1
5537,0.005537000,0.300060000,0.674316000,0.000000000,0,0,0,-1,-1
5538,0.005538000,0.300084000,0.667068000,0.000000000,0,0,0,-1,-1
5539,0.005539000,0.300108000,0.659808000,0.000000000,0,0,0,-1,-1
5540,0.005540000,0.300132000,0.652560000,0.000000000,0,0,0,-1,-1
5541,0.005541000,0.300144000,0.645312000,0.000000000,0,0,0,-1,-1
5542,0.005542000,0.300168000,0.638064000,0.000000000,0,0,0,-1,-1
5543,0.005543000,0.300192000,0.630816000,0.000000000,0,0,0,-1,-1
5544,0.005544000,0.300216000,0.623568000,0.000000000,0,0,0,-1,-1
5545,0.005545000,0.300228000,0.616308000,0.000000000,0,0,0,-1,-1
5546,0.005546000,0.300252000,0.609060000,5.000000000,1,1,0,167,0
5547,0.005547000,0.300276000,0.601812000,0.000000000,0,0,0,-1,-1
5548,0.005548000,0.300300000,0.594564000,0.000000000,0,0,0,-1,-1
5549,0.005549000,0.300312000,0.587316000,0.000000000,0,0,0,-1,-1
5550,0.005550000,0.300336000,0.580068000,0.000000000,0,0,0,-1,-1
5551,0.005551000,0.300360000,0.572808000,0.000000000,0,0,0,-1,-1
5552,0.005552000,0.300384000,0.565560000,0.000000000,0,0,0,-1,-1
5553,0.005553000,0.300396000,0.558312000,0.000000000,0,0,0,-1,-1
5554,0.005554000,0.300420000,0.551064000,0.000000000,0,0,0,-1,-1
5555,0.005555000,0.300444000,0.543816000,0.000000000,0,0,0,-1,-1
5556,0.005556000,0.300468000,0.536568000,0.000000000,0,0,0,-1,-1
5557,0.005557000,0.300492000,0.529308000,0.000000000,0,0,0,-1,-1
5558,0.005558000,0.300504000,0.522060000,0.000000000,0,0,0,-1,-1
5559,0.005559000,0.300528000,0.514812000,0.000000000,0,0,0,-1,-1
5560,0.005560000,0.300552000,0.507564000,0.000000000,0,0,0,-1,-1
5561,0.005561000,0.300576000,0.500316000,0.000000000,0,0,0,-1,-1
5562,0.005562000,0.300588000,0.493056000,0.000000000,0,0,0,-1,-1
5563,0.005563000,0.300612000,0.485808000,0.000000000,0,0,0,-1,-1
5564,0.005564000,0.300636000,0.478560000,0.000000000,0,0,0,-1,-1
5565,0.005565000,0.300660000,0.471312000,0.000000000,0,0,0,-1,-1
5566,0.005566000,0.300672000,0.464064000,5.000000000,1,1,0,168,0
5567,0.005567000,0.300696000,0.456804000,0.000000000,0,0,0,-1,-1
5568,0.005568000,0.300720000,0.449556000,0.000000000,0,0,0,-1,-1
5569,0.005569000,0.300744000,0.442308000,0.000000000,0,0,0,-1,-1
5570,0.005570000,0.300768000,0.435060000,0.000000000,0,0,0,-1,-1
5571,0.005571000,0.300780000,0.427812000,0.000000000,0,0,0,-1,-1
5572,0.005572000,0.300804000,0.420552000,0.000000000,0,0,0,-1,-1
5573,0.005573000,0.300828000,0.413304000,0.000000000,0,0,0,-1,-1
5574,0.005574000,0.300852000,0.406056000,0.000000000,0,0,0,-1,-1
5575,0.005575000,0.300864000,0.398808000,0.000000000,0,0,0,-1,-1
5576,0.005576000,0.300888000,0.391560000,0.000000000,0,0,0,-1,-1
5577,0.005577000,0.300912000,0.384300000,0.000000000,0,0,0,-1,-1
5578,0.005578000,0.300936000,0.377052000,0.000000000,0,0,0,-1,-1
5579,0.005579000,0.300948000,0.369804000,0.000000000,0,0,0,-1,-1
5580,0.005580000,0.300972000,0.362556000,0.000000000,0,0,0,-1,-1
5581,0.005581000,0.300996000,0.355308000,0.000000000,0,0,0,-1,-1
5582,0.005582000,0.301020000,0.348048000,0.000000000,0,0,0,-1,-1
5583,0.005583000,0.301044000,0.340800000,0.000000000,0,0,0,-1,-1
5584,0.005584000,0.301056000,0.333552000,0.000000000,0,0,0,-1,-1
5585,0.005585000,0.301080000,0.326304000,0.000000000,0,0,0,-1,-1
5586,0.005586000,0.301104000,0.319044000,5.000000000,1,1,0,169,0
5587,0.005587000,0.301128000,0.311796000,0.000000000,0,0,0,-1,-1
5588,0.005588000,0.301140000,0.304548000,0.000000000,0,0,0,-1,-1
5589,0.005589000,0.301164000,0.297300000,0.000000000,0,0,0,-1,-1
5590,0.005590000,0.301188000,0.290040000,0.000000000,0,0,0,-1,-1
5591,0.005591000,0.301212000,0.282792000,0.000000000,0,0,0,-1,-1
5592,0.005592000,0.301224000,0.275544000,0.000000000,0,0,0,-1,-1
5593,0.005593000,0.301248000,0.268296000,0.000000000,0,0,0,-1,-1
5594,0.005594000,0.301272000,0.261048000,0.000000000,0,0,0,-1,-1
5595,0.005595000,0.301296000,0.253788000,0.000000000,0,0,0,-1,-1
5596,0.005596000,0.301320000,0.246540000,0.000000000,0,0,0,-1,-1
5597,0.005597000,0.301332000,0.239292000,0.000000000,0,0,0,-1,-1
5598,0.005598000,0.301356000,0.232044000,0.000000000,0,0,0,-1,-1
5599,0.005599000,0.301380000,0.224784000,0.000000000,0,0,0,-1,-1
5600,0.005600000,0.301404000,0.217536000,0.000000000,0,0,0,-1,-1
5601,0.005601000,0.301416000,0.210288000,0.000000000,0,0,0,-1,-1
5602,0.005602000,0.301440000,0.203040000,0.000000000,0,0,0,-1,-1
5603,0.005603000,0.301464000,0.195780000,0.000000000,0,0,0,-1,-1
5604,0.005604000,0.301488000,0.188532000,0.000000000,0,0,0,-1,-1
5605,0.005605000,0.301500000,0.181284000,0.000000000,0,0,0,-1,-1
5606,0.005606000,0.301524000,0.174036000,5.000000000,1,1,0,170,0
5607,0.005607000,0.301548000,0.166776000,0.000000000,0,0,0,-1,-1
5608,0.005608000,0.301572000,0.159528000,0.000000000,0,0,0,-1,-1
5609,0.005609000,0.301596000,0.152280000,0.000000000,0,0,0,-1,-1
5610,0.005610000,0.301608000,0.145032000,0.000000000,0,0,0,-1,-1
5611,0.005611000,0.301632000,0.137772000,0.000000000,0,0,0,-1,-1
5612,0.005612000,0.301656000,0.130524000,0.000000000,0,0,0,-1,-1
5613,0.005613000,0.301680000,0.123276000,0.000000000,0,0,0,-1,-1
5614,0.005614000,0.301692000,0.116022000,0.000000000,0,0,0,-1,-1
5615,0.005615000,0.301716000,0.108770400,0.000000000,0,0,0,-1,-1
5616,0.005616000,0.301740000,0.101518800,0.000000000,0,0,0,-1,-1
5617,0.005617000,0.301764000,0.094268400,0.000000000,0,0,0,-1,-1
5618,0.005618000,0.301776000,0.087016800,0.000000000,0,0,0,-1,-1
5619,0.005619000,0.301800000,0.079765200,0.000000000,0,0,0,-1,-1
5620,0.005620000,0.301824000,0.072513600,0.000000000,0,0,0,-1,-1
5621,0.005621000,0.301848000,0.065263200,0.000000000,0,0,0,-1,-1
5622,0.005622000,0.301872000,0.058011600,0.000000000,0,0,0,-1,-1
5623,0.005623000,0.301884000,0.050760000,0.000000000,0,0,0,-1,-1
5624,0.005624000,0.301908000,0.043508400,0.000000000,0,0,0,-1,-1
5625,0.005625000,0.301932000,0.036256800,0.000000000,0,0,0,-1,-1
5626,0.005626000,0.301956000,0.029005200,5.000000000,1,1,0,171,0
5627,0.005627000,0.301968000,0.021754800,0.000000000,0,0,0,-1,-1
5628,0.005628000,0.301992000,0.014503200,0.000000000,0,0,0,-1,-1
5629,0.005629000,0.302016000,0.007251480,0.000000000,0,0,0,-1,-1
5630,0.005630000,0.302040000,0.000000000,0.000000000,0,0,0,-1,-1
5631,0.005631000,0.302052000,-0.007251480,0.000000000,0,0,0,-1,-1
5632,0.005632000,0.302076000,-0.014503200,0.000000000,0,0,0,-1,-1
5633,0.005633000,0.302100000,-0.021754800,0.000000000,0,0,0,-1,-1
5634,0.005634000,0.302124000,-0.029006400,0.000000000,0,0,0,-1,-1
5635,0.005635000,0.302148000,-0.036258000,0.000000000,0,0,0,-1,-1
5636,0.005636000,0.302160000,-0.043509600,0.000000000,0,0,0,-1,-1
5637,0.005637000,0.302184000,-0.050761200,0.000000000,0,0,0,-1,-1
5638,0.005638000,0.302208000,-0.058012800,0.000000000,0,0,0,-1,-1
5639,0.005639000,0.302232000,-0.065264400,0.000000000,0,0,0,-1,-1
5640,0.005640000,0.302244000,-0.072516000,0.000000000,0,0,0,-1,-1
5641,0.005641000,0.302268000,-0.079767600,0.000000000,0,0,0,-1,-1
5642,0.005642000,0.302292000,-0.087019200,0.000000000,0,0,0,-1,-1
5643,0.005643000,0.302316000,-0.094270800,0.000000000,0,0,0,-1,-1
5644,0.005644000,0.302328000,-0.101522400,0.000000000,0,0,0,-1,-1
5645,0.005645000,0.302352000,-0.108774000,0.000000000,0,0,0,-1,-1
5646,0.005646000,0.302376000,-0.116025600,5.000000000,1,1,0,172,0
5647,0.005647000,0.302400000,-0.123276000,0.000000000,0,0,0,-1,-1
5648,0.005648000,0.302424000,-0.130524000,0.000000000,0,0,0,-1,-1
5649,0.005649000,0.302436000,-0.137784000,0.000000000,0,0,0,-1,-1
5650,0.005650000,0.302460000,-0.145032000,0.000000000,0,0,0,-1,-1
5651,0.005651000,0.302484000,-0.152280000,0.000000000,0,0,0,-1,-1
5652,0.005652000,0.302508000,-0.159540000,0.000000000,0,0,0,-1,-1
5653,0.005653000,0.302520000,-0.166788000,0.000000000,0,0,0,-1,-1
5654,0.005654000,0.302544000,-0.174036000,0.000000000,0,0,0,-1,-1
5655,0.005655000,0.302568000,-0.181296000,0.000000000,0,0,0,-1,-1
5656,0.005656000,0.302592000,-0.188544000,0.000000000,0,0,0,-1,-1
5657,0.005657000,0.302604000,-0.195792000,0.000000000,0,0,0,-1,-1
5658,0.005658000,0.302628000,-0.203052000,0.000000000,0,0,0,-1,-1
5659,0.005659000,0.302652000,-0.210300000,0.000000000,0,0,0,-1,-1
5660,0.005660000,0.302676000,-0.217548000,0.000000000,0,0,0,-1,-1
5661,0.005661000,0.302700000,-0.224808000,0.000000000,0,0,0,-1,-1
5662,0.005662000,0.302712000,-0.232056000,0.000000000,0,0,0,-1,-1
5663,0.005663000,0.302736000,-0.239304000,0.000000000,0,0,0,-1,-1
5664,0.005664000,0.302760000,-0.246564000,0.000000000,0,0,0,-1,-1
5665,0.005665000,0.302784000,-0.253812000,0.000000000,0,0,0,-1,-1
5666,0.005666000,0.302796000,-0.261060000,5.000000000,1,1,0,173,0
5667,0.005667000,0.302820000,-0.268320000,0.000000000,0,0,0,-1,-1
5668,0.005668000,0.302844000,-0.275568000,0.000000000,0,0,0,-1,-1
5669,0.005669000,0.302868000,-0.282816000,0.000000000,0,0,0,-1,-1
5670,0.005670000,0.302892000,-0.290076000,0.000000000,0,0,0,-1,-1
5671,0.005671000,0.302904000,-0.297324000,0.000000000,0,0,0,-1,-1
5672,0.005672000,0.302928000,-0.304572000,0.000000000,0,0,0,-1,-1
5673,0.005673000,0.302952000,-0.311832000,0.000000000,0,0,0,-1,-1
5674,0.005674000,0.302976000,-0.319080000,0.000000000,0,0,0,-1,-1
5675,0.005675000,0.302988000,-0.326340000,0.000000000,0,0,0,-1,-1
5676,0.005676000,0.303012000,-0.333588000,0.000000000,0,0,0,-1,-1
5677,0.005677000,0.303036000,-0.340836000,0.000000000,0,0,0,-1,-1
5678,0.005678000,0.303060000,-0.348096000,0.000000000,0,0,0,-1,-1
5679,0.005679000,0.303072000,-0.355344000,0.000000000,0,0,0,-1,-1
5680,0.005680000,0.303096000,-0.362592000,0.000000000,0,0,0,-1,-1
5681,0.005681000,0.303120000,-0.369852000,0.000000000,0,0,0,-1,-1
5682,0.005682000,0.303144000,-0.377100000,0.000000000,0,0,0,-1,-1
5683,0.005683000,0.303168000,-0.384348000,0.000000000,0,0,0,-1,-1
5684,0.005684000,0.303180000,-0.391608000,0.000000000,0,0,0,-1,-1
5685,0.005685000,0.303204000,-0.398856000,0.000000000,0,0,0,-1,-1
5686,0.005686000,0.303228000,-0.406104000,5.000000000,1,1,0,174,0
5687,0.005687000,0.303252000,-0.413364000,0.000000000,0,0,0,-1,-1
5688,0.005688000,0.303264000,-0.420612000,0.000000000,0,0,0,-1,-1
5689,0.005689000,0.303288000,-0.427872000,0.000000000,0,0,0,-1,-1
5690,0.005690000,0.303312000,-0.435120000,0.000000000,0,0,0,-1,-1
5691,0.005691000,0.303336000,-0.442368000,0.000000000,0,0,0,-1,-1
5692,0.005692000,0.303348000,-0.449628000,0.000000000,0,0,0,-1,-1
5693,0.005693000,0.303372000,-0.456876000,0.000000000,0,0,0,-1,-1
5694,0.005694000,0.303396000,-0.464136000,0.000000000,0,0,0,-1,-1
5695,0.005695000,0.303420000,-0.471384000,0.000000000,0,0,0,-1,-1
5696,0.005696000,0.303444000,-0.478632000,0.000000000,0,0,0,-1,-1
5697,0.005697000,0.303456000,-0.485892000,0.000000000,0,0,0,-1,-1
5698,0.005698000,0.303480000,-0.493140000,0.000000000,0,0,0,-1,-1
5699,0.005699000,0.303504000,-0.500388000,0.000000000,0,0,0,-1,-1
5700,0.005700000,0.303528000,-0.507648000,0.000000000,0,0,0,-1,-1
5701,0.005701000,0.303540000,-0.514896000,0.000000000,0,0,0,-1,-1
5702,0.005702000,0.303564000,-0.522156000,0.000000000,0,0,0,-1,-1
5703,0.005703000,0.303588000,-0.529404000,0.000000000,0,0,0,-1,-1
5704,0.005704000,0.303612000,-0.536652000,0.000000000,0,0,0,-1,-1
5705,0.005705000,0.303624000,-0.543912000,0.000000000,0,0,0,-1,-1
5706,0.005706000,0.303648000,-0.551160000,5.000000000,1,1,0,175,0
5707,0.005707000,0.303672000,-0.558420000,0.000000000,0,0,0,-1,-1
5708,0.005708000,0.303696000,-0.565668000,0.000000000,0,0,0,-1,-1
5709,0.005709000,0.303720000,-0.572916000,0.000000000,0,0,0,-1,-1
5710,0.005710000,0.303732000,-0.580176000,0.000000000,0,0,0,-1,-1
5711,0.005711000,0.303756000,-0.587424000,0.000000000,0,0,0,-1,-1
5712,0.005712000,0.303780000,-0.594684000,0.000000000,0,0,0,-1,-1
5713,0.005713000,0.303804000,-0.601932000,0.000000000,0,0,0,-1,-1
5714,0.005714000,0.303816000,-0.609180000,0.000000000,0,0,0,-1,-1
5715,0.005715000,0.303840000,-0.616440000,0.000000000,0,0,0,-1,-1
5716,0.005716000,0.303864000,-0.623688000,0.000000000,0,0,0,-1,-1
5717,0.005717000,0.303888000,-0.630948000,0.000000000,0,0,0,-1,-1
5718,0.005718000,0.303900000,-0.638196000,0.000000000,0,0,0,-1,-1
5719,0.005719000,0.303924000,-0.645456000,0.000000000,0,0,0,-1,-1
5720,0.005720000,0.303948000,-0.652704000,0.000000000,0,0,0,-1,-1
5721,0.005721000,0.303972000,-0.659952000,0.000000000,0,0,0,-1,-1
5722,0.005722000,0.303996000,-0.667212000,0.000000000,0,0,0,-1,-1
5723,0.005723000,0.304008000,-0.674460000,0.000000000,0,0,0,-1,-1
5724,0.005724000,0.304032000,-0.681720000,0.000000000,0,0,0,-1,-1
5725,0.005725000,0.304056000,-0.688968000,0.000000000,0,0,0,-1,-1
5726,0.005726000,0.304080000,-0.696216000,0.000000000,0,0,0,-1,-1
5727,0.005727000,0.304092000,-0.703476000,0.000000000,0,0,0,-1,-1
5728,0.005728000,0.304116000,-0.710724000,0.000000000,0,0,0,-1,-1
5729,0.005729000,0.304140000,-0.717984000,0.000000000,0,0,0,-1,-1
5730,0.005730000,0.304164000,-0.725232000,0.000000000,0,0,0,-1,-1
5731,0.005731000,0.304176000,-0.732492000,0.000000000,0,0,0,-1,-1
5732,0.005732000,0.304200000,-0.739740000,0.000000000,0,0,0,-1,-1
5733,0.005733000,0.304224000,-0.746988000,0.000000000,0,0,0,-1,-1
5734,0.005734000,0.304248000,-0.754248000,0.000000000,0,0,0,-1,-1
5735,0.005735000,0.304272000,-0.761496000,0.000000000,0,0,0,-1,-1
5736,0.005736000,0.304284000,-0.768756000,0.000000000,0,0,0,-1,-1
5737,0.005737000,0.304308000,-0.776004000,0.000000000,0,0,0,-1,-1
5738,0.005738000,0.304332000,-0.783264000,0.000000000,0,0,0,-1,-1
5739,0.005739000,0.304356000,-0.790512000,0.000000000,0,0,0,-1,-1
5740,0.005740000,0.304368000,-0.797772000,0.000000000,0,0,0,-1,-1
5741,0.005741000,0.304392000,-0.805020000,0.000000000,0,0,0,-1,-1
5742,0.005742000,0.304416000,-0.812268000,0.000000000,0,0,0,-1,-1
5743,0.005743000,0.304440000,-0.819528000,0.000000000,0,0,0,-1,-1
5744,0.005744000,0.304452000,-0.826776000,0.000000000,0,0,0,-1,-1
5745,0.005745000,0.304476000,-0.834036000,0.000000000,0,0,0,-1,-1
5746,0.005746000,0.304500000,-0.841284000,0.000000000,0,0,0,-1,-1
5747,0.005747000,0.304524000,-0.848544000,0.000000000,0,0,0,-1,-1
5748,0.005748000,0.304548000,-0.855792000,0.000000000,0,0,0,-1,-1
5749,0.005749000,0.304560000,-0.863052000,0.000000000,0,0,0,-1,-1
5750,0.005750000,0.304584000,-0.870300000,0.000000000,0,0,0,-1,-1
5751,0.005751000,0.304608000,-0.877560000,0.000000000,0,0,0,-1,-1
5752,0.005752000,0.304632000,-0.884808000,0.000000000,0,0,0,-1,-1
5753,0.005753000,0.304644000,-0.892068000,0.000000000,0,0,0,-1,-1
5754,0.005754000,0.304668000,-0.899316000,0.000000000,0,0,0,-1,-1
5755,0.005755000,0.304692000,-0.906564000,0.000000000,0,0,0,-1,-1
5756,0.005756000,0.304716000,-0.913824000,0.000000000,0,0,0,-1,-1
5757,0.005757000,0.304728000,-0.921072000,0.000000000,0,0,0,-1,-1
5758,0.005758000,0.304752000,-0.928332000,0.000000000,0,0,0,-1,-1
5759,0.005759000,0.304776000,-0.935580000,0.000000000,0,0,0,-1,-1
5760,0.005760000,0.304800000,-0.942840000,0.000000000,0,0,0,-1,-1
5761,0.005761000,0.304824000,-0.950088000,0.000000000,0,0,0,-1,-1
5762,0.005762000,0.304836000,-0.957348000,0.000000000,0,0,0,-1,-1
5763,0.005763000,0.304860000,-0.964596000,0.000000000,0,0,0,-1,-1
5764,0.005764000,0.304884000,-0.971856000,0.000000000,0,0,0,-1,-1
5765,0.005765000,0.304908000,-0.979104000,0.000000000,0,0,0,-1,-1
5766,0.005766000,0.304920000,-0.986364000,0.000000000,0,0,0,-1,-1
5767,0.005767000,0.304944000,-0.993612000,0.000000000,0,0,0,-1,-1
5768,0.005768000,0.304968000,-1.000872000,0.000000000,0,0,0,-1,-1
5769,0.005769000,0.304992000,-1.008120000,0.000000000,0,0,0,-1,-1
5770,0.005770000,0.305004000,-1.015380000,0.000000000,0,0,0,-1,-1
5771,0.005771000,0.305028000,-1.022628000,0.000000000,0,0,0,-1,-1
5772,0.005772000,0.305052000,-1.029888000,0.000000000,0,0,0,-1,-1
5773,0.005773000,0.305076000,-1.037136000,0.000000000,0,0,0,-1,-1
5774,0.005774000,0.305100000,-1.044396000,0.000000000,0,0,0,-1,-1
5775,0.005775000,0.305112000,-1.051644000,0.000000000,0,0,0,-1,-1
5776,0.005776000,0.305136000,-1.058904000,0.000000000,0,0,0,-1,-1
5777,0.005777000,0.305160000,-1.066152000,0.000000000,0,0,0,-1,-1
5778,0.005778000,0.305184000,-1.073412000,0.000000000,0,0,0,-1,-1
5779,0.005779000,0.305196000,-1.080660000,0.000000000,0,0,0,-1,-1
5780,0.005780000,0.305220000,-1.087920000,0.000000000,0,0,0,-1,-1
5781,0.005781000,0.305244000,-1.095168000,0.000000000,0,0,0,-1,-1
5782,0.005782000,0.305268000,-1.102428000,0.000000000,0,0,0,-1,-1
5783,0.005783000,0.305280000,-1.109676000,0.000000000,0,0,0,-1,-1
5784,0.005784000,0.305304000,-1.116936000,0.000000000,0,0,0,-1,-1
5785,0.005785000,0.305328000,-1.124184000,0.000000000,0,0,0,-1,-1
5786,0.005786000,0.305352000,-1.131444000,0.000000000,0,0,0,-1,-1
5787,0.005787000,0.305376000,-1.138692000,0.000000000,0,0,0,-1,-1
5788,0.005788000,0.305388000,-1.145952000,0.000000000,0,0,0,-1,-1
5789,0.005789000,0.305412000,-1.153200000,0.000000000,0,0,0,-1,-1
5790,0.005790000,0.305436000,-1.160460000,0.000000000,0,0,0,-1,-1
5791,0.005791000,0.305460000,-1.167708000,0.000000000,0,0,0,-1,-1
5792,0.005792000,0.305472000,-1.174968000,0.000000000,0,0,0,-1,-1
5793,0.005793000,0.305496000,-1.182216000,0.000000000,0,0,0,-1,-1
5794,0.005794000,0.305520000,-1.189476000,0.000000000,0,0,0,-1,-1
5795,0.005795000,0.305544000,-1.196724000,0.000000000,0,0,0,-1,-1
5796,0.005796000,0.305556000,-1.203960000,0.000000000,0,0,0,-1,-1
5797,0.005797000,0.305580000,-1.211280000,0.000000000,0,0,0,-1,-1
5798,0.005798000,0.305604000,-1.218480000,0.000000000,0,0,0,-1,-1
5799,0.005799000,0.305628000,-1.225800000,0.000000000,0,0,0,-1,-1
5800,0.005800000,0.305652000,-1.233000000,0.000000000,0,0,0,-1,-1
5801,0.005801000,0.305664000,-1.240200000,0.000000000,0,0,0,-1,-1
5802,0.005802000,0.305688000,-1.247520000,0.000000000,0,0,0,-1,-1
5803,0.005803000,0.305712000,-1.254720000,0.000000000,0,0,0,-1,-1
5804,0.005804000,0.305736000,-1.262040000,0.000000000,0,0,0,-1,-1
5805,0.005805000,0.305748000,-1.269240000,0.000000000,0,0,0,-1,-1
5806,0.005806000,0.305772000,-1.276560000,0.000000000,0,0,0,-1,-1
5807,0.005807000,0.305796000,-1.283760000,0.000000000,0,0,0,-1,-1
5808,0.005808000,0.305820000,-1.291080000,0.000000000,0,0,0,-1,-1
5809,0.005809000,0.305832000,-1.298280000,0.000000000,0,0,0,-1,-1
5810,0.005810000,0.305856000,-1.305600000,0.000000000,0,0,0,-1,-1
5811,0.005811000,0.305880000,-1.312800000,0.000000000,0,0,0,-1,-1
5812,0.005812000,0.305904000,-1.320000000,0.000000000,0,0,0,-1,-1
5813,0.005813000,0.305928000,-1.327320000,0.000000000,0,0,0,-1,-1
5814,0.005814000,0.305940000,-1.334520000,0.000000000,0,0,0,-1,-1
5815,0.005815000,0.305964000,-1.341840000,0.000000000,0,0,0,-1,-1
5816,0.005816000,0.305988000,-1.349040000,0.000000000,0,0,0,-1,-1
5817,0.005817000,0.306012000,-1.356360000,0.000000000,0,0,0,-1,-1
5818,0.005818000,0.306024000,-1.363560000,0.000000000,0,0,0,-1,-1
5819,0.005819000,0.306048000,-1.370880000,0.000000000,0,0,0,-1,-1
5820,0.005820000,0.306072000,-1.378080000,0.000000000,0,0,0,-1,-1
5821,0.005821000,0.306096000,-1.385400000,0.000000000,0,0,0,-1,-1
5822,0.005822000,0.306120000,-1.392600000,0.000000000,0,0,0,-1,-1
5823,0.005823000,0.306132000,-1.399800000,0.000000000,0,0,0,-1,-1
5824,0.005824000,0.306156000,-1.407120000,0.000000000,0,0,0,-1,-1
5825,0.005825000,0.306180000,-1.414320000,0.000000000,0,0,0,-1,-1
5826,0.005826000,0.306204000,-1.421640000,0.000000000,0,0,0,-1,-1
5827,0.005827000,0.306216000,-1.428840000,0.000000000,0,0,0,-1,-1
5828,0.005828000,0.306240000,-1.436160000,0.000000000,0,0,0,-1,-1
5829,0.005829000,0.306264000,-1.443360000,0.000000000,0,0,0,-1,-1
5830,0.005830000,0.306288000,-1.450680000,0.000000000,0,0,0,-1,-1
5831,0.005831000,0.306300000,-1.457880000,0.000000000,0,0,0,-1,-1
5832,0.005832000,0.306324000,-1.465200000,0.000000000,0,0,0,-1,-1
5833,0.005833000,0.306348000,-1.472400000,0.000000000,0,0,0,-1,-1
5834,0.005834000,0.306372000,-1.479720000,0.000000000,0,0,0,-1,-1
5835,0.005835000,0.306396000,-1.486920000,0.000000000,0,0,0,-1,-1
5836,0.005836000,0.306408000,-1.494120000,0.000000000,0,0,0,-1,-1
5837,0.005837000,0.306432000,-1.501440000,0.000000000,0,0,0,-1,-1
5838,0.005838000,0.306456000,-1.508640000,0.000000000,0,0,0,-1,-1
5839,0.005839000,0.306480000,-1.515960000,0.000000000,0,0,0,-1,-1
5840,0.005840000,0.306492000,-1.523160000,0.000000000,0,0,0,-1,-1
5841,0.005841000,0.306516000,-1.530480000,0.000000000,0,0,0,-1,-1
5842,0.005842000,0.306540000,-1.537680000,0.000000000,0,0,0,-1,-1
5843,0.005843000,0.306564000,-1.545000000,0.000000000,0,0,0,-1,-1
5844,0.005844000,0.306576000,-1.552200000,0.000000000,0,0,0,-1,-1
5845,0.005845000,0.306600000,-1.559520000,0.000000000,0,0,0,-1,-1
5846,0.005846000,0.306624000,-1.566720000,0.000000000,0,0,0,-1,-1
5847,0.005847000,0.306648000,-1.573920000,0.000000000,0,0,0,-1,-1
5848,0.005848000,0.306672000,-1.581240000,0.000000000,0,0,0,-1,-1
5849,0.005849000,0.306684000,-1.588440000,0.000000000,0,0,0,-1,-1
5850,0.005850000,0.306708000,-1.595760000,0.000000000,0,0,0,-1,-1
5851,0.005851000,0.306732000,-1.602960000,0.000000000,0,0,0,-1,-1
5852,0.005852000,0.306756000,-1.610280000,0.000000000,0,0,0,-1,-1
5853,0.005853000,0.306768000,-1.617480000,0.000000000,0,0,0,-1,-1
5854,0.005854000,0.306792000,-1.624800000,0.000000000,0,0,0,-1,-1
5855,0.005855000,0.306816000,-1.632000000,0.000000000,0,0,0,-1,-1
5856,0.005856000,0.306840000,-1.639320000,0.000000000,0,0,0,-1,-1
5857,0.005857000,0.306852000,-1.646520000,0.000000000,0,0,0,-1,-1
5858,0.005858000,0.306876000,-1.653840000,0.000000000,0,0,0,-1,-1
5859,0.005859000,0.306900000,-1.661040000,0.000000000,0,0,0,-1,-1
5860,0.005860000,0.306924000,-1.668240000,0.000000000,0,0,0,-1,-1
5861,0.005861000,0.310872000,-1.674720000,0.000000000,0,0,0,-1,-1
5862,0.005862000,0.310896000,-1.681920000,0.000000000,0,0,0,-1,-1
5863,0.005863000,0.310908000,-1.689240000,0.000000000,0,0,0,-1,-1
5864,0.005864000,0.314856000,-1.695600000,0.000000000,0,0,0,-1,-1
5865,0.005865000,0.314880000,-1.702920000,0.000000000,0,0,0,-1,-1
5866,0.005866000,0.318816000,-1.709280000,0.000000000,0,0,0,-1,-1
5867,0.005867000,0.322752000,-1.715640000,0.000000000,0,0,0,-1,-1
5868,0.005868000,0.326688000,-1.722000000,0.000000000,0,0,0,-1,-1
5869,0.005869000,0.330612000,-1.728360000,0.000000000,0,0,0,-1,-1
5870,0.005870000,0.334548000,-1.734840000,0.000000000,0,0,0,-1,-1
5871,0.005871000,0.338448000,-1.733880000,0.000000000,0,0,0,-1,-1
5872,0.005872000,0.342360000,-1.740240000,0.000000000,0,0,0,-1,-1
5873,0.005873000,0.346248000,-1.739400000,0.000000000,0,0,0,-1,-1
5874,0.005874000,0.350136000,-1.738560000,0.000000000,0,0,0,-1,-1
5875,0.005875000,0.354048000,-1.744920000,0.000000000,0,0,0,-1,-1
5876,0.005876000,0.357924000,-1.744080000,0.000000000,0,0,0,-1,-1
5877,0.005877000,0.361800000,-1.743120000,0.000000000,0,0,0,-1,-1
5878,0.005878000,0.365676000,-1.742280000,0.000000000,0,0,0,-1,-1
5879,0.005879000,0.369552000,-1.741440000,0.000000000,0,0,0,-1,-1
5880,0.005880000,0.373416000,-1.740600000,0.000000000,0,0,0,-1,-1
5881,0.005881000,0.377268000,-1.739760000,0.000000000,0,0,0,-1,-1
5882,0.005882000,0.381108000,-1.731720000,0.000000000,0,0,0,-1,-1
5883,0.005883000,0.384960000,-1.730760000,0.000000000,0,0,0,-1,-1
5884,0.005884000,0.388812000,-1.729920000,0.000000000,0,0,0,-1,-1
5885,0.005885000,0.392640000,-1.721880000,0.000000000,0,0,0,-1,-1
5886,0.005886000,0.396480000,-1.721040000,0.000000000,0,0,0,-1,-1
5887,0.005887000,0.400296000,-1.713000000,0.000000000,0,0,0,-1,-1
5888,0.005888000,0.404112000,-1.705080000,0.000000000,0,0,0,-1,-1
5889,0.005889000,0.407916000,-1.697040000,0.000000000,0,0,0,-1,-1
5890,0.005890000,0.411732000,-1.689000000,0.000000000,0,0,0,-1,-1
5891,0.005891000,0.415536000,-1.681080000,0.000000000,0,0,0,-1,-1
5892,0.005892000,0.415512000,-1.673880000,0.000000000,0,0,0,-1,-1
5893,0.005893000,0.419304000,-1.665960000,0.000000000,0,0,0,-1,-1
5894,0.005894000,0.419292000,-1.658760000,0.000000000,0,0,0,-1,-1
5895,0.005895000,0.419268000,-1.651680000,0.000000000,0,0,0,-1,-1
5896,0.005896000,0.423060000,-1.643640000,0.000000000,0,0,0,-1,-1
5897,0.005897000,0.423036000,-1.636560000,0.000000000,0,0,0,-1,-1
5898,0.005898000,0.423024000,-1.629360000,0.000000000,0,0,0,-1,-1
5899,0.005899000,0.423000000,-1.622160000,0.000000000,0,0,0,-1,-1
5900,0.005900000,0.422976000,-1.615080000,5.000000000,1,1,0,176,0
5901,0.005901000,0.422952000,-1.607880000,0.000000000,0,0,0,-1,-1
5902,0.005902000,0.422940000,-1.600800000,0.000000000,0,0,0,-1,-1
5903,0.005903000,0.422916000,-1.593600000,0.000000000,0,0,0,-1,-1
5904,0.005904000,0.422892000,-1.586520000,0.000000000,0,0,0,-1,-1
5905,0.005905000,0.422868000,-1.579320000,0.000000000,0,0,0,-1,-1
5906,0.005906000,0.422856000,-1.572120000,0.000000000,0,0,0,-1,-1
5907,0.005907000,0.422832000,-1.565040000,0.000000000,0,0,0,-1,-1
5908,0.005908000,0.422808000,-1.557840000,0.000000000,0,0,0,-1,-1
5909,0.005909000,0.422784000,-1.550760000,0.000000000,0,0,0,-1,-1
5910,0.005910000,0.422772000,-1.543560000,0.000000000,0,0,0,-1,-1
5911,0.005911000,0.422748000,-1.536480000,0.000000000,0,0,0,-1,-1
5912,0.005912000,0.422724000,-1.529280000,0.000000000,0,0,0,-1,-1
5913,0.005913000,0.422700000,-1.522200000,0.000000000,0,0,0,-1,-1
5914,0.005914000,0.422676000,-1.515000000,0.000000000,0,0,0,-1,-1
5915,0.005915000,0.422664000,-1.507800000,0.000000000,0,0,0,-1,-1
5916,0.005916000,0.422640000,-1.500720000,0.000000000,0,0,0,-1,-1
5917,0.005917000,0.422616000,-1.493520000,0.000000000,0,0,0,-1,-1
5918,0.005918000,0.422592000,-1.486440000,0.000000000,0,0,0,-1,-1
5919,0.005919000,0.422580000,-1.479240000,5.000000000,1,1,0,177,0
5920,0.005920000,0.422556000,-1.472160000,0.000000000,0,0,0,-1,-1
5921,0.005921000,0.422532000,-1.464960000,0.000000000,0,0,0,-1,-1
5922,0.005922000,0.422508000,-1.457760000,0.000000000,0,0,0,-1,-1
5923,0.005923000,0.422496000,-1.450680000,0.000000000,0,0,0,-1,-1
5924,0.005924000,0.422472000,-1.443480000,0.000000000,0,0,0,-1,-1
5925,0.005925000,0.422448000,-1.436400000,0.000000000,0,0,0,-1,-1
5926,0.005926000,0.422424000,-1.429200000,0.000000000,0,0,0,-1,-1
5927,0.005927000,0.422412000,-1.422120000,0.000000000,0,0,0,-1,-1
5928,0.005928000,0.422388000,-1.414920000,0.000000000,0,0,0,-1,-1
5929,0.005929000,0.422364000,-1.407720000,0.000000000,0,0,0,-1,-1
5930,0.005930000,0.422340000,-1.400640000,0.000000000,0,0,0,-1,-1
5931,0.005931000,0.422328000,-1.393440000,0.000000000,0,0,0,-1,-1
5932,0.005932000,0.422304000,-1.386360000,0.000000000,0,0,0,-1,-1
5933,0.005933000,0.422280000,-1.379160000,0.000000000,0,0,0,-1,-1
5934,0.005934000,0.422256000,-1.372080000,0.000000000,0,0,0,-1,-1
5935,0.005935000,0.422244000,-1.364880000,0.000000000,0,0,0,-1,-1
5936,0.005936000,0.422220000,-1.357800000,0.000000000,0,0,0,-1,-1
5937,0.005937000,0.422196000,-1.350600000,0.000000000,0,0,0,-1,-1
5938,0.005938000,0.422172000,-1.343400000,5.000000000,1,1,0,178,0
5939,0.005939000,0.422160000,-1.336320000,0.000000000,0,0,0,-1,-1
5940,0.005940000,0.422136000,-1.329120000,0.000000000,0,0,0,-1,-1
5941,0.005941000,0.422112000,-1.322040000,0.000000000,0,0,0,-1,-1
5942,0.005942000,0.422088000,-1.314840000,0.000000000,0,0,0,-1,-1
5943,0.005943000,0.422076000,-1.307760000,0.000000000,0,0,0,-1,-1
5944,0.005944000,0.422052000,-1.300560000,0.000000000,0,0,0,-1,-1
5945,0.005945000,0.422028000,-1.293360000,0.000000000,0,0,0,-1,-1
5946,0.005946000,0.422004000,-1.286280000,0.000000000,0,0,0,-1,-1
5947,0.005947000,0.421992000,-1.279080000,0.000000000,0,0,0,-1,-1
5948,0.005948000,0.421968000,-1.272000000,0.000000000,0,0,0,-1,-1
5949,0.005949000,0.421944000,-1.264800000,0.000000000,0,0,0,-1,-1
5950,0.005950000,0.421920000,-1.257720000,0.000000000,0,0,0,-1,-1
5951,0.005951000,0.421908000,-1.250520000,0.000000000,0,0,0,-1,-1
5952,0.005952000,0.421884000,-1.243440000,0.000000000,0,0,0,-1,-1
5953,0.005953000,0.421860000,-1.236240000,0.000000000,0,0,0,-1,-1
5954,0.005954000,0.421836000,-1.229040000,0.000000000,0,0,0,-1,-1
5955,0.005955000,0.421824000,-1.221960000,0.000000000,0,0,0,-1,-1
5956,0.005956000,0.421800000,-1.214760000,0.000000000,0,0,0,-1,-1
5957,0.005957000,0.421776000,-1.207680000,5.000000000,1,1,0,179,0
5958,0.005958000,0.421752000,-1.200480000,0.000000000,0,0,0,-1,-1
5959,0.005959000,0.421728000,-1.193352000,0.000000000,0,0,0,-1,-1
5960,0.005960000,0.421716000,-1.186200000,0.000000000,0,0,0,-1,-1
5961,0.005961000,0.421692000,-1.179060000,0.000000000,0,0,0,-1,-1
5962,0.005962000,0.421668000,-1.171908000,0.000000000,0,0,0,-1,-1
5963,0.005963000,0.421644000,-1.164768000,0.000000000,0,0,0,-1,-1
5964,0.005964000,0.421632000,-1.157616000,0.000000000,0,0,0,-1,-1
5965,0.005965000,0.421608000,-1.150464000,0.000000000,0,0,0,-1,-1
5966,0.005966000,0.421584000,-1.143324000,0.000000000,0,0,0,-1,-1
5967,0.005967000,0.421560000,-1.136172000,0.000000000,0,0,0,-1,-1
5968,0.005968000,0.421548000,-1.129032000,0.000000000,0,0,0,-1,-1
5969,0.005969000,0.421524000,-1.121880000,0.000000000,0,0,0,-1,-1
5970,0.005970000,0.421500000,-1.114728000,0.000000000,0,0,0,-1,-1
5971,0.005971000,0.421476000,-1.107588000,0.000000000,0,0,0,-1,-1
5972,0.005972000,0.421464000,-1.100436000,0.000000000,0,0,0,-1,-1
5973,0.005973000,0.421440000,-1.093296000,0.000000000,0,0,0,-1,-1
5974,0.005974000,0.421416000,-1.086144000,0.000000000,0,0,0,-1,-1
5975,0.005975000,0.421392000,-1.079004000,0.000000000,0,0,0,-1,-1
5976,0.005976000,0.421380000,-1.071852000,5.000000000,1,1,0,180,0
5977,0.005977000,0.421356000,-1.064700000,0.000000000,0,0,0,-1,-1
5978,0.005978000,0.421332000,-1.057560000,0.000000000,0,0,0,-1,-1
5979,0.005979000,0.421308000,-1.050408000,0.000000000,0,0,0,-1,-1
5980,0.005980000,0.421296000,-1.043268000,0.000000000,0,0,0,-1,-1
5981,0.005981000,0.421272000,-1.036116000,0.000000000,0,0,0,-1,-1
5982,0.005982000,0.421248000,-1.028976000,0.000000000,0,0,0,-1,-1
5983,0.005983000,0.421224000,-1.021824000,0.000000000,0,0,0,-1,-1
5984,0.005984000,0.421212000,-1.014672000,0.000000000,0,0,0,-1,-1
5985,0.005985000,0.421188000,-1.007532000,0.000000000,0,0,0,-1,-1
5986,0.005986000,0.421164000,-1.000380000,0.000000000,0,0,0,-1,-1
5987,0.005987000,0.421140000,-0.993240000,0.000000000,0,0,0,-1,-1
5988,0.005988000,0.421128000,-0.986088000,0.000000000,0,0,0,-1,-1
5989,0.005989000,0.421104000,-0.978948000,0.000000000,0,0,0,-1,-1
5990,0.005990000,0.421080000,-0.971796000,0.000000000,0,0,0,-1,-1
5991,0.005991000,0.421056000,-0.964644000,0.000000000,0,0,0,-1,-1
5992,0.005992000,0.421044000,-0.957504000,0.000000000,0,0,0,-1,-1
5993,0.005993000,0.421020000,-0.950352000,0.000000000,0,0,0,-1,-1
5994,0.005994000,0.420996000,-0.943212000,0.000000000,0,0,0,-1,-1
5995,0.005995000,0.420972000,-0.936060000,5.000000000,1,1,0,181,0
5996,0.005996000,0.420960000,-0.928920000,0.000000000,0,0,0,-1,-1
5997,0.005997000,0.420936000,-0.921768000,0.000000000,0,0,0,-1,-1
5998,0.005998000,0.420912000,-0.914628000,0.000000000,0,0,0,-1,-1
5999,0.005999000,0.420888000,-0.907476000,0.000000000,0,0,0,-1,-1
6000,0.006000000,0.420876000,-0.900336000,0.000000000,0,0,0,-1,-1
6001,0.006001000,0.420852000,-0.893184000,0.000000000,0,0,0,-1,-1
6002,0.006002000,0.420828000,-0.886032000,0.000000000,0,0,0,-1,-1
6003,0.006003000,0.420804000,-0.878892000,0.000000000,0,0,0,-1,-1
6004,0.006004000,0.420792000,-0.871740000,0.000000000,0,0,0,-1,-1
6005,0.006005000,0.420768000,-0.864600000,0.000000000,0,0,0,-1,-1
6006,0.006006000,0.420744000,-0.857448000,0.000000000,0,0,0,-1,-1
6007,0.006007000,0.420720000,-0.850308000,0.000000000,0,0,0,-1,-1
6008,0.006008000,0.420696000,-0.843156000,0.000000000,0,0,0,-1,-1
6009,0.006009000,0.420684000,-0.836016000,0.000000000,0,0,0,-1,-1
6010,0.006010000,0.420660000,-0.828864000,0.000000000,0,0,0,-1,-1
6011,0.006011000,0.420636000,-0.821724000,0.000000000,0,0,0,-1,-1
6012,0.006012000,0.420612000,-0.814572000,0.000000000,0,0,0,-1,-1
6013,0.006013000,0.420600000,-0.807432000,0.000000000,0,0,0,-1,-1
6014,0.006014000,0.420576000,-0.800280000,5.000000000,1,1,0,182,0
6015,0.006015000,0.420552000,-0.793140000,0.000000000,0,0,0,-1,-1
6016,0.006016000,0.420528000,-0.785988000,0.000000000,0,0,0,-1,-1
6017,0.006017000,0.420516000,-0.778836000,0.000000000,0,0,0,-1,-1
6018,0.006018000,0.420492000,-0.771696000,0.000000000,0,0,0,-1,-1
6019,0.006019000,0.420468000,-0.764544000,0.000000000,0,0,0,-1,-1
6020,0.006020000,0.420444000,-0.757404000,0.000000000,0,0,0,-1,-1
6021,0.006021000,0.420432000,-0.750252000,0.000000000,0,0,0,-1,-1
6022,0.006022000,0.420408000,-0.743112000,0.000000000,0,0,0,-1,-1
6023,0.006023000,0.420384000,-0.735960000,0.000000000,0,0,0,-1,-1
6024,0.006024000,0.420360000,-0.728820000,0.000000000,0,0,0,-1,-1
6025,0.006025000,0.420348000,-0.721668000,0.000000000,0,0,0,-1,-1
6026,0.006026000,0.420324000,-0.714528000,0.000000000,0,0,0,-1,-1
6027,0.006027000,0.420300000,-0.707376000,0.000000000,0,0,0,-1,-1
6028,0.006028000,0.420276000,-0.700236000,0.000000000,0,0,0,-1,-1
6029,0.006029000,0.420264000,-0.693084000,0.000000000,0,0,0,-1,-1
6030,0.006030000,0.420240000,-0.685944000,0.000000000,0,0,0,-1,-1
6031,0.006031000,0.420216000,-0.678792000,0.000000000,0,0,0,-1,-1
6032,0.006032000,0.420192000,-0.671652000,0.000000000,0,0,0,-1,-1
6033,0.006033000,0.420180000,-0.664500000,5.000000000,1,1,0,183,0
6034,0.006034000,0.420156000,-0.657360000,0.000000000,0,0,0,-1,-1
6035,0.006035000,0.420132000,-0.650208000,0.000000000,0,0,0,-1,-1
6036,0.006036000,0.420108000,-0.643068000,0.000000000,0,0,0,-1,-1
6037,0.006037000,0.420096000,-0.635916000,0.000000000,0,0,0,-1,-1
6038,0.006038000,0.420072000,-0.628776000,0.000000000,0,0,0,-1,-1
6039,0.006039000,0.420048000,-0.621624000,0.000000000,0,0,0,-1,-1
6040,0.006040000,0.420024000,-0.614484000,0.000000000,0,0,0,-1,-1
6041,0.006041000,0.420012000,-0.607332000,0.000000000,0,0,0,-1,-1
6042,0.006042000,0.419988000,-0.600192000,0.000000000,0,0,0,-1,-1
6043,0.006043000,0.419964000,-0.593040000,0.000000000,0,0,0,-1,-1
6044,0.006044000,0.419940000,-0.585900000,0.000000000,0,0,0,-1,-1
6045,0.006045000,0.419928000,-0.578748000,0.000000000,0,0,0,-1,-1
6046,0.006046000,0.419904000,-0.571608000,0.000000000,0,0,0,-1,-1
6047,0.006047000,0.419880000,-0.564456000,0.000000000,0,0,0,-1,-1
6048,0.006048000,0.419856000,-0.557316000,0.000000000,0,0,0,-1,-1
6049,0.006049000,0.419844000,-0.550176000,0.000000000,0,0,0,-1,-1
6050,0.006050000,0.419820000,-0.543024000,0.000000000,0,0,0,-1,-1
6051,0.006051000,0.419796000,-0.535884000,0.000000000,0,0,0,-1,-1
6052,0.006052000,0.419772000,-0.528732000,5.000000000,1,1,0,184,0
6053,0.006053000,0.419760000,-0.521592000,0.000000000,0,0,0,-1,-1
6054,0.006054000,0.419736000,-0.514440000,0.000000000,0,0,0,-1,-1
6055,0.006055000,0.419712000,-0.507300000,0.000000000,0,0,0,-1,-1
6056,0.006056000,0.419688000,-0.500148000,0.000000000,0,0,0,-1,-1
6057,0.006057000,0.419676000,-0.493008000,0.000000000,0,0,0,-1,-1
6058,0.006058000,0.419652000,-0.485856000,0.000000000,0,0,0,-1,-1
6059,0.006059000,0.419628000,-0.478716000,0.000000000,0,0,0,-1,-1
6060,0.006060000,0.419604000,-0.471564000,0.000000000,0,0,0,-1,-1
6061,0.006061000,0.419580000,-0.464424000,0.000000000,0,0,0,-1,-1
6062,0.006062000,0.419568000,-0.457272000,0.000000000,0,0,0,-1,-1
6063,0.006063000,0.419544000,-0.450132000,0.000000000,0,0,0,-1,-1
6064,0.006064000,0.419520000,-0.442992000,0.000000000,0,0,0,-1,-1
6065,0.006065000,0.419496000,-0.435840000,0.000000000,0,0,0,-1,-1
6066,0.006066000,0.419484000,-0.428700000,0.000000000,0,0,0,-1,-1
6067,0.006067000,0.419460000,-0.421548000,0.000000000,0,0,0,-1,-1
6068,0.006068000,0.419436000,-0.414408000,0.000000000,0,0,0,-1,-1
6069,0.006069000,0.419412000,-0.407256000,0.000000000,0,0,0,-1,-1
6070,0.006070000,0.419400000,-0.400116000,0.000000000,0,0,0,-1,-1
6071,0.006071000,0.419376000,-0.392964000,5.000000000,1,1,0,185,0
6072,0.006072000,0.419352000,-0.385824000,0.000000000,0,0,0,-1,-1
6073,0.006073000,0.419328000,-0.378684000,0.000000000,0,0,0,-1,-1
6074,0.006074000,0.419316000,-0.371532000,0.000000000,0,0,0,-1,-1
6075,0.006075000,0.419292000,-0.364392000,0.000000000,0,0,0,-1,-1
6076,0.006076000,0.419268000,-0.357240000,0.000000000,0,0,0,-1,-1
6077,0.006077000,0.419244000,-0.350100000,0.000000000,0,0,0,-1,-1
6078,0.006078000,0.419232000,-0.342948000,0.000000000,0,0,0,-1,-1
6079,0.006079000,0.419208000,-0.335808000,0.000000000,0,0,0,-1,-1
6080,0.006080000,0.419184000,-0.328656000,0.000000000,0,0,0,-1,-1
6081,0.006081000,0.419160000,-0.321516000,0.000000000,0,0,0,-1,-1
6082,0.006082000,0.419148000,-0.314376000,0.000000000,0,0,0,-1,-1
6083,0.006083000,0.419124000,-0.307224000,0.000000000,0,0,0,-1,-1
6084,0.006084000,0.419100000,-0.300084000,0.000000000,0,0,0,-1,-1
6085,0.006085000,0.419076000,-0.292932000,0.000000000,0,0,0,-1,-1
6086,0.006086000,0.419064000,-0.285792000,0.000000000,0,0,0,-1,-1
6087,0.006087000,0.419040000,-0.278640000,0.000000000,0,0,0,-1,-1
6088,0.006088000,0.419016000,-0.271500000,0.000000000,0,0,0,-1,-1
6089,0.006089000,0.418992000,-0.264360000,0.000000000,0,0,0,-1,-1
6090,0.006090000,0.418980000,-0.257208000,5.000000000,1,1,0,186,0
6091,0.006091000,0.418956000,-0.250068000,0.000000000,0,0,0,-1,-1
6092,0.006092000,0.418932000,-0.242916000,0.000000000,0,0,0,-1,-1
6093,0.006093000,0.418908000,-0.235776000,0.000000000,0,0,0,-1,-1
6094,0.006094000,0.418896000,-0.228636000,0.000000000,0,0,0,-1,-1
6095,0.006095000,0.418872000,-0.221484000,0.000000000,0,0,0,-1,-1
6096,0.006096000,0.418848000,-0.214344000,0.000000000,0,0,0,-1,-1
6097,0.006097000,0.418824000,-0.207192000,0.000000000,0,0,0,-1,-1
6098,0.006098000,0.418812000,-0.200052000,0.000000000,0,0,0,-1,-1
6099,0.006099000,0.418788000,-0.192900000,0.000000000,0,0,0,-1,-1
6100,0.006100000,0.418764000,-0.185760000,0.000000000,0,0,0,-1,-1
6101,0.006101000,0.418740000,-0.178620000,0.000000000,0,0,0,-1,-1
6102,0.006102000,0.418728000,-0.171468000,0.000000000,0,0,0,-1,-1
6103,0.006103000,0.418704000,-0.164328000,0.000000000,0,0,0,-1,-1
6104,0.006104000,0.418680000,-0.157176000,0.000000000,0,0,0,-1,-1
6105,0.006105000,0.418656000,-0.150036000,0.000000000,0,0,0,-1,-1
6106,0.006106000,0.418644000,-0.142896000,0.000000000,0,0,0,-1,-1
6107,0.006107000,0.418620000,-0.135744000,0.000000000,0,0,0,-1,-1
6108,0.006108000,0.418596000,-0.128604000,0.000000000,0,0,0,-1,-1
6109,0.006109000,0.418572000,-0.121452000,5.000000000,1,1,0,187,0
6110,0.006110000,0.418560000,-0.114313200,0.000000000,0,0,0,-1,-1
6111,0.006111000,0.418536000,-0.107168400,0.000000000,0,0,0,-1,-1
6112,0.006112000,0.418512000,-0.100023600,0.000000000,0,0,0,-1,-1
6113,0.006113000,0.418488000,-0.092878800,0.000000000,0,0,0,-1,-1
6114,0.006114000,0.418464000,-0.085734000,0.000000000,0,0,0,-1,-1
6115,0.006115000,0.418452000,-0.078589200,0.000000000,0,0,0,-1,-1
6116,0.006116000,0.418428000,-0.071445600,0.000000000,0,0,0,-1,-1
6117,0.006117000,0.418404000,-0.064300800,0.000000000,0,0,0,-1,-1
6118,0.006118000,0.418380000,-0.057156000,0.000000000,0,0,0,-1,-1
6119,0.006119000,0.418368000,-0.050011200,0.000000000,0,0,0,-1,-1
6120,0.006120000,0.418344000,-0.042866400,0.000000000,0,0,0,-1,-1
6121,0.006121000,0.418320000,-0.035722800,0.000000000,0,0,0,-1,-1
6122,0.006122000,0.418296000,-0.028578000,0.000000000,0,0,0,-1,-1
6123,0.006123000,0.418284000,-0.021433200,0.000000000,0,0,0,-1,-1
6124,0.006124000,0.418260000,-0.014288400,0.000000000,0,0,0,-1,-1
6125,0.006125000,0.418236000,-0.007144440,0.000000000,0,0,0,-1,-1
6126,0.006126000,0.418212000,0.000000000,0.000000000,0,0,0,-1,-1
6127,0.006127000,0.418200000,0.007144440,0.000000000,0,0,0,-1,-1
6128,0.006128000,0.418176000,0.014288400,5.000000000,1,1,0,188,0
6129,0.006129000,0.418152000,0.021433200,0.000000000,0,0,0,-1,-1
6130,0.006130000,0.418128000,0.028578000,0.000000000,0,0,0,-1,-1
6131,0.006131000,0.418116000,0.035721600,0.000000000,0,0,0,-1,-1
6132,0.006132000,0.418092000,0.042866400,0.000000000,0,0,0,-1,-1
6133,0.006133000,0.418068000,0.050010000,0.000000000,0,0,0,-1,-1
6134,0.006134000,0.418044000,0.057154800,0.000000000,0,0,0,-1,-1
6135,0.006135000,0.418032000,0.064299600,0.000000000,0,0,0,-1,-1
6136,0.006136000,0.418008000,0.071443200,0.000000000,0,0,0,-1,-1
6137,0.006137000,0.417984000,0.078588000,0.000000000,0,0,0,-1,-1
6138,0.006138000,0.417960000,0.085731600,0.000000000,0,0,0,-1,-1
6139,0.006139000,0.417948000,0.092876400,0.000000000,0,0,0,-1,-1
6140,0.006140000,0.417924000,0.100020000,0.000000000,0,0,0,-1,-1
6141,0.006141000,0.417900000,0.107164800,0.000000000,0,0,0,-1,-1
6142,0.006142000,0.417876000,0.114308400,0.000000000,0,0,0,-1,-1
6143,0.006143000,0.417864000,0.121452000,0.000000000,0,0,0,-1,-1
6144,0.006144000,0.417840000,0.128592000,0.000000000,0,0,0,-1,-1
6145,0.006145000,0.417816000,0.135744000,0.000000000,0,0,0,-1,-1
6146,0.006146000,0.417792000,0.142884000,0.000000000,0,0,0,-1,-1
6147,0.006147000,0.417780000,0.150024000,5.000000000,1,1,0,189,0
6148,0.006148000,0.417756000,0.157176000,0.000000000,0,0,0,-1,-1
6149,0.006149000,0.417732000,0.164316000,0.000000000,0,0,0,-1,-1
6150,0.006150000,0.417708000,0.171456000,0.000000000,0,0,0,-1,-1
6151,0.006151000,0.417696000,0.178608000,0.000000000,0,0,0,-1,-1
6152,0.006152000,0.417672000,0.185748000,0.000000000,0,0,0,-1,-1
6153,0.006153000,0.417648000,0.192888000,0.000000000,0,0,0,-1,-1
6154,0.006154000,0.417624000,0.200040000,0.000000000,0,0,0,-1,-1
6155,0.006155000,0.417612000,0.207180000,0.000000000,0,0,0,-1,-1
6156,0.006156000,0.417588000,0.214320000,0.000000000,0,0,0,-1,-1
6157,0.006157000,0.417564000,0.221472000,0.000000000,0,0,0,-1,-1
6158,0.006158000,0.417540000,0.228612000,0.000000000,0,0,0,-1,-1
6159,0.006159000,0.417528000,0.235752000,0.000000000,0,0,0,-1,-1
6160,0.006160000,0.417504000,0.242904000,0.000000000,0,0,0,-1,-1
6161,0.006161000,0.417480000,0.250044000,0.000000000,0,0,0,-1,-1
6162,0.006162000,0.417456000,0.257184000,0.000000000,0,0,0,-1,-1
6163,0.006163000,0.417444000,0.264336000,0.000000000,0,0,0,-1,-1
6164,0.006164000,0.417420000,0.271476000,0.000000000,0,0,0,-1,-1
6165,0.006165000,0.417396000,0.278616000,0.000000000,0,0,0,-1,-1
6166,0.006166000,0.417372000,0.285768000,5.000000000,1,1,0,190,0
6167,0.006167000,0.417360000,0.292908000,0.000000000,0,0,0,-1,-1
6168,0.006168000,0.417336000,0.300048000,0.000000000,0,0,0,-1,-1
6169,0.006169000,0.417312000,0.307200000,0.000000000,0,0,0,-1,-1
6170,0.006170000,0.417288000,0.314340000,0.000000000,0,0,0,-1,-1
6171,0.006171000,0.417264000,0.321480000,0.000000000,0,0,0,-1,-1
6172,0.006172000,0.417252000,0.328632000,0.000000000,0,0,0,-1,-1
6173,0.006173000,0.417228000,0.335772000,0.000000000,0,0,0,-1,-1
6174,0.006174000,0.417204000,0.342912000,0.000000000,0,0,0,-1,-1
6175,0.006175000,0.417180000,0.350052000,0.000000000,0,0,0,-1,-1
6176,0.006176000,0.417168000,0.357204000,0.000000000,0,0,0,-1,-1
6177,0.006177000,0.417144000,0.364344000,0.000000000,0,0,0,-1,-1
6178,0.006178000,0.417120000,0.371484000,0.000000000,0,0,0,-1,-1
6179,0.006179000,0.417096000,0.378636000,0.000000000,0,0,0,-1,-1
6180,0.006180000,0.417084000,0.385776000,0.000000000,0,0,0,-1,-1
6181,0.006181000,0.417060000,0.392916000,0.000000000,0,0,0,-1,-1
6182,0.006182000,0.417036000,0.400056000,0.000000000,0,0,0,-1,-1
6183,0.006183000,0.417012000,0.407208000,0.000000000,0,0,0,-1,-1
6184,0.006184000,0.417000000,0.414348000,0.000000000,0,0,0,-1,-1
6185,0.006185000,0.416976000,0.421488000,5.000000000,1,1,0,191,0
6186,0.006186000,0.416952000,0.428640000,0.000000000,0,0,0,-1,-1
6187,0.006187000,0.416928000,0.435780000,0.000000000,0,0,0,-1,-1
6188,0.006188000,0.416916000,0.442920000,0.000000000,0,0,0,-1,-1
6189,0.006189000,0.416892000,0.450060000,0.000000000,0,0,0,-1,-1
6190,0.006190000,0.416868000,0.457212000,0.000000000,0,0,0,-1,-1
6191,0.006191000,0.416844000,0.464352000,0.000000000,0,0,0,-1,-1
6192,0.006192000,0.416832000,0.471492000,0.000000000,0,0,0,-1,-1
6193,0.006193000,0.416808000,0.478644000,0.000000000,0,0,0,-1,-1
6194,0.006194000,0.416784000,0.485784000,0.000000000,0,0,0,-1,-1
6195,0.006195000,0.416760000,0.492924000,0.000000000,0,0,0,-1,-1
6196,0.006196000,0.416748000,0.500064000,0.000000000,0,0,0,-1,-1
6197,0.006197000,0.416724000,0.507216000,0.000000000,0,0,0,-1,-1
6198,0.006198000,0.416700000,0.514356000,0.000000000,0,0,0,-1,-1
6199,0.006199000,0.416676000,0.521496000,0.000000000,0,0,0,-1,-1
6200,0.006200000,0.416664000,0.528636000,0.000000000,0,0,0,-1,-1
6201,0.006201000,0.416640000,0.535788000,0.000000000,0,0,0,-1,-1
6202,0.006202000,0.416616000,0.542928000,0.000000000,0,0,0,-1,-1
6203,0.006203000,0.416592000,0.550068000,0.000000000,0,0,0,-1,-1
6204,0.006204000,0.416580000,0.557220000,0.000000000,0,0,0,-1,-1
6205,0.006205000,0.416556000,0.564360000,0.000000000,0,0,0,-1,-1
6206,0.006206000,0.416532000,0.571500000,0.000000000,0,0,0,-1,-1
6207,0.006207000,0.416508000,0.578640000,0.000000000,0,0,0,-1,-1
6208,0.006208000,0.416496000,0.585792000,0.000000000,0,0,0,-1,-1
6209,0.006209000,0.416472000,0.592932000,0.000000000,0,0,0,-1,-1
6210,0.006210000,0.416448000,0.600072000,0.000000000,0,0,0,-1,-1
6211,0.006211000,0.416424000,0.607212000,0.000000000,0,0,0,-1,-1
6212,0.006212000,0.416412000,0.614364000,0.000000000,0,0,0,-1,-1
6213,0.006213000,0.416388000,0.621504000,0.000000000,0,0,0,-1,-1
6214,0.006214000,0.416364000,0.628644000,0.000000000,0,0,0,-1,-1
6215,0.006215000,0.416340000,0.635784000,0.000000000,0,0,0,-1,-1
6216,0.006216000,0.416328000,0.642936000,0.000000000,0,0,0,-1,-1
6217,0.006217000,0.416304000,0.650076000,0.000000000,0,0,0,-1,-1
6218,0.006218000,0.416280000,0.657216000,0.000000000,0,0,0,-1,-1
6219,0.006219000,0.416256000,0.664356000,0.000000000,0,0,0,-1,-1
6220,0.006220000,0.416244000,0.671508000,0.000000000,0,0,0,-1,-1
6221,0.006221000,0.416220000,0.678648000,0.000000000,0,0,0,-1,-1
6222,0.006222000,0.416196000,0.685788000,0.000000000,0,0,0,-1,-1
6223,0.006223000,0.416172000,0.692928000,0.000000000,0,0,0,-1,-1
6224,0.006224000,0.416160000,0.700068000,0.000000000,0,0,0,-1,-1
6225,0.006225000,0.416136000,0.707220000,0.000000000,0,0,0,-1,-1
6226,0.006226000,0.416112000,0.714360000,0.000000000,0,0,0,-1,-1
6227,0.006227000,0.416088000,0.721500000,0.000000000,0,0,0,-1,-1
6228,0.006228000,0.416076000,0.728640000,0.000000000,0,0,0,-1,-1
6229,0.006229000,0.416052000,0.735792000,0.000000000,0,0,0,-1,-1
6230,0.006230000,0.416028000,0.742932000,0.000000000,0,0,0,-1,-1
6231,0.006231000,0.416004000,0.750072000,0.000000000,0,0,0,-1,-1
6232,0.006232000,0.415980000,0.757212000,0.000000000,0,0,0,-1,-1
6233,0.006233000,0.415968000,0.764364000,0.000000000,0,0,0,-1,-1
6234,0.006234000,0.415944000,0.771504000,0.000000000,0,0,0,-1,-1
6235,0.006235000,0.415920000,0.778644000,0.000000000,0,0,0,-1,-1
6236,0.006236000,0.415896000,0.785784000,0.000000000,0,0,0,-1,-1
6237,0.006237000,0.415884000,0.792924000,0.000000000,0,0,0,-1,-1
6238,0.006238000,0.415860000,0.800076000,0.000000000,0,0,0,-1,-1
6239,0.006239000,0.415836000,0.807216000,0.000000000,0,0,0,-1,-1
6240,0.006240000,0.415812000,0.814356000,0.000000000,0,0,0,-1,-1
6241,0.006241000,0.415800000,0.821496000,0.000000000,0,0,0,-1,-1
6242,0.006242000,0.415776000,0.828636000,0.000000000,0,0,0,-1,-1
6243,0.006243000,0.415752000,0.835788000,0.000000000,0,0,0,-1,-1
6244,0.006244000,0.415728000,0.842928000,0.000000000,0,0,0,-1,-1
6245,0.006245000,0.415716000,0.850068000,0.000000000,0,0,0,-1,-1
6246,0.006246000,0.415692000,0.857208000,0.000000000,0,0,0,-1,-1
6247,0.006247000,0.415668000,0.864348000,0.000000000,0,0,0,-1,-1
6248,0.006248000,0.415644000,0.871500000,0.000000000,0,0,0,-1,-1
6249,0.006249000,0.415632000,0.878640000,0.000000000,0,0,0,-1,-1
6250,0.006250000,0.415608000,0.885780000,0.000000000,0,0,0,-1,-1
6251,0.006251000,0.415584000,0.892920000,0.000000000,0,0,0,-1,-1
6252,0.006252000,0.415560000,0.900060000,0.000000000,0,0,0,-1,-1
6253,0.006253000,0.415548000,0.907212000,0.000000000,0,0,0,-1,-1
6254,0.006254000,0.415524000,0.914352000,0.000000000,0,0,0,-1,-1
6255,0.006255000,0.415500000,0.921492000,0.000000000,0,0,0,-1,-1
6256,0.006256000,0.415476000,0.928632000,0.000000000,0,0,0,-1,-1
6257,0.006257000,0.415464000,0.935772000,0.000000000,0,0,0,-1,-1
6258,0.006258000,0.415440000,0.942924000,0.000000000,0,0,0,-1,-1
6259,0.006259000,0.415416000,0.950064000,0.000000000,0,0,0,-1,-1
6260,0.006260000,0.415392000,0.957204000,0.000000000,0,0,0,-1,-1
6261,0.006261000,0.415380000,0.964344000,0.000000000,0,0,0,-1,-1
6262,0.006262000,0.415356000,0.971484000,0.000000000,0,0,0,-1,-1
6263,0.006263000,0.415332000,0.978636000,0.000000000,0,0,0,-1,-1
6264,0.006264000,0.415308000,0.985776000,0.000000000,0,0,0,-1,-1
6265,0.006265000,0.415296000,0.992916000,0.000000000,0,0,0,-1,-1
6266,0.006266000,0.415272000,1.000056000,0.000000000,0,0,0,-1,-1
6267,0.006267000,0.415248000,1.007196000,0.000000000,0,0,0,-1,-1
6268,0.006268000,0.415224000,1.014336000,0.000000000,0,0,0,-1,-1
6269,0.006269000,0.415212000,1.021488000,0.000000000,0,0,0,-1,-1
6270,0.006270000,0.415188000,1.028628000,0.000000000,0,0,0,-1,-1
6271,0.006271000,0.415164000,1.035768000,0.000000000,0,0,0,-1,-1
6272,0.006272000,0.415140000,1.042908000,0.000000000,0,0,0,-1,-1
6273,0.006273000,0.415128000,1.050048000,0.000000000,0,0,0,-1,-1
6274,0.006274000,0.415104000,1.057188000,0.000000000,0,0,0,-1,-1
6275,0.006275000,0.415080000,1.064340000,0.000000000,0,0,0,-1,-1
6276,0.006276000,0.415056000,1.071480000,0.000000000,0,0,0,-1,-1
6277,0.006277000,0.415044000,1.078620000,0.000000000,0,0,0,-1,-1
6278,0.006278000,0.415020000,1.085760000,0.000000000,0,0,0,-1,-1
6279,0.006279000,0.414996000,1.092900000,0.000000000,0,0,0,-1,-1
6280,0.006280000,0.414972000,1.100040000,0.000000000,0,0,0,-1,-1
6281,0.006281000,0.414960000,1.107192000,0.000000000,0,0,0,-1,-1
6282,0.006282000,0.414936000,1.114332000,0.000000000,0,0,0,-1,-1
6283,0.006283000,0.414912000,1.121472000,0.000000000,0,0,0,-1,-1
6284,0.006284000,0.414888000,1.128612000,0.000000000,0,0,0,-1,-1
6285,0.006285000,0.414876000,1.135752000,0.000000000,0,0,0,-1,-1
6286,0.006286000,0.414852000,1.142892000,0.000000000,0,0,0,-1,-1
6287,0.006287000,0.414828000,1.150032000,0.000000000,0,0,0,-1,-1
6288,0.006288000,0.414804000,1.157184000,0.000000000,0,0,0,-1,-1
6289,0.006289000,0.414792000,1.164324000,0.000000000,0,0,0,-1,-1
6290,0.006290000,0.414768000,1.171464000,0.000000000,0,0,0,-1,-1
6291,0.006291000,0.414744000,1.178604000,0.000000000,0,0,0,-1,-1
6292,0.006292000,0.414720000,1.185744000,0.000000000,0,0,0,-1,-1
6293,0.006293000,0.414696000,1.192884000,0.000000000,0,0,0,-1,-1
6294,0.006294000,0.414684000,1.200000000,0.000000000,0,0,0,-1,-1
6295,0.006295000,0.414660000,1.207200000,0.000000000,0,0,0,-1,-1
6296,0.006296000,0.414636000,1.214280000,0.000000000,0,0,0,-1,-1
6297,0.006297000,0.414612000,1.221480000,0.000000000,0,0,0,-1,-1
6298,0.006298000,0.414600000,1.228560000,0.000000000,0,0,0,-1,-1
6299,0.006299000,0.414576000,1.235760000,0.000000000,0,0,0,-1,-1
6300,0.006300000,0.414552000,1.242840000,0.000000000,0,0,0,-1,-1
6301,0.006301000,0.414528000,1.250040000,0.000000000,0,0,0,-1,-1
6302,0.006302000,0.414516000,1.257120000,0.000000000,0,0,0,-1,-1
6303,0.006303000,0.414492000,1.264320000,0.000000000,0,0,0,-1,-1
6304,0.006304000,0.414468000,1.271400000,0.000000000,0,0,0,-1,-1
6305,0.006305000,0.414444000,1.278600000,0.000000000,0,0,0,-1,-1
6306,0.006306000,0.414432000,1.285680000,0.000000000,0,0,0,-1,-1
6307,0.006307000,0.414408000,1.292880000,0.000000000,0,0,0,-1,-1
6308,0.006308000,0.414384000,1.299960000,0.000000000,0,0,0,-1,-1
6309,0.006309000,0.414360000,1.307160000,0.000000000,0,0,0,-1,-1
6310,0.006310000,0.414348000,1.314240000,0.000000000,0,0,0,-1,-1
6311,0.006311000,0.414324000,1.321440000,0.000000000,0,0,0,-1,-1
6312,0.006312000,0.414300000,1.328520000,0.000000000,0,0,0,-1,-1
6313,0.006313000,0.414276000,1.335720000,0.000000000,0,0,0,-1,-1
6314,0.006314000,0.414264000,1.342800000,0.000000000,0,0,0,-1,-1
6315,0.006315000,0.414240000,1.350000000,0.000000000,0,0,0,-1,-1
6316,0.006316000,0.414216000,1.357200000,0.000000000,0,0,0,-1,-1
6317,0.006317000,0.414192000,1.364280000,0.000000000,0,0,0,-1,-1
6318,0.006318000,0.414180000,1.371480000,0.000000000,0,0,0,-1,-1
6319,0.006319000,0.414156000,1.378560000,0.000000000,0,0,0,-1,-1
6320,0.006320000,0.414132000,1.385760000,0.000000000,0,0,0,-1,-1
6321,0.006321000,0.414108000,1.392840000,0.000000000,0,0,0,-1,-1
6322,0.006322000,0.414096000,1.400040000,0.000000000,0,0,0,-1,-1
6323,0.006323000,0.414072000,1.407120000,0.000000000,0,0,0,-1,-1
6324,0.006324000,0.414048000,1.414320000,0.000000000,0,0,0,-1,-1
6325,0.006325000,0.414024000,1.421400000,0.000000000,0,0,0,-1,-1
6326,0.006326000,0.414012000,1.428600000,0.000000000,0,0,0,-1,-1
6327,0.006327000,0.413988000,1.435680000,0.000000000,0,0,0,-1,-1
6328,0.006328000,0.413964000,1.442880000,0.000000000,0,0,0,-1,-1
6329,0.006329000,0.413940000,1.449960000,0.000000000,0,0,0,-1,-1
6330,0.006330000,0.413928000,1.457160000,0.000000000,0,0,0,-1,-1
6331,0.006331000,0.413904000,1.464240000,0.000000000,0,0,0,-1,-1
6332,0.006332000,0.413880000,1.471440000,0.000000000,0,0,0,-1,-1
6333,0.006333000,0.413856000,1.478520000,0.000000000,0,0,0,-1,-1
6334,0.006334000,0.413844000,1.485720000,0.000000000,0,0,0,-1,-1
6335,0.006335000,0.413820000,1.492800000,0.000000000,0,0,0,-1,-1
6336,0.006336000,0.413796000,1.500000000,0.000000000,0,0,0,-1,-1
6337,0.006337000,0.413772000,1.507080000,0.000000000,0,0,0,-1,-1
6338,0.006338000,0.413760000,1.514280000,0.000000000,0,0,0,-1,-1
6339,0.006339000,0.413736000,1.521360000,0.000000000,0,0,0,-1,-1
6340,0.006340000,0.413712000,1.528560000,0.000000000,0,0,0,-1,-1
6341,0.006341000,0.413688000,1.535640000,0.000000000,0,0,0,-1,-1
6342,0.006342000,0.413676000,1.542840000,0.000000000,0,0,0,-1,-1
6343,0.006343000,0.413652000,1.549920000,0.000000000,0,0,0,-1,-1
6344,0.006344000,0.413628000,1.557120000,0.000000000,0,0,0,-1,-1
6345,0.006345000,0.413604000,1.564200000,0.000000000,0,0,0,-1,-1
6346,0.006346000,0.413592000,1.571400000,0.000000000,0,0,0,-1,-1
6347,0.006347000,0.413568000,1.578480000,0.000000000,0,0,0,-1,-1
6348,0.006348000,0.413544000,1.585680000,0.000000000,0,0,0,-1,-1
6349,0.006349000,0.413520000,1.592760000,0.000000000,0,0,0,-1,-1
6350,0.006350000,0.413508000,1.599960000,0.000000000,0,0,0,-1,-1
6351,0.006351000,0.413484000,1.607040000,0.000000000,0,0,0,-1,-1
6352,0.006352000,0.413460000,1.614240000,0.000000000,0,0,0,-1,-1
6353,0.006353000,0.413436000,1.621320000,0.000000000,0,0,0,-1,-1
6354,0.006354000,0.413424000,1.628520000,0.000000000,0,0,0,-1,-1
6355,0.006355000,0.417216000,1.634880000,0.000000000,0,0,0,-1,-1
6356,0.006356000,0.417192000,1.641960000,0.000000000,0,0,0,-1,-1
6357,0.006357000,0.417168000,1.649160000,0.000000000,0,0,0,-1,-1
6358,0.006358000,0.420960000,1.655400000,0.000000000,0,0,0,-1,-1
6359,0.006359000,0.420936000,1.662600000,0.000000000,0,0,0,-1,-1
6360,0.006360000,0.424728000,1.668840000,0.000000000,0,0,0,-1,-1
6361,0.006361000,0.428508000,1.675200000,0.000000000,0,0,0,-1,-1
6362,0.006362000,0.432288000,1.681440000,0.000000000,0,0,0,-1,-1
6363,0.006363000,0.436068000,1.687800000,0.000000000,0,0,0,-1,-1
6364,0.006364000,0.439836000,1.694040000,0.000000000,0,0,0,-1,-1
6365,0.006365000,0.443628000,1.693200000,0.000000000,0,0,0,-1,-1
6366,0.006366000,0.447384000,1.699560000,0.000000000,0,0,0,-1,-1
6367,0.006367000,0.451164000,1.698720000,0.000000000,0,0,0,-1,-1
6368,0.006368000,0.454944000,1.697880000,0.000000000,0,0,0,-1,-1
6369,0.006369000,0.458700000,1.704120000,0.000000000,0,0,0,-1,-1
6370,0.006370000,0.462468000,1.703280000,0.000000000,0,0,0,-1,-1
6371,0.006371000,0.466236000,1.702440000,0.000000000,0,0,0,-1,-1
6372,0.006372000,0.470004000,1.701600000,0.000000000,0,0,0,-1,-1
6373,0.006373000,0.473760000,1.700760000,0.000000000,0,0,0,-1,-1
6374,0.006374000,0.477516000,1.699920000,0.000000000,0,0,0,-1,-1
6375,0.006375000,0.481272000,1.699080000,0.000000000,0,0,0,-1,-1
6376,0.006376000,0.485040000,1.691280000,0.000000000,0,0,0,-1,-1
6377,0.006377000,0.488784000,1.690440000,0.000000000,0,0,0,-1,-1
6378,0.006378000,0.492528000,1.689600000,0.000000000,0,0,0,-1,-1
6379,0.006379000,0.496284000,1.681680000,0.000000000,0,0,0,-1,-1
6380,0.006380000,0.500016000,1.680840000,0.000000000,0,0,0,-1,-1
6381,0.006381000,0.503760000,1.673040000,0.000000000,0,0,0,-1,-1
6382,0.006382000,0.507516000,1.665120000,0.000000000,0,0,0,-1,-1
6383,0.006383000,0.511260000,1.657320000,0.000000000,0,0,0,-1,-1
6384,0.006384000,0.514992000,1.649400000,0.000000000,0,0,0,-1,-1
6385,0.006385000,0.518736000,1.641600000,0.000000000,0,0,0,-1,-1
6386,0.006386000,0.518760000,1.634520000,0.000000000,0,0,0,-1,-1
6387,0.006387000,0.522492000,1.626720000,0.000000000,0,0,0,-1,-1
6388,0.006388000,0.522504000,1.619640000,0.000000000,0,0,0,-1,-1
6389,0.006389000,0.522528000,1.612680000,0.000000000,0,0,0,-1,-1
6390,0.006390000,0.526260000,1.604760000,0.000000000,0,0,0,-1,-1
6391,0.006391000,0.526284000,1.597800000,0.000000000,0,0,0,-1,-1
6392,0.006392000,0.526296000,1.590720000,0.000000000,0,0,0,-1,-1
6393,0.006393000,0.526320000,1.583640000,0.000000000,0,0,0,-1,-1
6394,0.006394000,0.526344000,1.576680000,5.000000000,1,1,0,192,0
6395,0.006395000,0.526368000,1.569600000,0.000000000,0,0,0,-1,-1
6396,0.006396000,0.526380000,1.562640000,0.000000000,0,0,0,-1,-1
6397,0.006397000,0.526404000,1.555560000,0.000000000,0,0,0,-1,-1
6398,0.006398000,0.526428000,1.548480000,0.000000000,0,0,0,-1,-1
6399,0.006399000,0.526452000,1.541520000,0.000000000,0,0,0,-1,-1
6400,0.006400000,0.526464000,1.534440000,0.000000000,0,0,0,-1,-1
6401,0.006401000,0.526488000,1.527360000,0.000000000,0,0,0,-1,-1
6402,0.006402000,0.526512000,1.520400000,0.000000000,0,0,0,-1,-1
6403,0.006403000,0.526524000,1.513320000,0.000000000,0,0,0,-1,-1
6404,0.006404000,0.526548000,1.506240000,0.000000000,0,0,0,-1,-1
6405,0.006405000,0.526572000,1.499280000,0.000000000,0,0,0,-1,-1
6406,0.006406000,0.526596000,1.492200000,0.000000000,0,0,0,-1,-1
6407,0.006407000,0.526608000,1.485240000,0.000000000,0,0,0,-1,-1
6408,0.006408000,0.526632000,1.478160000,0.000000000,0,0,0,-1,-1
6409,0.006409000,0.526656000,1.471080000,0.000000000,0,0,0,-1,-1
6410,0.006410000,0.526680000,1.464120000,0.000000000,0,0,0,-1,-1
6411,0.006411000,0.526692000,1.457040000,0.000000000,0,0,0,-1,-1
6412,0.006412000,0.526716000,1.449960000,5.000000000,1,1,0,193,0
6413,0.006413000,0.526740000,1.443000000,0.000000000,0,0,0,-1,-1
6414,0.006414000,0.526764000,1.435920000,0.000000000,0,0,0,-1,-1
6415,0.006415000,0.526776000,1.428840000,0.000000000,0,0,0,-1,-1
6416,0.006416000,0.526800000,1.421880000,0.000000000,0,0,0,-1,-1
6417,0.006417000,0.526824000,1.414800000,0.000000000,0,0,0,-1,-1
6418,0.006418000,0.526848000,1.407720000,0.000000000,0,0,0,-1,-1
6419,0.006419000,0.526860000,1.400760000,0.000000000,0,0,0,-1,-1
6420,0.006420000,0.526884000,1.393680000,0.000000000,0,0,0,-1,-1
6421,0.006421000,0.526908000,1.386720000,0.000000000,0,0,0,-1,-1
6422,0.006422000,0.526932000,1.379640000,0.000000000,0,0,0,-1,-1
6423,0.006423000,0.526944000,1.372560000,0.000000000,0,0,0,-1,-1
6424,0.006424000,0.526968000,1.365600000,0.000000000,0,0,0,-1,-1
6425,0.006425000,0.526992000,1.358520000,0.000000000,0,0,0,-1,-1
6426,0.006426000,0.527004000,1.351440000,0.000000000,0,0,0,-1,-1
6427,0.006427000,0.527028000,1.344480000,0.000000000,0,0,0,-1,-1
6428,0.006428000,0.527052000,1.337400000,0.000000000,0,0,0,-1,-1
6429,0.006429000,0.527076000,1.330320000,0.000000000,0,0,0,-1,-1
6430,0.006430000,0.527088000,1.323360000,5.000000000,1,1,0,194,0
6431,0.006431000,0.527112000,1.316280000,0.000000000,0,0,0,-1,-1
6432,0.006432000,0.527136000,1.309200000,0.000000000,0,0,0,-1,-1
6433,0.006433000,0.527160000,1.302240000,0.000000000,0,0,0,-1,-1
6434,0.006434000,0.527172000,1.295160000,0.000000000,0,0,0,-1,-1
6435,0.006435000,0.527196000,1.288080000,0.000000000,0,0,0,-1,-1
6436,0.006436000,0.527220000,1.281120000,0.000000000,0,0,0,-1,-1
6437,0.006437000,0.527244000,1.274040000,0.000000000,0,0,0,-1,-1
6438,0.006438000,0.527256000,1.267080000,0.000000000,0,0,0,-1,-1
6439,0.006439000,0.527280000,1.260000000,0.000000000,0,0,0,-1,-1
6440,0.006440000,0.527304000,1.252920000,0.000000000,0,0,0,-1,-1
6441,0.006441000,0.527328000,1.245960000,0.000000000,0,0,0,-1,-1
6442,0.006442000,0.527340000,1.238880000,0.000000000,0,0,0,-1,-1
6443,0.006443000,0.527364000,1.231800000,0.000000000,0,0,0,-1,-1
6444,0.006444000,0.527388000,1.224840000,0.000000000,0,0,0,-1,-1
6445,0.006445000,0.527412000,1.217760000,0.000000000,0,0,0,-1,-1
6446,0.006446000,0.527424000,1.210680000,0.000000000,0,0,0,-1,-1
6447,0.006447000,0.527448000,1.203720000,0.000000000,0,0,0,-1,-1
6448,0.006448000,0.527472000,1.196652000,5.000000000,1,1,0,195,0
6449,0.006449000,0.527484000,1.189608000,0.000000000,0,0,0,-1,-1
6450,0.006450000,0.527508000,1.182576000,0.000000000,0,0,0,-1,-1
6451,0.006451000,0.527532000,1.175532000,0.000000000,0,0,0,-1,-1
6452,0.006452000,0.527556000,1.168500000,0.000000000,0,0,0,-1,-1
6453,0.006453000,0.527568000,1.161456000,0.000000000,0,0,0,-1,-1
6454,0.006454000,0.527592000,1.154424000,0.000000000,0,0,0,-1,-1
6455,0.006455000,0.527616000,1.147380000,0.000000000,0,0,0,-1,-1
6456,0.006456000,0.527640000,1.140348000,0.000000000,0,0,0,-1,-1
6457,0.006457000,0.527652000,1.133304000,0.000000000,0,0,0,-1,-1
6458,0.006458000,0.527676000,1.126272000,0.000000000,0,0,0,-1,-1
6459,0.006459000,0.527700000,1.119228000,0.000000000,0,0,0,-1,-1
6460,0.006460000,0.527724000,1.112196000,0.000000000,0,0,0,-1,-1
6461,0.006461000,0.527736000,1.105152000,0.000000000,0,0,0,-1,-1
6462,0.006462000,0.527760000,1.098120000,0.000000000,0,0,0,-1,-1
6463,0.006463000,0.527784000,1.091076000,0.000000000,0,0,0,-1,-1
6464,0.006464000,0.527808000,1.084044000,0.000000000,0,0,0,-1,-1
6465,0.006465000,0.527820000,1.077000000,0.000000000,0,0,0,-1,-1
6466,0.006466000,0.527844000,1.069968000,5.000000000,1,1,0,196,0
6467,0.006467000,0.527868000,1.062924000,0.000000000,0,0,0,-1,-1
6468,0.006468000,0.527892000,1.055892000,0.000000000,0,0,0,-1,-1
6469,0.006469000,0.527904000,1.048848000,0.000000000,0,0,0,-1,-1
6470,0.006470000,0.527928000,1.041816000,0.000000000,0,0,0,-1,-1
6471,0.006471000,0.527952000,1.034772000,0.000000000,0,0,0,-1,-1
6472,0.006472000,0.527964000,1.027740000,0.000000000,0,0,0,-1,-1
6473,0.006473000,0.527988000,1.020696000,0.000000000,0,0,0,-1,-1
6474,0.006474000,0.528012000,1.013664000,0.000000000,0,0,0,-1,-1
6475,0.006475000,0.528036000,1.006620000,0.000000000,0,0,0,-1,-1
6476,0.006476000,0.528048000,0.999588000,0.000000000,0,0,0,-1,-1
6477,0.006477000,0.528072000,0.992544000,0.000000000,0,0,0,-1,-1
6478,0.006478000,0.528096000,0.985512000,0.000000000,0,0,0,-1,-1
6479,0.006479000,0.528120000,0.978468000,0.000000000,0,0,0,-1,-1
6480,0.006480000,0.528132000,0.971436000,0.000000000,0,0,0,-1,-1
6481,0.006481000,0.528156000,0.964392000,0.000000000,0,0,0,-1,-1
6482,0.006482000,0.528180000,0.957360000,0.000000000,0,0,0,-1,-1
6483,0.006483000,0.528204000,0.950316000,0.000000000,0,0,0,-1,-1
6484,0.006484000,0.528216000,0.943284000,5.000000000,1,1,0,197,0
6485,0.006485000,0.528240000,0.936240000,0.000000000,0,0,0,-1,-1
6486,0.006486000,0.528264000,0.929208000,0.000000000,0,0,0,-1,-1
6487,0.006487000,0.528288000,0.922164000,0.000000000,0,0,0,-1,-1
6488,0.006488000,0.528300000,0.915132000,0.000000000,0,0,0,-1,-1
6489,0.006489000,0.528324000,0.908088000,0.000000000,0,0,0,-1,-1
6490,0.006490000,0.528348000,0.901044000,0.000000000,0,0,0,-1,-1
6491,0.006491000,0.528372000,0.894012000,0.000000000,0,0,0,-1,-1
6492,0.006492000,0.528384000,0.886968000,0.000000000,0,0,0,-1,-1
6493,0.006493000,0.528408000,0.879936000,0.000000000,0,0,0,-1,-1
6494,0.006494000,0.528432000,0.872892000,0.000000000,0,0,0,-1,-1
6495,0.006495000,0.528444000,0.865860000,0.000000000,0,0,0,-1,-1
6496,0.006496000,0.528468000,0.858816000,0.000000000,0,0,0,-1,-1
6497,0.006497000,0.528492000,0.851784000,0.000000000,0,0,0,-1,-1
6498,0.006498000,0.528516000,0.844740000,0.000000000,0,0,0,-1,-1
6499,0.006499000,0.528528000,0.837708000,0.000000000,0,0,0,-1,-1
6500,0.006500000,0.528552000,0.830664000,0.000000000,0,0,0,-1,-1
6501,0.006501000,0.528576000,0.823632000,0.000000000,0,0,0,-1,-1
6502,0.006502000,0.528600000,0.816588000,5.000000000,1,1,0,198,0
6503,0.006503000,0.528612000,0.809544000,0.000000000,0,0,0,-1,-1
6504,0.006504000,0.528636000,0.802512000,0.000000000,0,0,0,-1,-1
6505,0.006505000,0.528660000,0.795468000,0.000000000,0,0,0,-1,-1
6506,0.006506000,0.528684000,0.788436000,0.000000000,0,0,0,-1,-1
6507,0.006507000,0.528696000,0.781392000,0.000000000,0,0,0,-1,-1
6508,0.006508000,0.528720000,0.774360000,0.000000000,0,0,0,-1,-1
6509,0.006509000,0.528744000,0.767316000,0.000000000,0,0,0,-1,-1
6510,0.006510000,0.528768000,0.760284000,0.000000000,0,0,0,-1,-1
6511,0.006511000,0.528780000,0.753240000,0.000000000,0,0,0,-1,-1
6512,0.006512000,0.528804000,0.746196000,0.000000000,0,0,0,-1,-1
6513,0.006513000,0.528828000,0.739164000,0.000000000,0,0,0,-1,-1
6514,0.006514000,0.528852000,0.732120000,0.000000000,0,0,0,-1,-1
6515,0.006515000,0.528864000,0.725088000,0.000000000,0,0,0,-1,-1
6516,0.006516000,0.528888000,0.718044000,0.000000000,0,0,0,-1,-1
6517,0.006517000,0.528912000,0.711012000,0.000000000,0,0,0,-1,-1
6518,0.006518000,0.528924000,0.703968000,0.000000000,0,0,0,-1,-1
6519,0.006519000,0.528948000,0.696924000,0.000000000,0,0,0,-1,-1
6520,0.006520000,0.528972000,0.689892000,5.000000000,1,1,0,199,0
6521,0.006521000,0.528996000,0.682848000,0.000000000,0,0,0,-1,-1
6522,0.006522000,0.529008000,0.675816000,0.000000000,0,0,0,-1,-1
6523,0.006523000,0.529032000,0.668772000,0.000000000,0,0,0,-1,-1
6524,0.006524000,0.529056000,0.661740000,0.000000000,0,0,0,-1,-1
6525,0.006525000,0.529080000,0.654696000,0.000000000,0,0,0,-1,-1
6526,0.006526000,0.529092000,0.647652000,0.000000000,0,0,0,-1,-1
6527,0.006527000,0.529116000,0.640620000,0.000000000,0,0,0,-1,-1
6528,0.006528000,0.529140000,0.633576000,0.000000000,0,0,0,-1,-1
6529,0.006529000,0.529164000,0.626544000,0.000000000,0,0,0,-1,-1
6530,0.006530000,0.529176000,0.619500000,0.000000000,0,0,0,-1,-1
6531,0.006531000,0.529200000,0.612456000,0.000000000,0,0,0,-1,-1
6532,0.006532000,0.529224000,0.605424000,0.000000000,0,0,0,-1,-1
6533,0.006533000,0.529248000,0.598380000,0.000000000,0,0,0,-1,-1
6534,0.006534000,0.529260000,0.591348000,0.000000000,0,0,0,-1,-1
6535,0.006535000,0.529284000,0.584304000,0.000000000,0,0,0,-1,-1
6536,0.006536000,0.529308000,0.577260000,0.000000000,0,0,0,-1,-1
6537,0.006537000,0.529332000,0.570228000,0.000000000,0,0,0,-1,-1
6538,0.006538000,0.529344000,0.563184000,5.000000000,1,1,0,200,0
6539,0.006539000,0.529368000,0.556152000,0.000000000,0,0,0,-1,-1
6540,0.006540000,0.529392000,0.549108000,0.000000000,0,0,0,-1,-1
6541,0.006541000,0.529404000,0.542064000,0.000000000,0,0,0,-1,-1
6542,0.006542000,0.529428000,0.535032000,0.000000000,0,0,0,-1,-1
6543,0.006543000,0.529452000,0.527988000,0.000000000,0,0,0,-1,-1
6544,0.006544000,0.529476000,0.520956000,0.000000000,0,0,0,-1,-1
6545,0.006545000,0.529488000,0.513912000,0.000000000,0,0,0,-1,-1
6546,0.006546000,0.529512000,0.506868000,0.000000000,0,0,0,-1,-1
6547,0.006547000,0.529536000,0.499836000,0.000000000,0,0,0,-1,-1
6548,0.006548000,0.529560000,0.492792000,0.000000000,0,0,0,-1,-1
6549,0.006549000,0.529572000,0.485760000,0.000000000,0,0,0,-1,-1
6550,0.006550000,0.529596000,0.478716000,0.000000000,0,0,0,-1,-1
6551,0.006551000,0.529620000,0.471672000,0.000000000,0,0,0,-1,-1
6552,0.006552000,0.529644000,0.464640000,0.000000000,0,0,0,-1,-1
6553,0.006553000,0.529656000,0.457596000,0.000000000,0,0,0,-1,-1
6554,0.006554000,0.529680000,0.450564000,0.000000000,0,0,0,-1,-1
6555,0.006555000,0.529704000,0.443520000,0.000000000,0,0,0,-1,-1
6556,0.006556000,0.529728000,0.436476000,5.000000000,1,1,0,201,0
6557,0.006557000,0.529740000,0.429444000,0.000000000,0,0,0,-1,-1
6558,0.006558000,0.529764000,0.422400000,0.000000000,0,0,0,-1,-1
6559,0.006559000,0.529788000,0.415356000,0.000000000,0,0,0,-1,-1
6560,0.006560000,0.529812000,0.408324000,0.000000000,0,0,0,-1,-1
6561,0.006561000,0.529824000,0.401280000,0.000000000,0,0,0,-1,-1
6562,0.006562000,0.529848000,0.394236000,0.000000000,0,0,0,-1,-1
6563,0.006563000,0.529872000,0.387204000,0.000000000,0,0,0,-1,-1
6564,0.006564000,0.529896000,0.380160000,0.000000000,0,0,0,-1,-1
6565,0.006565000,0.529908000,0.373128000,0.000000000,0,0,0,-1,-1
6566,0.006566000,0.529932000,0.366084000,0.000000000,0,0,0,-1,-1
6567,0.006567000,0.529956000,0.359040000,0.000000000,0,0,0,-1,-1
6568,0.006568000,0.529968000,0.352008000,0.000000000,0,0,0,-1,-1
6569,0.006569000,0.529992000,0.344964000,0.000000000,0,0,0,-1,-1
6570,0.006570000,0.530016000,0.337920000,0.000000000,0,0,0,-1,-1
6571,0.006571000,0.530040000,0.330888000,0.000000000,0,0,0,-1,-1
6572,0.006572000,0.530052000,0.323844000,0.000000000,0,0,0,-1,-1
6573,0.006573000,0.530076000,0.316800000,0.000000000,0,0,0,-1,-1
6574,0.006574000,0.530100000,0.309768000,5.000000000,1,1,0,202,0
6575,0.006575000,0.530124000,0.302724000,0.000000000,0,0,0,-1,-1
6576,0.006576000,0.530136000,0.295692000,0.000000000,0,0,0,-1,-1
6577,0.006577000,0.530160000,0.288648000,0.000000000,0,0,0,-1,-1
6578,0.006578000,0.530184000,0.281604000,0.000000000,0,0,0,-1,-1
6579,0.006579000,0.530208000,0.274572000,0.000000000,0,0,0,-1,-1
6580,0.006580000,0.530220000,0.267528000,0.000000000,0,0,0,-1,-1
6581,0.006581000,0.530244000,0.260484000,0.000000000,0,0,0,-1,-1
6582,0.006582000,0.530268000,0.253452000,0.000000000,0,0,0,-1,-1
6583,0.006583000,0.530292000,0.246408000,0.000000000,0,0,0,-1,-1
6584,0.006584000,0.530304000,0.239364000,0.000000000,0,0,0,-1,-1
6585,0.006585000,0.530328000,0.232332000,0.000000000,0,0,0,-1,-1
6586,0.006586000,0.530352000,0.225288000,0.000000000,0,0,0,-1,-1
6587,0.006587000,0.530376000,0.218244000,0.000000000,0,0,0,-1,-1
6588,0.006588000,0.530388000,0.211212000,0.000000000,0,0,0,-1,-1
6589,0.006589000,0.530412000,0.204168000,0.000000000,0,0,0,-1,-1
6590,0.006590000,0.530436000,0.197124000,0.000000000,0,0,0,-1,-1
6591,0.006591000,0.530448000,0.190092000,0.000000000,0,0,0,-1,-1
6592,0.006592000,0.530472000,0.183048000,5.000000000,1,1,0,203,0
6593,0.006593000,0.530496000,0.176004000,0.000000000,0,0,0,-1,-1
6594,0.006594000,0.530520000,0.168972000,0.000000000,0,0,0,-1,-1
6595,0.006595000,0.530532000,0.161928000,0.000000000,0,0,0,-1,-1
6596,0.006596000,0.530556000,0.154884000,0.000000000,0,0,0,-1,-1
6597,0.006597000,0.530580000,0.147852000,0.000000000,0,0,0,-1,-1
6598,0.006598000,0.530604000,0.140808000,0.000000000,0,0,0,-1,-1
6599,0.006599000,0.530616000,0.133764000,0.000000000,0,0,0,-1,-1
6600,0.006600000,0.530640000,0.126732000,0.000000000,0,0,0,-1,-1
6601,0.006601000,0.530664000,0.119685600,0.000000000,0,0,0,-1,-1
6602,0.006602000,0.530688000,0.112645200,0.000000000,0,0,0,-1,-1
6603,0.006603000,0.530700000,0.105606000,0.000000000,0,0,0,-1,-1
6604,0.006604000,0.530724000,0.098565600,0.000000000,0,0,0,-1,-1
6605,0.006605000,0.530748000,0.091525200,0.000000000,0,0,0,-1,-1
6606,0.006606000,0.530772000,0.084484800,0.000000000,0,0,0,-1,-1
6607,0.006607000,0.530784000,0.077444400,0.000000000,0,0,0,-1,-1
6608,0.006608000,0.530808000,0.070404000,0.000000000,0,0,0,-1,-1
6609,0.006609000,0.530832000,0.063363600,0.000000000,0,0,0,-1,-1
6610,0.006610000,0.530856000,0.056323200,5.000000000,1,1,0,204,0
6611,0.006611000,0.530868000,0.049282800,0.000000000,0,0,0,-1,-1
6612,0.006612000,0.530892000,0.042242400,0.000000000,0,0,0,-1,-1
6613,0.006613000,0.530916000,0.035202000,0.000000000,0,0,0,-1,-1
6614,0.006614000,0.530928000,0.028161600,0.000000000,0,0,0,-1,-1
6615,0.006615000,0.530952000,0.021121200,0.000000000,0,0,0,-1,-1
6616,0.006616000,0.530976000,0.014080800,0.000000000,0,0,0,-1,-1
6617,0.006617000,0.531000000,0.007040520,0.000000000,0,0,0,-1,-1
6618,0.006618000,0.531012000,0.000000000,0.000000000,0,0,0,-1,-1
6619,0.006619000,0.531036000,-0.007040520,0.000000000,0,0,0,-1,-1
6620,0.006620000,0.531060000,-0.014080800,0.000000000,0,0,0,-1,-1
6621,0.006621000,0.531084000,-0.021121200,0.000000000,0,0,0,-1,-1
6622,0.006622000,0.531096000,-0.028161600,0.000000000,0,0,0,-1,-1
6623,0.006623000,0.531120000,-0.035203200,0.000000000,0,0,0,-1,-1
6624,0.006624000,0.531144000,-0.042243600,0.000000000,0,0,0,-1,-1
6625,0.006625000,0.531168000,-0.049284000,0.000000000,0,0,0,-1,-1
6626,0.006626000,0.531180000,-0.056324400,0.000000000,0,0,0,-1,-1
6627,0.006627000,0.531204000,-0.063364800,0.000000000,0,0,0,-1,-1
6628,0.006628000,0.531228000,-0.070405200,5.000000000,1,1,0,205,0
6629,0.006629000,0.531252000,-0.077446800,0.000000000,0,0,0,-1,-1
6630,0.006630000,0.531264000,-0.084487200,0.000000000,0,0,0,-1,-1
6631,0.006631000,0.531288000,-0.091527600,0.000000000,0,0,0,-1,-1
6632,0.006632000,0.531312000,-0.098568000,0.000000000,0,0,0,-1,-1
6633,0.006633000,0.531336000,-0.105609600,0.000000000,0,0,0,-1,-1
6634,0.006634000,0.531348000,-0.112650000,0.000000000,0,0,0,-1,-1
6635,0.006635000,0.531372000,-0.119690400,0.000000000,0,0,0,-1,-1
6636,0.006636000,0.531396000,-0.126732000,0.000000000,0,0,0,-1,-1
6637,0.006637000,0.531408000,-0.133776000,0.000000000,0,0,0,-1,-1
6638,0.006638000,0.531432000,-0.140808000,0.000000000,0,0,0,-1,-1
6639,0.006639000,0.531456000,-0.147852000,0.000000000,0,0,0,-1,-1
6640,0.006640000,0.531480000,-0.154896000,0.000000000,0,0,0,-1,-1
6641,0.006641000,0.531492000,-0.161940000,0.000000000,0,0,0,-1,-1
6642,0.006642000,0.531516000,-0.168972000,0.000000000,0,0,0,-1,-1
6643,0.006643000,0.531540000,-0.176016000,0.000000000,0,0,0,-1,-1
6644,0.006644000,0.531564000,-0.183060000,0.000000000,0,0,0,-1,-1
6645,0.006645000,0.531576000,-0.190104000,0.000000000,0,0,0,-1,-1
6646,0.006646000,0.531600000,-0.197136000,5.000000000,1,1,0,206,0
6647,0.006647000,0.531624000,-0.204180000,0.000000000,0,0,0,-1,-1
6648,0.006648000,0.531648000,-0.211224000,0.000000000,0,0,0,-1,-1
6649,0.006649000,0.531660000,-0.218268000,0.000000000,0,0,0,-1,-1
6650,0.006650000,0.531684000,-0.225300000,0.000000000,0,0,0,-1,-1
6651,0.006651000,0.531708000,-0.232344000,0.000000000,0,0,0,-1,-1
6652,0.006652000,0.531732000,-0.239388000,0.000000000,0,0,0,-1,-1
6653,0.006653000,0.531744000,-0.246432000,0.000000000,0,0,0,-1,-1
6654,0.006654000,0.531768000,-0.253464000,0.000000000,0,0,0,-1,-1
6655,0.006655000,0.531792000,-0.260508000,0.000000000,0,0,0,-1,-1
6656,0.006656000,0.531816000,-0.267552000,0.000000000,0,0,0,-1,-1
6657,0.006657000,0.531828000,-0.274596000,0.000000000,0,0,0,-1,-1
6658,0.006658000,0.531852000,-0.281628000,0.000000000,0,0,0,-1,-1
6659,0.006659000,0.531876000,-0.288672000,0.000000000,0,0,0,-1,-1
6660,0.006660000,0.531900000,-0.295716000,0.000000000,0,0,0,-1,-1
6661,0.006661000,0.531912000,-0.302760000,0.000000000,0,0,0,-1,-1
6662,0.006662000,0.531936000,-0.309792000,0.000000000,0,0,0,-1,-1
6663,0.006663000,0.531960000,-0.316836000,0.000000000,0,0,0,-1,-1
6664,0.006664000,0.531972000,-0.323880000,5.000000000,1,1,0,207,0
6665,0.006665000,0.531996000,-0.330924000,0.000000000,0,0,0,-1,-1
6666,0.006666000,0.532020000,-0.337968000,0.000000000,0,0,0,-1,-1
6667,0.006667000,0.532044000,-0.345000000,0.000000000,0,0,0,-1,-1
6668,0.006668000,0.532056000,-0.352044000,0.000000000,0,0,0,-1,-1
6669,0.006669000,0.532080000,-0.359088000,0.000000000,0,0,0,-1,-1
6670,0.006670000,0.532104000,-0.366132000,0.000000000,0,0,0,-1,-1
6671,0.006671000,0.532128000,-0.373164000,0.000000000,0,0,0,-1,-1
6672,0.006672000,0.532140000,-0.380208000,0.000000000,0,0,0,-1,-1
6673,0.006673000,0.532164000,-0.387252000,0.000000000,0,0,0,-1,-1
6674,0.006674000,0.532188000,-0.394296000,0.000000000,0,0,0,-1,-1
6675,0.006675000,0.532212000,-0.401340000,0.000000000,0,0,0,-1,-1
6676,0.006676000,0.532224000,-0.408372000,0.000000000,0,0,0,-1,-1
6677,0.006677000,0.532248000,-0.415416000,0.000000000,0,0,0,-1,-1
6678,0.006678000,0.532272000,-0.422460000,0.000000000,0,0,0,-1,-1
6679,0.006679000,0.532296000,-0.429504000,0.000000000,0,0,0,-1,-1
6680,0.006680000,0.532308000,-0.436536000,0.000000000,0,0,0,-1,-1
6681,0.006681000,0.532332000,-0.443580000,0.000000000,0,0,0,-1,-1
6682,0.006682000,0.532356000,-0.450624000,0.000000000,0,0,0,-1,-1
6683,0.006683000,0.532380000,-0.457668000,0.000000000,0,0,0,-1,-1
6684,0.006684000,0.532392000,-0.464712000,0.000000000,0,0,0,-1,-1
6685,0.006685000,0.532416000,-0.471744000,0.000000000,0,0,0,-1,-1
6686,0.006686000,0.532440000,-0.478788000,0.000000000,0,0,0,-1,-1
6687,0.006687000,0.532452000,-0.485832000,0.000000000,0,0,0,-1,-1
6688,0.006688000,0.532476000,-0.492876000,0.000000000,0,0,0,-1,-1
6689,0.006689000,0.532500000,-0.499920000,0.000000000,0,0,0,-1,-1
6690,0.006690000,0.532524000,-0.506952000,0.000000000,0,0,0,-1,-1
6691,0.006691000,0.532536000,-0.513996000,0.000000000,0,0,0,-1,-1
6692,0.006692000,0.532560000,-0.521040000,0.000000000,0,0,0,-1,-1
6693,0.006693000,0.532584000,-0.528084000,0.000000000,0,0,0,-1,-1
6694,0.006694000,0.532608000,-0.535128000,0.000000000,0,0,0,-1,-1
6695,0.006695000,0.532620000,-0.542160000,0.000000000,0,0,0,-1,-1
6696,0.006696000,0.532644000,-0.549204000,0.000000000,0,0,0,-1,-1
6697,0.006697000,0.532668000,-0.556248000,0.000000000,0,0,0,-1,-1
6698,0.006698000,0.532692000,-0.563292000,0.000000000,0,0,0,-1,-1
6699,0.006699000,0.532704000,-0.570336000,0.000000000,0,0,0,-1,-1
6700,0.006700000,0.532728000,-0.577380000,0.000000000,0,0,0,-1,-1
6701,0.006701000,0.532752000,-0.584412000,0.000000000,0,0,0,-1,-1
6702,0.006702000,0.532776000,-0.591456000,0.000000000,0,0,0,-1,-1
6703,0.006703000,0.532788000,-0.598500000,0.000000000,0,0,0,-1,-1
6704,0.006704000,0.532812000,-0.605544000,0.000000000,0,0,0,-1,-1
6705,0.006705000,0.532836000,-0.612588000,0.000000000,0,0,0,-1,-1
6706,0.006706000,0.532860000,-0.619620000,0.000000000,0,0,0,-1,-1
6707,0.006707000,0.532872000,-0.626664000,0.000000000,0,0,0,-1,-1
6708,0.006708000,0.532896000,-0.633708000,0.000000000,0,0,0,-1,-1
6709,0.006709000,0.532920000,-0.640752000,0.000000000,0,0,0,-1,-1
6710,0.006710000,0.532944000,-0.647796000,0.000000000,0,0,0,-1,-1
6711,0.006711000,0.532956000,-0.654840000,0.000000000,0,0,0,-1,-1
6712,0.006712000,0.532980000,-0.661872000,0.000000000,0,0,0,-1,-1
6713,0.006713000,0.533004000,-0.668916000,0.000000000,0,0,0,-1,-1
6714,0.006714000,0.533016000,-0.675960000,0.000000000,0,0,0,-1,-1
6715,0.006715000,0.533040000,-0.683004000,0.000000000,0,0,0,-1,-1
6716,0.006716000,0.533064000,-0.690048000,0.000000000,0,0,0,-1,-1
6717,0.006717000,0.533088000,-0.697092000,0.000000000,0,0,0,-1,-1
6718,0.006718000,0.533100000,-0.704124000,0.000000000,0,0,0,-1,-1
6719,0.006719000,0.533124000,-0.711168000,0.000000000,0,0,0,-1,-1
6720,0.006720000,0.533148000,-0.718212000,0.000000000,0,0,0,-1,-1
6721,0.006721000,0.533172000,-0.725256000,0.000000000,0,0,0,-1,-1
6722,0.006722000,0.533184000,-0.732300000,0.000000000,0,0,0,-1,-1
6723,0.006723000,0.533208000,-0.739344000,0.000000000,0,0,0,-1,-1
6724,0.006724000,0.533232000,-0.746388000,0.000000000,0,0,0,-1,-1
6725,0.006725000,0.533256000,-0.753420000,0.000000000,0,0,0,-1,-1
6726,0.006726000,0.533268000,-0.760464000,0.000000000,0,0,0,-1,-1
6727,0.006727000,0.533292000,-0.767508000,0.000000000,0,0,0,-1,-1
6728,0.006728000,0.533316000,-0.774552000,0.000000000,0,0,0,-1,-1
6729,0.006729000,0.533340000,-0.781596000,0.000000000,0,0,0,-1,-1
6730,0.006730000,0.533352000,-0.788640000,0.000000000,0,0,0,-1,-1
6731,0.006731000,0.533376000,-0.795684000,0.000000000,0,0,0,-1,-1
6732,0.006732000,0.533400000,-0.802716000,0.000000000,0,0,0,-1,-1
6733,0.006733000,0.533424000,-0.809760000,0.000000000,0,0,0,-1,-1
6734,0.006734000,0.533436000,-0.816804000,0.000000000,0,0,0,-1,-1
6735,0.006735000,0.533460000,-0.823848000,0.000000000,0,0,0,-1,-1
6736,0.006736000,0.533484000,-0.830892000,0.000000000,0,0,0,-1,-1
6737,0.006737000,0.533508000,-0.837936000,0.000000000,0,0,0,-1,-1
6738,0.006738000,0.533520000,-0.844980000,0.000000000,0,0,0,-1,-1
6739,0.006739000,0.533544000,-0.852012000,0.000000000,0,0,0,-1,-1
6740,0.006740000,0.533568000,-0.859056000,0.000000000,0,0,0,-1,-1
6741,0.006741000,0.533580000,-0.866100000,0.000000000,0,0,0,-1,-1
6742,0.006742000,0.533604000,-0.873144000,0.000000000,0,0,0,-1,-1
6743,0.006743000,0.533628000,-0.880188000,0.000000000,0,0,0,-1,-1
6744,0.006744000,0.533652000,-0.887232000,0.000000000,0,0,0,-1,-1
6745,0.006745000,0.533664000,-0.894276000,0.000000000,0,0,0,-1,-1
6746,0.006746000,0.533688000,-0.901320000,0.000000000,0,0,0,-1,-1
6747,0.006747000,0.533712000,-0.908352000,0.000000000,0,0,0,-1,-1
6748,0.006748000,0.533736000,-0.915396000,0.000000000,0,0,0,-1,-1
6749,0.006749000,0.533748000,-0.922440000,0.000000000,0,0,0,-1,-1
6750,0.006750000,0.533772000,-0.929484000,0.000000000,0,0,0,-1,-1
6751,0.006751000,0.533796000,-0.936528000,0.000000000,0,0,0,-1,-1
6752,0.006752000,0.533820000,-0.943572000,0.000000000,0,0,0,-1,-1
6753,0.006753000,0.533832000,-0.950616000,0.000000000,0,0,0,-1,-1
6754,0.006754000,0.533856000,-0.957660000,0.000000000,0,0,0,-1,-1
6755,0.006755000,0.533880000,-0.964704000,0.000000000,0,0,0,-1,-1
6756,0.006756000,0.533904000,-0.971736000,0.000000000,0,0,0,-1,-1
6757,0.006757000,0.533916000,-0.978780000,0.000000000,0,0,0,-1,-1
6758,0.006758000,0.533940000,-0.985824000,0.000000000,0,0,0,-1,-1
6759,0.006759000,0.533964000,-0.992868000,0.000000000,0,0,0,-1,-1
6760,0.006760000,0.533988000,-0.999912000,0.000000000,0,0,0,-1,-1
6761,0.006761000,0.534000000,-1.006956000,0.000000000,0,0,0,-1,-1
6762,0.006762000,0.534024000,-1.014000000,0.000000000,0,0,0,-1,-1
6763,0.006763000,0.534048000,-1.021044000,0.000000000,0,0,0,-1,-1
6764,0.006764000,0.534060000,-1.028088000,0.000000000,0,0,0,-1,-1
6765,0.006765000,0.534084000,-1.035132000,0.000000000,0,0,0,-1,-1
6766,0.006766000,0.534108000,-1.042164000,0.000000000,0,0,0,-1,-1
6767,0.006767000,0.534132000,-1.049208000,0.000000000,0,0,0,-1,-1
6768,0.006768000,0.534144000,-1.056252000,0.000000000,0,0,0,-1,-1
6769,0.006769000,0.534168000,-1.063296000,0.000000000,0,0,0,-1,-1
6770,0.006770000,0.534192000,-1.070340000,0.000000000,0,0,0,-1,-1
6771,0.006771000,0.534216000,-1.077384000,0.000000000,0,0,0,-1,-1
6772,0.006772000,0.534228000,-1.084428000,0.000000000,0,0,0,-1,-1
6773,0.006773000,0.534252000,-1.091472000,0.000000000,0,0,0,-1,-1
6774,0.006774000,0.534276000,-1.098516000,0.000000000,0,0,0,-1,-1
6775,0.006775000,0.534300000,-1.105560000,0.000000000,0,0,0,-1,-1
6776,0.006776000,0.534312000,-1.112604000,0.000000000,0,0,0,-1,-1
6777,0.006777000,0.534336000,-1.119648000,0.000000000,0,0,0,-1,-1
6778,0.006778000,0.534360000,-1.126680000,0.000000000,0,0,0,-1,-1
6779,0.006779000,0.534384000,-1.133724000,0.000000000,0,0,0,-1,-1
6780,0.006780000,0.534396000,-1.140768000,0.000000000,0,0,0,-1,-1
6781,0.006781000,0.534420000,-1.147812000,0.000000000,0,0,0,-1,-1
6782,0.006782000,0.534444000,-1.154856000,0.000000000,0,0,0,-1,-1
6783,0.006783000,0.534468000,-1.161900000,0.000000000,0,0,0,-1,-1
6784,0.006784000,0.534480000,-1.168944000,0.000000000,0,0,0,-1,-1
6785,0.006785000,0.534504000,-1.175988000,0.000000000,0,0,0,-1,-1
6786,0.006786000,0.534528000,-1.183032000,0.000000000,0,0,0,-1,-1
6787,0.006787000,0.534552000,-1.190076000,0.000000000,0,0,0,-1,-1
6788,0.006788000,0.534564000,-1.197120000,0.000000000,0,0,0,-1,-1
6789,0.006789000,0.534588000,-1.204200000,0.000000000,0,0,0,-1,-1
6790,0.006790000,0.534612000,-1.211160000,0.000000000,0,0,0,-1,-1
6791,0.006791000,0.534624000,-1.218240000,0.000000000,0,0,0,-1,-1
6792,0.006792000,0.534648000,-1.225320000,0.000000000,0,0,0,-1,-1
6793,0.006793000,0.534672000,-1.232280000,0.000000000,0,0,0,-1,-1
6794,0.006794000,0.534696000,-1.239360000,0.000000000,0,0,0,-1,-1
6795,0.006795000,0.534708000,-1.246440000,0.000000000,0,0,0,-1,-1
6796,0.006796000,0.534732000,-1.253520000,0.000000000,0,0,0,-1,-1
6797,0.006797000,0.534756000,-1.260480000,0.000000000,0,0,0,-1,-1
6798,0.006798000,0.534780000,-1.267560000,0.000000000,0,0,0,-1,-1
6799,0.006799000,0.534792000,-1.274640000,0.000000000,0,0,0,-1,-1
6800,0.006800000,0.534816000,-1.281600000,0.000000000,0,0,0,-1,-1
6801,0.006801000,0.534840000,-1.288680000,0.000000000,0,0,0,-1,-1
6802,0.006802000,0.534864000,-1.295760000,0.000000000,0,0,0,-1,-1
6803,0.006803000,0.534876000,-1.302720000,0.000000000,0,0,0,-1,-1
6804,0.006804000,0.534900000,-1.309800000,0.000000000,0,0,0,-1,-1
6805,0.006805000,0.534924000,-1.316880000,0.000000000,0,0,0,-1,-1
6806,0.006806000,0.534948000,-1.323840000,0.000000000,0,0,0,-1,-1
6807,0.006807000,0.534960000,-1.330920000,0.000000000,0,0,0,-1,-1
6808,0.006808000,0.534984000,-1.338000000,0.000000000,0,0,0,-1,-1
6809,0.006809000,0.535008000,-1.345080000,0.000000000,0,0,0,-1,-1
6810,0.006810000,0.535032000,-1.352040000,0.000000000,0,0,0,-1,-1
6811,0.006811000,0.535044000,-1.359120000,0.000000000,0,0,0,-1,-1
6812,0.006812000,0.535068000,-1.366200000,0.000000000,0,0,0,-1,-1
6813,0.006813000,0.535092000,-1.373160000,0.000000000,0,0,0,-1,-1
6814,0.006814000,0.535116000,-1.380240000,0.000000000,0,0,0,-1,-1
6815,0.006815000,0.535128000,-1.387320000,0.000000000,0,0,0,-1,-1
6816,0.006816000,0.535152000,-1.394280000,0.000000000,0,0,0,-1,-1
6817,0.006817000,0.535176000,-1.401360000,0.000000000,0,0,0,-1,-1
6818,0.006818000,0.535188000,-1.408440000,0.000000000,0,0,0,-1,-1
6819,0.006819000,0.535212000,-1.415520000,0.000000000,0,0,0,-1,-1
6820,0.006820000,0.535236000,-1.422480000,0.000000000,0,0,0,-1,-1
6821,0.006821000,0.535260000,-1.429560000,0.000000000,0,0,0,-1,-1
6822,0.006822000,0.535272000,-1.436640000,0.000000000,0,0,0,-1,-1
6823,0.006823000,0.535296000,-1.443600000,0.000000000,0,0,0,-1,-1
6824,0.006824000,0.535320000,-1.450680000,0.000000000,0,0,0,-1,-1
6825,0.006825000,0.535344000,-1.457760000,0.000000000,0,0,0,-1,-1
6826,0.006826000,0.535356000,-1.464720000,0.000000000,0,0,0,-1,-1
6827,0.006827000,0.535380000,-1.471800000,0.000000000,0,0,0,-1,-1
6828,0.006828000,0.535404000,-1.478880000,0.000000000,0,0,0,-1,-1
6829,0.006829000,0.535428000,-1.485960000,0.000000000,0,0,0,-1,-1
6830,0.006830000,0.535440000,-1.492920000,0.000000000,0,0,0,-1,-1
6831,0.006831000,0.535464000,-1.500000000,0.000000000,0,0,0,-1,-1
6832,0.006832000,0.535488000,-1.507080000,0.000000000,0,0,0,-1,-1
6833,0.006833000,0.535512000,-1.514040000,0.000000000,0,0,0,-1,-1
6834,0.006834000,0.535524000,-1.521120000,0.000000000,0,0,0,-1,-1
6835,0.006835000,0.535548000,-1.528200000,0.000000000,0,0,0,-1,-1
6836,0.006836000,0.535572000,-1.535160000,0.000000000,0,0,0,-1,-1
6837,0.006837000,0.535596000,-1.542240000,0.000000000,0,0,0,-1,-1
6838,0.006838000,0.535608000,-1.549320000,0.000000000,0,0,0,-1,-1
6839,0.006839000,0.535632000,-1.556400000,0.000000000,0,0,0,-1,-1
6840,0.006840000,0.535656000,-1.563360000,0.000000000,0,0,0,-1,-1
6841,0.006841000,0.535680000,-1.570440000,0.000000000,0,0,0,-1,-1
6842,0.006842000,0.535692000,-1.577520000,0.000000000,0,0,0,-1,-1
6843,0.006843000,0.535716000,-1.584480000,0.000000000,0,0,0,-1,-1
6844,0.006844000,0.535740000,-1.591560000,0.000000000,0,0,0,-1,-1
6845,0.006845000,0.535752000,-1.598640000,0.000000000,0,0,0,-1,-1
6846,0.006846000,0.535776000,-1.605600000,0.000000000,0,0,0,-1,-1
6847,0.006847000,0.535800000,-1.612680000,0.000000000,0,0,0,-1,-1
6848,0.006848000,0.535824000,-1.619760000,0.000000000,0,0,0,-1,-1
6849,0.006849000,0.539544000,-1.626000000,0.000000000,0,0,0,-1,-1
6850,0.006850000,0.539568000,-1.633080000,0.000000000,0,0,0,-1,-1
6851,0.006851000,0.539580000,-1.640040000,0.000000000,0,0,0,-1,-1
6852,0.006852000,0.543300000,-1.646280000,0.000000000,0,0,0,-1,-1
6853,0.006853000,0.543324000,-1.653360000,0.000000000,0,0,0,-1,-1
6854,0.006854000,0.547044000,-1.659600000,0.000000000,0,0,0,-1,-1
6855,0.006855000,0.550752000,-1.665840000,0.000000000,0,0,0,-1,-1
6856,0.006856000,0.554460000,-1.672080000,0.000000000,0,0,0,-1,-1
6857,0.006857000,0.558168000,-1.678200000,0.000000000,0,0,0,-1,-1
6858,0.006858000,0.561864000,-1.684440000,0.000000000,0,0,0,-1,-1
6859,0.006859000,0.565548000,-1.683600000,0.000000000,0,0,0,-1,-1
6860,0.006860000,0.569244000,-1.689840000,0.000000000,0,0,0,-1,-1
6861,0.006861000,0.572916000,-1.689000000,0.000000000,0,0,0,-1,-1
6862,0.006862000,0.576576000,-1.688160000,0.000000000,0,0,0,-1,-1
6863,0.006863000,0.580260000,-1.694400000,0.000000000,0,0,0,-1,-1
6864,0.006864000,0.583920000,-1.693560000,0.000000000,0,0,0,-1,-1
6865,0.006865000,0.587580000,-1.692720000,0.000000000,0,0,0,-1,-1
6866,0.006866000,0.591228000,-1.692000000,0.000000000,0,0,0,-1,-1
6867,0.006867000,0.594876000,-1.691160000,0.000000000,0,0,0,-1,-1
6868,0.006868000,0.598524000,-1.690320000,0.000000000,0,0,0,-1,-1
6869,0.006869000,0.602160000,-1.689480000,0.000000000,0,0,0,-1,-1
6870,0.006870000,0.605784000,-1.681680000,0.000000000,0,0,0,-1,-1
6871,0.006871000,0.609420000,-1.680960000,0.000000000,0,0,0,-1,-1
6872,0.006872000,0.613044000,-1.680120000,0.000000000,0,0,0,-1,-1
6873,0.006873000,0.616656000,-1.672320000,0.000000000,0,0,0,-1,-1
6874,0.006874000,0.620280000,-1.671480000,0.000000000,0,0,0,-1,-1
6875,0.006875000,0.623880000,-1.663800000,0.000000000,0,0,0,-1,-1
6876,0.006876000,0.627480000,-1.656000000,0.000000000,0,0,0,-1,-1
6877,0.006877000,0.631068000,-1.648320000,0.000000000,0,0,0,-1,-1
6878,0.006878000,0.634656000,-1.640520000,0.000000000,0,0,0,-1,-1
6879,0.006879000,0.638244000,-1.632840000,0.000000000,0,0,0,-1,-1
6880,0.006880000,0.638220000,-1.625880000,0.000000000,0,0,0,-1,-1
6881,0.006881000,0.641808000,-1.618080000,0.000000000,0,0,0,-1,-1
6882,0.006882000,0.641784000,-1.611120000,0.000000000,0,0,0,-1,-1
6883,0.006883000,0.641760000,-1.604160000,0.000000000,0,0,0,-1,-1
6884,0.006884000,0.645348000,-1.596480000,0.000000000,0,0,0,-1,-1
6885,0.006885000,0.645324000,-1.589520000,0.000000000,0,0,0,-1,-1
6886,0.006886000,0.645300000,-1.582680000,0.000000000,0,0,0,-1,-1
6887,0.006887000,0.645288000,-1.575720000,0.000000000,0,0,0,-1,-1
6888,0.006888000,0.645264000,-1.568760000,5.000000000,1,1,0,208,0
6889,0.006889000,0.645240000,-1.561800000,0.000000000,0,0,0,-1,-1
6890,0.006890000,0.645216000,-1.554840000,0.000000000,0,0,0,-1,-1
6891,0.006891000,0.645204000,-1.547880000,0.000000000,0,0,0,-1,-1
6892,0.006892000,0.645180000,-1.540920000,0.000000000,0,0,0,-1,-1
6893,0.006893000,0.645156000,-1.534080000,0.000000000,0,0,0,-1,-1
6894,0.006894000,0.645132000,-1.527120000,0.000000000,0,0,0,-1,-1
6895,0.006895000,0.645120000,-1.520160000,0.000000000,0,0,0,-1,-1
6896,0.006896000,0.645096000,-1.513200000,0.000000000,0,0,0,-1,-1
6897,0.006897000,0.645072000,-1.506240000,0.000000000,0,0,0,-1,-1
6898,0.006898000,0.645060000,-1.499280000,0.000000000,0,0,0,-1,-1
6899,0.006899000,0.645036000,-1.492320000,0.000000000,0,0,0,-1,-1
6900,0.006900000,0.645012000,-1.485360000,0.000000000,0,0,0,-1,-1
6901,0.006901000,0.644988000,-1.478520000,0.000000000,0,0,0,-1,-1
6902,0.006902000,0.644976000,-1.471560000,0.000000000,0,0,0,-1,-1
6903,0.006903000,0.644952000,-1.464600000,0.000000000,0,0,0,-1,-1
6904,0.006904000,0.644928000,-1.457640000,0.000000000,0,0,0,-1,-1
6905,0.006905000,0.644916000,-1.450680000,5.000000000,1,1,0,209,0
6906,0.006906000,0.644892000,-1.443720000,0.000000000,0,0,0,-1,-1
6907,0.006907000,0.644868000,-1.436760000,0.000000000,0,0,0,-1,-1
6908,0.006908000,0.644844000,-1.429920000,0.000000000,0,0,0,-1,-1
6909,0.006909000,0.644832000,-1.422960000,0.000000000,0,0,0,-1,-1
6910,0.006910000,0.644808000,-1.416000000,0.000000000,0,0,0,-1,-1
6911,0.006911000,0.644784000,-1.409040000,0.000000000,0,0,0,-1,-1
6912,0.006912000,0.644760000,-1.402080000,0.000000000,0,0,0,-1,-1
6913,0.006913000,0.644748000,-1.395120000,0.000000000,0,0,0,-1,-1
6914,0.006914000,0.644724000,-1.388280000,0.000000000,0,0,0,-1,-1
6915,0.006915000,0.644700000,-1.381320000,0.000000000,0,0,0,-1,-1
6916,0.006916000,0.644688000,-1.374360000,0.000000000,0,0,0,-1,-1
6917,0.006917000,0.644664000,-1.367400000,0.000000000,0,0,0,-1,-1
6918,0.006918000,0.644640000,-1.360440000,0.000000000,0,0,0,-1,-1
6919,0.006919000,0.644616000,-1.353480000,0.000000000,0,0,0,-1,-1
6920,0.006920000,0.644604000,-1.346520000,0.000000000,0,0,0,-1,-1
6921,0.006921000,0.644580000,-1.339680000,0.000000000,0,0,0,-1,-1
6922,0.006922000,0.644556000,-1.332720000,5.000000000,1,1,0,210,0
6923,0.006923000,0.644532000,-1.325760000,0.000000000,0,0,0,-1,-1
6924,0.006924000,0.644520000,-1.318800000,0.000000000,0,0,0,-1,-1
6925,0.006925000,0.644496000,-1.311840000,0.000000000,0,0,0,-1,-1
6926,0.006926000,0.644472000,-1.304880000,0.000000000,0,0,0,-1,-1
6927,0.006927000,0.644460000,-1.297920000,0.000000000,0,0,0,-1,-1
6928,0.006928000,0.644436000,-1.291080000,0.000000000,0,0,0,-1,-1
6929,0.006929000,0.644412000,-1.284120000,0.000000000,0,0,0,-1,-1
6930,0.006930000,0.644388000,-1.277160000,0.000000000,0,0,0,-1,-1
6931,0.006931000,0.644376000,-1.270200000,0.000000000,0,0,0,-1,-1
6932,0.006932000,0.644352000,-1.263240000,0.000000000,0,0,0,-1,-1
6933,0.006933000,0.644328000,-1.256280000,0.000000000,0,0,0,-1,-1
6934,0.006934000,0.644304000,-1.249320000,0.000000000,0,0,0,-1,-1
6935,0.006935000,0.644292000,-1.242480000,0.000000000,0,0,0,-1,-1
6936,0.006936000,0.644268000,-1.235520000,0.000000000,0,0,0,-1,-1
6937,0.006937000,0.644244000,-1.228560000,0.000000000,0,0,0,-1,-1
6938,0.006938000,0.644232000,-1.221600000,0.000000000,0,0,0,-1,-1
6939,0.006939000,0.644208000,-1.214640000,5.000000000,1,1,0,211,0
6940,0.006940000,0.644184000,-1.207680000,0.000000000,0,0,0,-1,-1
6941,0.006941000,0.644160000,-1.200720000,0.000000000,0,0,0,-1,-1
6942,0.006942000,0.644148000,-1.193832000,0.000000000,0,0,0,-1,-1
6943,0.006943000,0.644124000,-1.186884000,0.000000000,0,0,0,-1,-1
6944,0.006944000,0.644100000,-1.179948000,0.000000000,0,0,0,-1,-1
6945,0.006945000,0.644076000,-1.173000000,0.000000000,0,0,0,-1,-1
6946,0.006946000,0.644064000,-1.166064000,0.000000000,0,0,0,-1,-1
6947,0.006947000,0.644040000,-1.159116000,0.000000000,0,0,0,-1,-1
6948,0.006948000,0.644016000,-1.152180000,0.000000000,0,0,0,-1,-1
6949,0.006949000,0.644004000,-1.145232000,0.000000000,0,0,0,-1,-1
6950,0.006950000,0.643980000,-1.138296000,0.000000000,0,0,0,-1,-1
6951,0.006951000,0.643956000,-1.131348000,0.000000000,0,0,0,-1,-1
6952,0.006952000,0.643932000,-1.124412000,0.000000000,0,0,0,-1,-1
6953,0.006953000,0.643920000,-1.117464000,0.000000000,0,0,0,-1,-1
6954,0.006954000,0.643896000,-1.110528000,0.000000000,0,0,0,-1,-1
6955,0.006955000,0.643872000,-1.103580000,0.000000000,0,0,0,-1,-1
6956,0.006956000,0.643848000,-1.096644000,5.000000000,1,1,0,212,0
6957,0.006957000,0.643836000,-1.089696000,0.000000000,0,0,0,-1,-1
6958,0.006958000,0.643812000,-1.082760000,0.000000000,0,0,0,-1,-1
6959,0.006959000,0.643788000,-1.075812000,0.000000000,0,0,0,-1,-1
6960,0.006960000,0.643776000,-1.068876000,0.000000000,0,0,0,-1,-1
6961,0.006961000,0.643752000,-1.061928000,0.000000000,0,0,0,-1,-1
6962,0.006962000,0.643728000,-1.054992000,0.000000000,0,0,0,-1,-1
6963,0.006963000,0.643704000,-1.048044000,0.000000000,0,0,0,-1,-1
6964,0.006964000,0.643692000,-1.041108000,0.000000000,0,0,0,-1,-1
6965,0.006965000,0.643668000,-1.034160000,0.000000000,0,0,0,-1,-1
6966,0.006966000,0.643644000,-1.027224000,0.000000000,0,0,0,-1,-1
6967,0.006967000,0.643632000,-1.020276000,0.000000000,0,0,0,-1,-1
6968,0.006968000,0.643608000,-1.013340000,0.000000000,0,0,0,-1,-1
6969,0.006969000,0.643584000,-1.006392000,0.000000000,0,0,0,-1,-1
6970,0.006970000,0.643560000,-0.999456000,0.000000000,0,0,0,-1,-1
6971,0.006971000,0.643548000,-0.992508000,0.000000000,0,0,0,-1,-1
6972,0.006972000,0.643524000,-0.985572000,0.000000000,0,0,0,-1,-1
6973,0.006973000,0.643500000,-0.978624000,5.000000000,1,1,0,213,0
6974,0.006974000,0.643476000,-0.971688000,0.000000000,0,0,0,-1,-1
6975,0.006975000,0.643464000,-0.964752000,0.000000000,0,0,0,-1,-1
6976,0.006976000,0.643440000,-0.957804000,0.000000000,0,0,0,-1,-1
6977,0.006977000,0.643416000,-0.950868000,0.000000000,0,0,0,-1,-1
6978,0.006978000,0.643404000,-0.943920000,0.000000000,0,0,0,-1,-1
6979,0.006979000,0.643380000,-0.936984000,0.000000000,0,0,0,-1,-1
6980,0.006980000,0.643356000,-0.930036000,0.000000000,0,0,0,-1,-1
6981,0.006981000,0.643332000,-0.923100000,0.000000000,0,0,0,-1,-1
6982,0.006982000,0.643320000,-0.916152000,0.000000000,0,0,0,-1,-1
6983,0.006983000,0.643296000,-0.909216000,0.000000000,0,0,0,-1,-1
6984,0.006984000,0.643272000,-0.902268000,0.000000000,0,0,0,-1,-1
6985,0.006985000,0.643248000,-0.895332000,0.000000000,0,0,0,-1,-1
6986,0.006986000,0.643236000,-0.888384000,0.000000000,0,0,0,-1,-1
6987,0.006987000,0.643212000,-0.881448000,0.000000000,0,0,0,-1,-1
6988,0.006988000,0.643188000,-0.874500000,0.000000000,0,0,0,-1,-1
6989,0.006989000,0.643176000,-0.867564000,0.000000000,0,0,0,-1,-1
6990,0.006990000,0.643152000,-0.860628000,5.000000000,1,1,0,214,0
6991,0.006991000,0.643128000,-0.853680000,0.000000000,0,0,0,-1,-1
6992,0.006992000,0.643104000,-0.846744000,0.000000000,0,0,0,-1,-1
6993,0.006993000,0.643092000,-0.839796000,0.000000000,0,0,0,-1,-1
6994,0.006994000,0.643068000,-0.832860000,0.000000000,0,0,0,-1,-1
6995,0.006995000,0.643044000,-0.825912000,0.000000000,0,0,0,-1,-1
6996,0.006996000,0.643020000,-0.818976000,0.000000000,0,0,0,-1,-1
6997,0.006997000,0.643008000,-0.812028000,0.000000000,0,0,0,-1,-1
6998,0.006998000,0.642984000,-0.805092000,0.000000000,0,0,0,-1,-1
6999,0.006999000,0.642960000,-0.798144000,0.000000000,0,0,0,-1,-1
7000,0.007000000,0.642948000,-0.791208000,0.000000000,0,0,0,-1,-1
7001,0.007001000,0.642924000,-0.784272000,0.000000000,0,0,0,-1,-1
7002,0.007002000,0.642900000,-0.777324000,0.000000000,0,0,0,-1,-1
7003,0.007003000,0.642876000,-0.770388000,0.000000000,0,0,0,-1,-1
7004,0.007004000,0.642864000,-0.763440000,0.000000000,0,0,0,-1,-1
7005,0.007005000,0.642840000,-0.756504000,0.000000000,0,0,0,-1,-1
7006,0.007006000,0.642816000,-0.749556000,0.000000000,0,0,0,-1,-1
7007,0.007007000,0.642792000,-0.742620000,5.000000000,1,1,0,215,0
7008,0.007008000,0.642780000,-0.735684000,0.000000000,0,0,0,-1,-1
7009,0.007009000,0.642756000,-0.728736000,0.000000000,0,0,0,-1,-1
7010,0.007010000,0.642732000,-0.721800000,0.000000000,0,0,0,-1,-1
7011,0.007011000,0.642720000,-0.714852000,0.000000000,0,0,0,-1,-1
7012,0.007012000,0.642696000,-0.707916000,0.000000000,0,0,0,-1,-1
7013,0.007013000,0.642672000,-0.700968000,0.000000000,0,0,0,-1,-1
7014,0.007014000,0.642648000,-0.694032000,0.000000000,0,0,0,-1,-1
7015,0.007015000,0.642636000,-0.687096000,0.000000000,0,0,0,-1,-1
7016,0.007016000,0.642612000,-0.680148000,0.000000000,0,0,0,-1,-1
7017,0.007017000,0.642588000,-0.673212000,0.000000000,0,0,0,-1,-1
7018,0.007018000,0.642564000,-0.666264000,0.000000000,0,0,0,-1,-1
7019,0.007019000,0.642552000,-0.659328000,0.000000000,0,0,0,-1,-1
7020,0.007020000,0.642528000,-0.652380000,0.000000000,0,0,0,-1,-1
7021,0.007021000,0.642504000,-0.645444000,0.000000000,0,0,0,-1,-1
7022,0.007022000,0.642492000,-0.638508000,0.000000000,0,0,0,-1,-1
7023,0.007023000,0.642468000,-0.631560000,0.000000000,0,0,0,-1,-1
7024,0.007024000,0.642444000,-0.624624000,5.000000000,1,1,0,216,0
7025,0.007025000,0.642420000,-0.617676000,0.000000000,0,0,0,-1,-1
7026,0.007026000,0.642408000,-0.610740000,0.000000000,0,0,0,-1,-1
7027,0.007027000,0.642384000,-0.603804000,0.000000000,0,0,0,-1,-1
7028,0.007028000,0.642360000,-0.596856000,0.000000000,0,0,0,-1,-1
7029,0.007029000,0.642348000,-0.589920000,0.000000000,0,0,0,-1,-1
7030,0.007030000,0.642324000,-0.582972000,0.000000000,0,0,0,-1,-1
7031,0.007031000,0.642300000,-0.576036000,0.000000000,0,0,0,-1,-1
7032,0.007032000,0.642276000,-0.569100000,0.000000000,0,0,0,-1,-1
7033,0.007033000,0.642264000,-0.562152000,0.000000000,0,0,0,-1,-1
7034,0.007034000,0.642240000,-0.555216000,0.000000000,0,0,0,-1,-1
7035,0.007035000,0.642216000,-0.548268000,0.000000000,0,0,0,-1,-1
7036,0.007036000,0.642192000,-0.541332000,0.000000000,0,0,0,-1,-1
7037,0.007037000,0.642180000,-0.534396000,0.000000000,0,0,0,-1,-1
7038,0.007038000,0.642156000,-0.527448000,0.000000000,0,0,0,-1,-1
7039,0.007039000,0.642132000,-0.520512000,0.000000000,0,0,0,-1,-1
7040,0.007040000,0.642120000,-0.513564000,0.000000000,0,0,0,-1,-1
7041,0.007041000,0.642096000,-0.506628000,5.000000000,1,1,0,217,0
7042,0.007042000,0.642072000,-0.499692000,0.000000000,0,0,0,-1,-1
7043,0.007043000,0.642048000,-0.492744000,0.000000000,0,0,0,-1,-1
7044,0.007044000,0.642036000,-0.485808000,0.000000000,0,0,0,-1,-1
7045,0.007045000,0.642012000,-0.478860000,0.000000000,0,0,0,-1,-1
7046,0.007046000,0.641988000,-0.471924000,0.000000000,0,0,0,-1,-1
7047,0.007047000,0.641964000,-0.464988000,0.000000000,0,0,0,-1,-1
7048,0.007048000,0.641952000,-0.458040000,0.000000000,0,0,0,-1,-1
7049,0.007049000,0.641928000,-0.451104000,0.000000000,0,0,0,-1,-1
7050,0.007050000,0.641904000,-0.444168000,0.000000000,0,0,0,-1,-1
7051,0.007051000,0.641892000,-0.437220000,0.000000000,0,0,0,-1,-1
7052,0.007052000,0.641868000,-0.430284000,0.000000000,0,0,0,-1,-1
7053,0.007053000,0.641844000,-0.423336000,0.000000000,0,0,0,-1,-1
7054,0.007054000,0.641820000,-0.416400000,0.000000000,0,0,0,-1,-1
7055,0.007055000,0.641808000,-0.409464000,0.000000000,0,0,0,-1,-1
7056,0.007056000,0.641784000,-0.402516000,0.000000000,0,0,0,-1,-1
7057,0.007057000,0.641760000,-0.395580000,0.000000000,0,0,0,-1,-1
7058,0.007058000,0.641736000,-0.388644000,5.000000000,1,1,0,218,0
7059,0.007059000,0.641724000,-0.381696000,0.000000000,0,0,0,-1,-1
7060,0.007060000,0.641700000,-0.374760000,0.000000000,0,0,0,-1,-1
7061,0.007061000,0.641676000,-0.367812000,0.000000000,0,0,0,-1,-1
7062,0.007062000,0.641664000,-0.360876000,0.000000000,0,0,0,-1,-1
7063,0.007063000,0.641640000,-0.353940000,0.000000000,0,0,0,-1,-1
7064,0.007064000,0.641616000,-0.346992000,0.000000000,0,0,0,-1,-1
7065,0.007065000,0.641592000,-0.340056000,0.000000000,0,0,0,-1,-1
7066,0.007066000,0.641580000,-0.333120000,0.000000000,0,0,0,-1,-1
7067,0.007067000,0.641556000,-0.326172000,0.000000000,0,0,0,-1,-1
7068,0.007068000,0.641532000,-0.319236000,0.000000000,0,0,0,-1,-1
7069,0.007069000,0.641508000,-0.312300000,0.000000000,0,0,0,-1,-1
7070,0.007070000,0.641496000,-0.305352000,0.000000000,0,0,0,-1,-1
7071,0.007071000,0.641472000,-0.298416000,0.000000000,0,0,0,-1,-1
7072,0.007072000,0.641448000,-0.291480000,0.000000000,0,0,0,-1,-1
7073,0.007073000,0.641436000,-0.284532000,0.000000000,0,0,0,-1,-1
7074,0.007074000,0.641412000,-0.277596000,0.000000000,0,0,0,-1,-1
7075,0.007075000,0.641388000,-0.270648000,5.000000000,1,1,0,219,0
7076,0.007076000,0.641364000,-0.263712000,0.000000000,0,0,0,-1,-1
7077,0.007077000,0.641352000,-0.256776000,0.000000000,0,0,0,-1,-1
7078,0.007078000,0.641328000,-0.249828000,0.000000000,0,0,0,-1,-1
7079,0.007079000,0.641304000,-0.242892000,0.000000000,0,0,0,-1,-1
7080,0.007080000,0.641292000,-0.235956000,0.000000000,0,0,0,-1,-1
7081,0.007081000,0.641268000,-0.229008000,0.000000000,0,0,0,-1,-1
7082,0.007082000,0.641244000,-0.222072000,0.000000000,0,0,0,-1,-1
7083,0.007083000,0.641220000,-0.215136000,0.000000000,0,0,0,-1,-1
7084,0.007084000,0.641208000,-0.208188000,0.000000000,0,0,0,-1,-1
7085,0.007085000,0.641184000,-0.201252000,0.000000000,0,0,0,-1,-1
7086,0.007086000,0.641160000,-0.194316000,0.000000000,0,0,0,-1,-1
7087,0.007087000,0.641136000,-0.187368000,0.000000000,0,0,0,-1,-1
7088,0.007088000,0.641124000,-0.180432000,0.000000000,0,0,0,-1,-1
7089,0.007089000,0.641100000,-0.173496000,0.000000000,0,0,0,-1,-1
7090,0.007090000,0.641076000,-0.166548000,0.000000000,0,0,0,-1,-1
7091,0.007091000,0.641064000,-0.159612000,0.000000000,0,0,0,-1,-1
7092,0.007092000,0.641040000,-0.152676000,5.000000000,1,1,0,220,0
7093,0.007093000,0.641016000,-0.145728000,0.000000000,0,0,0,-1,-1
7094,0.007094000,0.640992000,-0.138792000,0.000000000,0,0,0,-1,-1
7095,0.007095000,0.640980000,-0.131856000,0.000000000,0,0,0,-1,-1
7096,0.007096000,0.640956000,-0.124920000,0.000000000,0,0,0,-1,-1
7097,0.007097000,0.640932000,-0.117974400,0.000000000,0,0,0,-1,-1
7098,0.007098000,0.640908000,-0.111034800,0.000000000,0,0,0,-1,-1
7099,0.007099000,0.640896000,-0.104095200,0.000000000,0,0,0,-1,-1
7100,0.007100000,0.640872000,-0.097154400,0.000000000,0,0,0,-1,-1
7101,0.007101000,0.640848000,-0.090214800,0.000000000,0,0,0,-1,-1
7102,0.007102000,0.640836000,-0.083275200,0.000000000,0,0,0,-1,-1
7103,0.007103000,0.640812000,-0.076335600,0.000000000,0,0,0,-1,-1
7104,0.007104000,0.640788000,-0.069396000,0.000000000,0,0,0,-1,-1
7105,0.007105000,0.640764000,-0.062456400,0.000000000,0,0,0,-1,-1
7106,0.007106000,0.640752000,-0.055516800,0.000000000,0,0,0,-1,-1
7107,0.007107000,0.640728000,-0.048577200,0.000000000,0,0,0,-1,-1
7108,0.007108000,0.640704000,-0.041637600,0.000000000,0,0,0,-1,-1
7109,0.007109000,0.640680000,-0.034698000,5.000000000,1,1,0,221,0
7110,0.007110000,0.640668000,-0.027758400,0.000000000,0,0,0,-1,-1
7111,0.007111000,0.640644000,-0.020818800,0.000000000,0,0,0,-1,-1
7112,0.007112000,0.640620000,-0.013879200,0.000000000,0,0,0,-1,-1
7113,0.007113000,0.640608000,-0.006939480,0.000000000,0,0,0,-1,-1
7114,0.007114000,0.640584000,0.000000000,0.000000000,0,0,0,-1,-1
7115,0.007115000,0.640560000,0.006939480,0.000000000,0,0,0,-1,-1
7116,0.007116000,0.640536000,0.013879200,0.000000000,0,0,0,-1,-1
7117,0.007117000,0.640524000,0.020818800,0.000000000,0,0,0,-1,-1
7118,0.007118000,0.640500000,0.027758400,0.000000000,0,0,0,-1,-1
7119,0.007119000,0.640476000,0.034698000,0.000000000,0,0,0,-1,-1
7120,0.007120000,0.640464000,0.041636400,0.000000000,0,0,0,-1,-1
7121,0.007121000,0.640440000,0.048576000,0.000000000,0,0,0,-1,-1
7122,0.007122000,0.640416000,0.055515600,0.000000000,0,0,0,-1,-1
7123,0.007123000,0.640392000,0.062455200,0.000000000,0,0,0,-1,-1
7124,0.007124000,0.640380000,0.069394800,0.000000000,0,0,0,-1,-1
7125,0.007125000,0.640356000,0.076334400,0.000000000,0,0,0,-1,-1
7126,0.007126000,0.640332000,0.083272800,5.000000000,1,1,0,222,0
7127,0.007127000,0.640308000,0.090212400,0.000000000,0,0,0,-1,-1
7128,0.007128000,0.640296000,0.097152000,0.000000000,0,0,0,-1,-1
7129,0.007129000,0.640272000,0.104091600,0.000000000,0,0,0,-1,-1
7130,0.007130000,0.640248000,0.111030000,0.000000000,0,0,0,-1,-1
7131,0.007131000,0.640236000,0.117969600,0.000000000,0,0,0,-1,-1
7132,0.007132000,0.640212000,0.124908000,0.000000000,0,0,0,-1,-1
7133,0.007133000,0.640188000,0.131844000,0.000000000,0,0,0,-1,-1
7134,0.007134000,0.640164000,0.138792000,0.000000000,0,0,0,-1,-1
7135,0.007135000,0.640152000,0.145728000,0.000000000,0,0,0,-1,-1
7136,0.007136000,0.640128000,0.152664000,0.000000000,0,0,0,-1,-1
7137,0.007137000,0.640104000,0.159600000,0.000000000,0,0,0,-1,-1
7138,0.007138000,0.640080000,0.166548000,0.000000000,0,0,0,-1,-1
7139,0.007139000,0.640068000,0.173484000,0.000000000,0,0,0,-1,-1
7140,0.007140000,0.640044000,0.180420000,0.000000000,0,0,0,-1,-1
7141,0.007141000,0.640020000,0.187356000,0.000000000,0,0,0,-1,-1
7142,0.007142000,0.640008000,0.194304000,0.000000000,0,0,0,-1,-1
7143,0.007143000,0.639984000,0.201240000,5.000000000,1,1,0,223,0
7144,0.007144000,0.639960000,0.208176000,0.000000000,0,0,0,-1,-1
7145,0.007145000,0.639936000,0.215112000,0.000000000,0,0,0,-1,-1
7146,0.007146000,0.639924000,0.222060000,0.000000000,0,0,0,-1,-1
7147,0.007147000,0.639900000,0.228996000,0.000000000,0,0,0,-1,-1
7148,0.007148000,0.639876000,0.235932000,0.000000000,0,0,0,-1,-1
7149,0.007149000,0.639852000,0.242868000,0.000000000,0,0,0,-1,-1
7150,0.007150000,0.639840000,0.249816000,0.000000000,0,0,0,-1,-1
7151,0.007151000,0.639816000,0.256752000,0.000000000,0,0,0,-1,-1
7152,0.007152000,0.639792000,0.263688000,0.000000000,0,0,0,-1,-1
7153,0.007153000,0.639780000,0.270624000,0.000000000,0,0,0,-1,-1
7154,0.007154000,0.639756000,0.277572000,0.000000000,0,0,0,-1,-1
7155,0.007155000,0.639732000,0.284508000,0.000000000,0,0,0,-1,-1
7156,0.007156000,0.639708000,0.291444000,0.000000000,0,0,0,-1,-1
7157,0.007157000,0.639696000,0.298380000,0.000000000,0,0,0,-1,-1
7158,0.007158000,0.639672000,0.305328000,0.000000000,0,0,0,-1,-1
7159,0.007159000,0.639648000,0.312264000,0.000000000,0,0,0,-1,-1
7160,0.007160000,0.639636000,0.319200000,0.000000000,0,0,0,-1,-1
7161,0.007161000,0.639612000,0.326136000,0.000000000,0,0,0,-1,-1
7162,0.007162000,0.639588000,0.333084000,0.000000000,0,0,0,-1,-1
7163,0.007163000,0.639564000,0.340020000,0.000000000,0,0,0,-1,-1
7164,0.007164000,0.639552000,0.346956000,0.000000000,0,0,0,-1,-1
7165,0.007165000,0.639528000,0.353892000,0.000000000,0,0,0,-1,-1
7166,0.007166000,0.639504000,0.360840000,0.000000000,0,0,0,-1,-1
7167,0.007167000,0.639480000,0.367776000,0.000000000,0,0,0,-1,-1
7168,0.007168000,0.639468000,0.374712000,0.000000000,0,0,0,-1,-1
7169,0.007169000,0.639444000,0.381648000,0.000000000,0,0,0,-1,-1
7170,0.007170000,0.639420000,0.388584000,0.000000000,0,0,0,-1,-1
7171,0.007171000,0.639408000,0.395532000,0.000000000,0,0,0,-1,-1
7172,0.007172000,0.639384000,0.402468000,0.000000000,0,0,0,-1,-1
7173,0.007173000,0.639360000,0.409404000,0.000000000,0,0,0,-1,-1
7174,0.007174000,0.639336000,0.416340000,0.000000000,0,0,0,-1,-1
7175,0.007175000,0.639324000,0.423276000,0.000000000,0,0,0,-1,-1
7176,0.007176000,0.639300000,0.430224000,0.000000000,0,0,0,-1,-1
7177,0.007177000,0.639276000,0.437160000,0.000000000,0,0,0,-1,-1
7178,0.007178000,0.639252000,0.444096000,0.000000000,0,0,0,-1,-1
7179,0.007179000,0.639240000,0.451032000,0.000000000,0,0,0,-1,-1
7180,0.007180000,0.639216000,0.457980000,0.000000000,0,0,0,-1,-1
7181,0.007181000,0.639192000,0.464916000,0.000000000,0,0,0,-1,-1
7182,0.007182000,0.639180000,0.471852000,0.000000000,0,0,0,-1,-1
7183,0.007183000,0.639156000,0.478788000,0.000000000,0,0,0,-1,-1
7184,0.007184000,0.639132000,0.485724000,0.000000000,0,0,0,-1,-1
7185,0.007185000,0.639108000,0.492672000,0.000000000,0,0,0,-1,-1
7186,0.007186000,0.639096000,0.499608000,0.000000000,0,0,0,-1,-1
7187,0.007187000,0.639072000,0.506544000,0.000000000,0,0,0,-1,-1
7188,0.007188000,0.639048000,0.513480000,0.000000000,0,0,0,-1,-1
7189,0.007189000,0.639024000,0.520416000,0.000000000,0,0,0,-1,-1
7190,0.007190000,0.639012000,0.527364000,0.000000000,0,0,0,-1,-1
7191,0.007191000,0.638988000,0.534300000,0.000000000,0,0,0,-1,-1
7192,0.007192000,0.638964000,0.541236000,0.000000000,0,0,0,-1,-1
7193,0.007193000,0.638952000,0.548172000,0.000000000,0,0,0,-1,-1
7194,0.007194000,0.638928000,0.555108000,0.000000000,0,0,0,-1,-1
7195,0.007195000,0.638904000,0.562056000,0.000000000,0,0,0,-1,-1
7196,0.007196000,0.638880000,0.568992000,0.000000000,0,0,0,-1,-1
7197,0.007197000,0.638868000,0.575928000,0.000000000,0,0,0,-1,-1
7198,0.007198000,0.638844000,0.582864000,0.000000000,0,0,0,-1,-1
7199,0.007199000,0.638820000,0.589800000,0.000000000,0,0,0,-1,-1
7200,0.007200000,0.638808000,0.596736000,0.000000000,0,0,0,-1,-1
7201,0.007201000,0.638784000,0.603684000,0.000000000,0,0,0,-1,-1
7202,0.007202000,0.638760000,0.610620000,0.000000000,0,0,0,-1,-1
7203,0.007203000,0.638736000,0.617556000,0.000000000,0,0,0,-1,-1
7204,0.007204000,0.638724000,0.624492000,0.000000000,0,0,0,-1,-1
7205,0.007205000,0.638700000,0.631428000,0.000000000,0,0,0,-1,-1
7206,0.007206000,0.638676000,0.638376000,0.000000000,0,0,0,-1,-1
7207,0.007207000,0.638652000,0.645312000,0.000000000,0,0,0,-1,-1
7208,0.007208000,0.638640000,0.652248000,0.000000000,0,0,0,-1,-1
7209,0.007209000,0.638616000,0.659184000,0.000000000,0,0,0,-1,-1
7210,0.007210000,0.638592000,0.666120000,0.000000000,0,0,0,-1,-1
7211,0.007211000,0.638580000,0.673056000,0.000000000,0,0,0,-1,-1
7212,0.007212000,0.638556000,0.680004000,0.000000000,0,0,0,-1,-1
7213,0.007213000,0.638532000,0.686940000,0.000000000,0,0,0,-1,-1
7214,0.007214000,0.638508000,0.693876000,0.000000000,0,0,0,-1,-1
7215,0.007215000,0.638496000,0.700812000,0.000000000,0,0,0,-1,-1
7216,0.007216000,0.638472000,0.707748000,0.000000000,0,0,0,-1,-1
7217,0.007217000,0.638448000,0.714684000,0.000000000,0,0,0,-1,-1
7218,0.007218000,0.638424000,0.721620000,0.000000000,0,0,0,-1,-1
7219,0.007219000,0.638412000,0.728568000,0.000000000,0,0,0,-1,-1
7220,0.007220000,0.638388000,0.735504000,0.000000000,0,0,0,-1,-1
7221,0.007221000,0.638364000,0.742440000,0.000000000,0,0,0,-1,-1
7222,0.007222000,0.638352000,0.749376000,0.000000000,0,0,0,-1,-1
7223,0.007223000,0.638328000,0.756312000,0.000000000,0,0,0,-1,-1
7224,0.007224000,0.638304000,0.763248000,0.000000000,0,0,0,-1,-1
7225,0.007225000,0.638280000,0.770196000,0.000000000,0,0,0,-1,-1
7226,0.007226000,0.638268000,0.777132000,0.000000000,0,0,0,-1,-1
7227,0.007227000,0.638244000,0.784068000,0.000000000,0,0,0,-1,-1
7228,0.007228000,0.638220000,0.791004000,0.000000000,0,0,0,-1,-1
7229,0.007229000,0.638196000,0.797940000,0.000000000,0,0,0,-1,-1
7230,0.007230000,0.638184000,0.804876000,0.000000000,0,0,0,-1,-1
7231,0.007231000,0.638160000,0.811812000,0.000000000,0,0,0,-1,-1
7232,0.007232000,0.638136000,0.818760000,0.000000000,0,0,0,-1,-1
7233,0.007233000,0.638124000,0.825696000,0.000000000,0,0,0,-1,-1
7234,0.007234000,0.638100000,0.832632000,0.000000000,0,0,0,-1,-1
7235,0.007235000,0.638076000,0.839568000,0.000000000,0,0,0,-1,-1
7236,0.007236000,0.638052000,0.846504000,0.000000000,0,0,0,-1,-1
7237,0.007237000,0.638040000,0.853440000,0.000000000,0,0,0,-1,-1
7238,0.007238000,0.638016000,0.860376000,0.000000000,0,0,0,-1,-1
7239,0.007239000,0.637992000,0.867324000,0.000000000,0,0,0,-1,-1
7240,0.007240000,0.637980000,0.874260000,0.000000000,0,0,0,-1,-1
7241,0.007241000,0.637956000,0.881196000,0.000000000,0,0,0,-1,-1
7242,0.007242000,0.637932000,0.888132000,0.000000000,0,0,0,-1,-1
7243,0.007243000,0.637908000,0.895068000,0.000000000,0,0,0,-1,-1
7244,0.007244000,0.637896000,0.902004000,0.000000000,0,0,0,-1,-1
7245,0.007245000,0.637872000,0.908940000,0.000000000,0,0,0,-1,-1
7246,0.007246000,0.637848000,0.915876000,0.000000000,0,0,0,-1,-1
7247,0.007247000,0.637824000,0.922824000,0.000000000,0,0,0,-1,-1
7248,0.007248000,0.637812000,0.929760000,0.000000000,0,0,0,-1,-1
7249,0.007249000,0.637788000,0.936696000,0.000000000,0,0,0,-1,-1
7250,0.007250000,0.637764000,0.943632000,0.000000000,0,0,0,-1,-1
7251,0.007251000,0.637752000,0.950568000,0.000000000,0,0,0,-1,-1
7252,0.007252000,0.637728000,0.957504000,0.000000000,0,0,0,-1,-1
7253,0.007253000,0.637704000,0.964440000,0.000000000,0,0,0,-1,-1
7254,0.007254000,0.637680000,0.971376000,0.000000000,0,0,0,-1,-1
7255,0.007255000,0.637668000,0.978312000,0.000000000,0,0,0,-1,-1
7256,0.007256000,0.637644000,0.985260000,0.000000000,0,0,0,-1,-1
7257,0.007257000,0.637620000,0.992196000,0.000000000,0,0,0,-1,-1
7258,0.007258000,0.637596000,0.999132000,0.000000000,0,0,0,-1,-1
7259,0.007259000,0.637584000,1.006068000,0.000000000,0,0,0,-1,-1
7260,0.007260000,0.637560000,1.013004000,0.000000000,0,0,0,-1,-1
7261,0.007261000,0.637536000,1.019940000,0.000000000,0,0,0,-1,-1
7262,0.007262000,0.637524000,1.026876000,0.000000000,0,0,0,-1,-1
7263,0.007263000,0.637500000,1.033812000,0.000000000,0,0,0,-1,-1
7264,0.007264000,0.637476000,1.040748000,0.000000000,0,0,0,-1,-1
7265,0.007265000,0.637452000,1.047684000,0.000000000,0,0,0,-1,-1
7266,0.007266000,0.637440000,1.054632000,0.000000000,0,0,0,-1,-1
7267,0.007267000,0.637416000,1.061568000,0.000000000,0,0,0,-1,-1
7268,0.007268000,0.637392000,1.068504000,0.000000000,0,0,0,-1,-1
7269,0.007269000,0.637380000,1.075440000,0.000000000,0,0,0,-1,-1
7270,0.007270000,0.637356000,1.082376000,0.000000000,0,0,0,-1,-1
7271,0.007271000,0.637332000,1.089312000,0.000000000,0,0,0,-1,-1
7272,0.007272000,0.637308000,1.096248000,0.000000000,0,0,0,-1,-1
7273,0.007273000,0.637296000,1.103184000,0.000000000,0,0,0,-1,-1
7274,0.007274000,0.637272000,1.110120000,0.000000000,0,0,0,-1,-1
7275,0.007275000,0.637248000,1.117056000,0.000000000,0,0,0,-1,-1
7276,0.007276000,0.637224000,1.123992000,0.000000000,0,0,0,-1,-1
7277,0.007277000,0.637212000,1.130940000,0.000000000,0,0,0,-1,-1
7278,0.007278000,0.637188000,1.137876000,0.000000000,0,0,0,-1,-1
7279,0.007279000,0.637164000,1.144812000,0.000000000,0,0,0,-1,-1
7280,0.007280000,0.637152000,1.151748000,0.000000000,0,0,0,-1,-1
7281,0.007281000,0.637128000,1.158684000,0.000000000,0,0,0,-1,-1
7282,0.007282000,0.637104000,1.165620000,0.000000000,0,0,0,-1,-1
7283,0.007283000,0.637080000,1.172556000,0.000000000,0,0,0,-1,-1
7284,0.007284000,0.637068000,1.179492000,0.000000000,0,0,0,-1,-1
7285,0.007285000,0.637044000,1.186428000,0.000000000,0,0,0,-1,-1
7286,0.007286000,0.637020000,1.193364000,0.000000000,0,0,0,-1,-1
7287,0.007287000,0.636996000,1.200360000,0.000000000,0,0,0,-1,-1
7288,0.007288000,0.636984000,1.207200000,0.000000000,0,0,0,-1,-1
7289,0.007289000,0.636960000,1.214160000,0.000000000,0,0,0,-1,-1
7290,0.007290000,0.636936000,1.221120000,0.000000000,0,0,0,-1,-1
7291,0.007291000,0.636924000,1.228080000,0.000000000,0,0,0,-1,-1
7292,0.007292000,0.636900000,1.235040000,0.000000000,0,0,0,-1,-1
7293,0.007293000,0.636876000,1.241880000,0.000000000,0,0,0,-1,-1
7294,0.007294000,0.636852000,1.248840000,0.000000000,0,0,0,-1,-1
7295,0.007295000,0.636840000,1.255800000,0.000000000,0,0,0,-1,-1
7296,0.007296000,0.636816000,1.262760000,0.000000000,0,0,0,-1,-1
7297,0.007297000,0.636792000,1.269720000,0.000000000,0,0,0,-1,-1
7298,0.007298000,0.636768000,1.276560000,0.000000000,0,0,0,-1,-1
7299,0.007299000,0.636756000,1.283520000,0.000000000,0,0,0,-1,-1
7300,0.007300000,0.636732000,1.290480000,0.000000000,0,0,0,-1,-1
7301,0.007301000,0.636708000,1.297440000,0.000000000,0,0,0,-1,-1
7302,0.007302000,0.636696000,1.304400000,0.000000000,0,0,0,-1,-1
7303,0.007303000,0.636672000,1.311240000,0.000000000,0,0,0,-1,-1
7304,0.007304000,0.636648000,1.318200000,0.000000000,0,0,0,-1,-1
7305,0.007305000,0.636624000,1.325160000,0.000000000,0,0,0,-1,-1
7306,0.007306000,0.636612000,1.332120000,0.000000000,0,0,0,-1,-1
7307,0.007307000,0.636588000,1.339080000,0.000000000,0,0,0,-1,-1
7308,0.007308000,0.636564000,1.345920000,0.000000000,0,0,0,-1,-1
7309,0.007309000,0.636552000,1.352880000,0.000000000,0,0,0,-1,-1
7310,0.007310000,0.636528000,1.359840000,0.000000000,0,0,0,-1,-1
7311,0.007311000,0.636504000,1.366800000,0.000000000,0,0,0,-1,-1
7312,0.007312000,0.636480000,1.373760000,0.000000000,0,0,0,-1,-1
7313,0.007313000,0.636468000,1.380600000,0.000000000,0,0,0,-1,-1
7314,0.007314000,0.636444000,1.387560000,0.000000000,0,0,0,-1,-1
7315,0.007315000,0.636420000,1.394520000,0.000000000,0,0,0,-1,-1
7316,0.007316000,0.636396000,1.401480000,0.000000000,0,0,0,-1,-1
7317,0.007317000,0.636384000,1.408440000,0.000000000,0,0,0,-1,-1
7318,0.007318000,0.636360000,1.415280000,0.000000000,0,0,0,-1,-1
7319,0.007319000,0.636336000,1.422240000,0.000000000,0,0,0,-1,-1
7320,0.007320000,0.636324000,1.429200000,0.000000000,0,0,0,-1,-1
7321,0.007321000,0.636300000,1.436160000,0.000000000,0,0,0,-1,-1
7322,0.007322000,0.636276000,1.443120000,0.000000000,0,0,0,-1,-1
7323,0.007323000,0.636252000,1.449960000,0.000000000,0,0,0,-1,-1
7324,0.007324000,0.636240000,1.456920000,0.000000000,0,0,0,-1,-1
7325,0.007325000,0.636216000,1.463880000,0.000000000,0,0,0,-1,-1
7326,0.007326000,0.636192000,1.470840000,0.000000000,0,0,0,-1,-1
7327,0.007327000,0.636168000,1.477800000,0.000000000,0,0,0,-1,-1
7328,0.007328000,0.636156000,1.484640000,0.000000000,0,0,0,-1,-1
7329,0.007329000,0.636132000,1.491600000,0.000000000,0,0,0,-1,-1
7330,0.007330000,0.636108000,1.498560000,0.000000000,0,0,0,-1,-1
7331,0.007331000,0.636096000,1.505520000,0.000000000,0,0,0,-1,-1
7332,0.007332000,0.636072000,1.512480000,0.000000000,0,0,0,-1,-1
7333,0.007333000,0.636048000,1.519320000,0.000000000,0,0,0,-1,-1
7334,0.007334000,0.636024000,1.526280000,0.000000000,0,0,0,-1,-1
7335,0.007335000,0.636012000,1.533240000,0.000000000,0,0,0,-1,-1
7336,0.007336000,0.635988000,1.540200000,0.000000000,0,0,0,-1,-1
7337,0.007337000,0.635964000,1.547160000,0.000000000,0,0,0,-1,-1
7338,0.007338000,0.635952000,1.554000000,0.000000000,0,0,0,-1,-1
7339,0.007339000,0.635928000,1.560960000,0.000000000,0,0,0,-1,-1
7340,0.007340000,0.635904000,1.567920000,0.000000000,0,0,0,-1,-1
7341,0.007341000,0.635880000,1.574880000,0.000000000,0,0,0,-1,-1
7342,0.007342000,0.635868000,1.581840000,0.000000000,0,0,0,-1,-1
7343,0.007343000,0.639444000,1.587960000,0.000000000,0,0,0,-1,-1
7344,0.007344000,0.639420000,1.594920000,0.000000000,0,0,0,-1,-1
7345,0.007345000,0.639396000,1.601880000,0.000000000,0,0,0,-1,-1
7346,0.007346000,0.642972000,1.608000000,0.000000000,0,0,0,-1,-1
7347,0.007347000,0.642960000,1.614960000,0.000000000,0,0,0,-1,-1
7348,0.007348000,0.646524000,1.621080000,0.000000000,0,0,0,-1,-1
7349,0.007349000,0.650100000,1.627200000,0.000000000,0,0,0,-1,-1
7350,0.007350000,0.653664000,1.633440000,0.000000000,0,0,0,-1,-1
7351,0.007351000,0.657228000,1.639560000,0.000000000,0,0,0,-1,-1
7352,0.007352000,0.660780000,1.645680000,0.000000000,0,0,0,-1,-1
7353,0.007353000,0.664356000,1.644840000,0.000000000,0,0,0,-1,-1
7354,0.007354000,0.667908000,1.650960000,0.000000000,0,0,0,-1,-1
7355,0.007355000,0.671472000,1.650240000,0.000000000,0,0,0,-1,-1
7356,0.007356000,0.675036000,1.649400000,0.000000000,0,0,0,-1,-1
7357,0.007357000,0.678588000,1.655520000,0.000000000,0,0,0,-1,-1
7358,0.007358000,0.682140000,1.654800000,0.000000000,0,0,0,-1,-1
7359,0.007359000,0.685692000,1.653960000,0.000000000,0,0,0,-1,-1
7360,0.007360000,0.689244000,1.653240000,0.000000000,0,0,0,-1,-1
7361,0.007361000,0.692796000,1.652400000,0.000000000,0,0,0,-1,-1
7362,0.007362000,0.696348000,1.651560000,0.000000000,0,0,0,-1,-1
7363,0.007363000,0.699888000,1.650840000,0.000000000,0,0,0,-1,-1
7364,0.007364000,0.703440000,1.643160000,0.000000000,0,0,0,-1,-1
7365,0.007365000,0.706980000,1.642440000,0.000000000,0,0,0,-1,-1
7366,0.007366000,0.710508000,1.641600000,0.000000000,0,0,0,-1,-1
7367,0.007367000,0.714060000,1.634040000,0.000000000,0,0,0,-1,-1
7368,0.007368000,0.717588000,1.633200000,0.000000000,0,0,0,-1,-1
7369,0.007369000,0.721128000,1.625640000,0.000000000,0,0,0,-1,-1
7370,0.007370000,0.724668000,1.617960000,0.000000000,0,0,0,-1,-1
7371,0.007371000,0.728196000,1.610400000,0.000000000,0,0,0,-1,-1
7372,0.007372000,0.731736000,1.602720000,0.000000000,0,0,0,-1,-1
7373,0.007373000,0.735264000,1.595160000,0.000000000,0,0,0,-1,-1
7374,0.007374000,0.735276000,1.588320000,0.000000000,0,0,0,-1,-1
7375,0.007375000,0.738804000,1.580760000,0.000000000,0,0,0,-1,-1
7376,0.007376000,0.738828000,1.573920000,0.000000000,0,0,0,-1,-1
7377,0.007377000,0.738852000,1.567080000,0.000000000,0,0,0,-1,-1
7378,0.007378000,0.742368000,1.559400000,0.000000000,0,0,0,-1,-1
7379,0.007379000,0.742392000,1.552560000,0.000000000,0,0,0,-1,-1
7380,0.007380000,0.742416000,1.545720000,0.000000000,0,0,0,-1,-1
7381,0.007381000,0.742428000,1.538880000,0.000000000,0,0,0,-1,-1
7382,0.007382000,0.742452000,1.532040000,5.000000000,1,1,0,224,0
7383,0.007383000,0.742476000,1.525200000,0.000000000,0,0,0,-1,-1
7384,0.007384000,0.742488000,1.518360000,0.000000000,0,0,0,-1,-1
7385,0.007385000,0.742512000,1.511640000,0.000000000,0,0,0,-1,-1
7386,0.007386000,0.742536000,1.504800000,0.000000000,0,0,0,-1,-1
7387,0.007387000,0.742560000,1.497960000,0.000000000,0,0,0,-1,-1
7388,0.007388000,0.742572000,1.491120000,0.000000000,0,0,0,-1,-1
7389,0.007389000,0.742596000,1.484280000,0.000000000,0,0,0,-1,-1
7390,0.007390000,0.742620000,1.477440000,0.000000000,0,0,0,-1,-1
7391,0.007391000,0.742632000,1.470600000,0.000000000,0,0,0,-1,-1
7392,0.007392000,0.742656000,1.463760000,0.000000000,0,0,0,-1,-1
7393,0.007393000,0.742680000,1.456920000,0.000000000,0,0,0,-1,-1
7394,0.007394000,0.742704000,1.450080000,0.000000000,0,0,0,-1,-1
7395,0.007395000,0.742716000,1.443240000,0.000000000,0,0,0,-1,-1
7396,0.007396000,0.742740000,1.436400000,0.000000000,0,0,0,-1,-1
7397,0.007397000,0.742764000,1.429560000,0.000000000,0,0,0,-1,-1
7398,0.007398000,0.742776000,1.422720000,5.000000000,1,1,0,225,0
7399,0.007399000,0.742800000,1.415880000,0.000000000,0,0,0,-1,-1
7400,0.007400000,0.742824000,1.409040000,0.000000000,0,0,0,-1,-1
7401,0.007401000,0.742848000,1.402200000,0.000000000,0,0,0,-1,-1
7402,0.007402000,0.742860000,1.395360000,0.000000000,0,0,0,-1,-1
7403,0.007403000,0.742884000,1.388520000,0.000000000,0,0,0,-1,-1
7404,0.007404000,0.742908000,1.381680000,0.000000000,0,0,0,-1,-1
7405,0.007405000,0.742920000,1.374840000,0.000000000,0,0,0,-1,-1
7406,0.007406000,0.742944000,1.368000000,0.000000000,0,0,0,-1,-1
7407,0.007407000,0.742968000,1.361160000,0.000000000,0,0,0,-1,-1
7408,0.007408000,0.742980000,1.354320000,0.000000000,0,0,0,-1,-1
7409,0.007409000,0.743004000,1.347480000,0.000000000,0,0,0,-1,-1
7410,0.007410000,0.743028000,1.340640000,0.000000000,0,0,0,-1,-1
7411,0.007411000,0.743052000,1.333800000,0.000000000,0,0,0,-1,-1
7412,0.007412000,0.743064000,1.326960000,0.000000000,0,0,0,-1,-1
7413,0.007413000,0.743088000,1.320120000,0.000000000,0,0,0,-1,-1
7414,0.007414000,0.743112000,1.313280000,5.000000000,1,1,0,226,0
7415,0.007415000,0.743124000,1.306440000,0.000000000,0,0,0,-1,-1
7416,0.007416000,0.743148000,1.299600000,0.000000000,0,0,0,-1,-1
7417,0.007417000,0.743172000,1.292760000,0.000000000,0,0,0,-1,-1
7418,0.007418000,0.743196000,1.285920000,0.000000000,0,0,0,-1,-1
7419,0.007419000,0.743208000,1.279080000,0.000000000,0,0,0,-1,-1
7420,0.007420000,0.743232000,1.272240000,0.000000000,0,0,0,-1,-1
7421,0.007421000,0.743256000,1.265400000,0.000000000,0,0,0,-1,-1
7422,0.007422000,0.743268000,1.258560000,0.000000000,0,0,0,-1,-1
7423,0.007423000,0.743292000,1.251720000,0.000000000,0,0,0,-1,-1
7424,0.007424000,0.743316000,1.244880000,0.000000000,0,0,0,-1,-1
7425,0.007425000,0.743340000,1.238040000,0.000000000,0,0,0,-1,-1
7426,0.007426000,0.743352000,1.231200000,0.000000000,0,0,0,-1,-1
7427,0.007427000,0.743376000,1.224360000,0.000000000,0,0,0,-1,-1
7428,0.007428000,0.743400000,1.217520000,0.000000000,0,0,0,-1,-1
7429,0.007429000,0.743412000,1.210680000,0.000000000,0,0,0,-1,-1
7430,0.007430000,0.743436000,1.203840000,5.000000000,1,1,0,227,0
7431,0.007431000,0.743460000,1.197012000,0.000000000,0,0,0,-1,-1
7432,0.007432000,0.743484000,1.190172000,0.000000000,0,0,0,-1,-1
7433,0.007433000,0.743496000,1.183332000,0.000000000,0,0,0,-1,-1
7434,0.007434000,0.743520000,1.176504000,0.000000000,0,0,0,-1,-1
7435,0.007435000,0.743544000,1.169664000,0.000000000,0,0,0,-1,-1
7436,0.007436000,0.743556000,1.162824000,0.000000000,0,0,0,-1,-1
7437,0.007437000,0.743580000,1.155984000,0.000000000,0,0,0,-1,-1
7438,0.007438000,0.743604000,1.149144000,0.000000000,0,0,0,-1,-1
7439,0.007439000,0.743616000,1.142304000,0.000000000,0,0,0,-1,-1
7440,0.007440000,0.743640000,1.135464000,0.000000000,0,0,0,-1,-1
7441,0.007441000,0.743664000,1.128624000,0.000000000,0,0,0,-1,-1
7442,0.007442000,0.743688000,1.121784000,0.000000000,0,0,0,-1,-1
7443,0.007443000,0.743700000,1.114944000,0.000000000,0,0,0,-1,-1
7444,0.007444000,0.743724000,1.108104000,0.000000000,0,0,0,-1,-1
7445,0.007445000,0.743748000,1.101276000,0.000000000,0,0,0,-1,-1
7446,0.007446000,0.743760000,1.094436000,5.000000000,1,1,0,228,0
7447,0.007447000,0.743784000,1.087596000,0.000000000,0,0,0,-1,-1
7448,0.007448000,0.743808000,1.080756000,0.000000000,0,0,0,-1,-1
7449,0.007449000,0.743832000,1.073916000,0.000000000,0,0,0,-1,-1
7450,0.007450000,0.743844000,1.067076000,0.000000000,0,0,0,-1,-1
7451,0.007451000,0.743868000,1.060236000,0.000000000,0,0,0,-1,-1
7452,0.007452000,0.743892000,1.053396000,0.000000000,0,0,0,-1,-1
7453,0.007453000,0.743904000,1.046556000,0.000000000,0,0,0,-1,-1
7454,0.007454000,0.743928000,1.039716000,0.000000000,0,0,0,-1,-1
7455,0.007455000,0.743952000,1.032876000,0.000000000,0,0,0,-1,-1
7456,0.007456000,0.743976000,1.026036000,0.000000000,0,0,0,-1,-1
7457,0.007457000,0.743988000,1.019208000,0.000000000,0,0,0,-1,-1
7458,0.007458000,0.744012000,1.012368000,0.000000000,0,0,0,-1,-1
7459,0.007459000,0.744036000,1.005528000,0.000000000,0,0,0,-1,-1
7460,0.007460000,0.744048000,0.998688000,0.000000000,0,0,0,-1,-1
7461,0.007461000,0.744072000,0.991848000,0.000000000,0,0,0,-1,-1
7462,0.007462000,0.744096000,0.985008000,5.000000000,1,1,0,229,0
7463,0.007463000,0.744120000,0.978168000,0.000000000,0,0,0,-1,-1
7464,0.007464000,0.744132000,0.971328000,0.000000000,0,0,0,-1,-1
7465,0.007465000,0.744156000,0.964488000,0.000000000,0,0,0,-1,-1
7466,0.007466000,0.744180000,0.957648000,0.000000000,0,0,0,-1,-1
7467,0.007467000,0.744192000,0.950808000,0.000000000,0,0,0,-1,-1
7468,0.007468000,0.744216000,0.943968000,0.000000000,0,0,0,-1,-1
7469,0.007469000,0.744240000,0.937128000,0.000000000,0,0,0,-1,-1
7470,0.007470000,0.744252000,0.930288000,0.000000000,0,0,0,-1,-1
7471,0.007471000,0.744276000,0.923448000,0.000000000,0,0,0,-1,-1
7472,0.007472000,0.744300000,0.916608000,0.000000000,0,0,0,-1,-1
7473,0.007473000,0.744324000,0.909780000,0.000000000,0,0,0,-1,-1
7474,0.007474000,0.744336000,0.902940000,0.000000000,0,0,0,-1,-1
7475,0.007475000,0.744360000,0.896100000,0.000000000,0,0,0,-1,-1
7476,0.007476000,0.744384000,0.889260000,0.000000000,0,0,0,-1,-1
7477,0.007477000,0.744396000,0.882420000,0.000000000,0,0,0,-1,-1
7478,0.007478000,0.744420000,0.875580000,5.000000000,1,1,0,230,0
7479,0.007479000,0.744444000,0.868740000,0.000000000,0,0,0,-1,-1
7480,0.007480000,0.744468000,0.861900000,0.000000000,0,0,0,-1,-1
7481,0.007481000,0.744480000,0.855060000,0.000000000,0,0,0,-1,-1
7482,0.007482000,0.744504000,0.848220000,0.000000000,0,0,0,-1,-1
7483,0.007483000,0.744528000,0.841380000,0.000000000,0,0,0,-1,-1
7484,0.007484000,0.744540000,0.834540000,0.000000000,0,0,0,-1,-1
7485,0.007485000,0.744564000,0.827700000,0.000000000,0,0,0,-1,-1
7486,0.007486000,0.744588000,0.820860000,0.000000000,0,0,0,-1,-1
7487,0.007487000,0.744612000,0.814020000,0.000000000,0,0,0,-1,-1
7488,0.007488000,0.744624000,0.807180000,0.000000000,0,0,0,-1,-1
7489,0.007489000,0.744648000,0.800340000,0.000000000,0,0,0,-1,-1
7490,0.007490000,0.744672000,0.793500000,0.000000000,0,0,0,-1,-1
7491,0.007491000,0.744684000,0.786660000,0.000000000,0,0,0,-1,-1
7492,0.007492000,0.744708000,0.779820000,0.000000000,0,0,0,-1,-1
7493,0.007493000,0.744732000,0.772980000,0.000000000,0,0,0,-1,-1
7494,0.007494000,0.744756000,0.766140000,5.000000000,1,1,0,231,0
7495,0.007495000,0.744768000,0.759300000,0.000000000,0,0,0,-1,-1
7496,0.007496000,0.744792000,0.752460000,0.000000000,0,0,0,-1,-1
7497,0.007497000,0.744816000,0.745620000,0.000000000,0,0,0,-1,-1
7498,0.007498000,0.744828000,0.738780000,0.000000000,0,0,0,-1,-1
7499,0.007499000,0.744852000,0.731940000,0.000000000,0,0,0,-1,-1
7500,0.007500000,0.744876000,0.725100000,0.000000000,0,0,0,-1,-1
7501,0.007501000,0.744900000,0.718260000,0.000000000,0,0,0,-1,-1
7502,0.007502000,0.744912000,0.711420000,0.000000000,0,0,0,-1,-1
7503,0.007503000,0.744936000,0.704580000,0.000000000,0,0,0,-1,-1
7504,0.007504000,0.744960000,0.697740000,0.000000000,0,0,0,-1,-1
7505,0.007505000,0.744972000,0.690900000,0.000000000,0,0,0,-1,-1
7506,0.007506000,0.744996000,0.684060000,0.000000000,0,0,0,-1,-1
7507,0.007507000,0.745020000,0.677220000,0.000000000,0,0,0,-1,-1
7508,0.007508000,0.745032000,0.670392000,0.000000000,0,0,0,-1,-1
7509,0.007509000,0.745056000,0.663552000,0.000000000,0,0,0,-1,-1
7510,0.007510000,0.745080000,0.656712000,5.000000000,1,1,0,232,0
7511,0.007511000,0.745104000,0.649872000,0.000000000,0,0,0,-1,-1
7512,0.007512000,0.745116000,0.643032000,0.000000000,0,0,0,-1,-1
7513,0.007513000,0.745140000,0.636192000,0.000000000,0,0,0,-1,-1
7514,0.007514000,0.745164000,0.629352000,0.000000000,0,0,0,-1,-1
7515,0.007515000,0.745176000,0.622512000,0.000000000,0,0,0,-1,-1
7516,0.007516000,0.745200000,0.615672000,0.000000000,0,0,0,-1,-1
7517,0.007517000,0.745224000,0.608832000,0.000000000,0,0,0,-1,-1
7518,0.007518000,0.745248000,0.601992000,0.000000000,0,0,0,-1,-1
7519,0.007519000,0.745260000,0.595140000,0.000000000,0,0,0,-1,-1
7520,0.007520000,0.745284000,0.588300000,0.000000000,0,0,0,-1,-1
7521,0.007521000,0.745308000,0.581460000,0.000000000,0,0,0,-1,-1
7522,0.007522000,0.745320000,0.574620000,0.000000000,0,0,0,-1,-1
7523,0.007523000,0.745344000,0.567780000,0.000000000,0,0,0,-1,-1
7524,0.007524000,0.745368000,0.560940000,0.000000000,0,0,0,-1,-1
7525,0.007525000,0.745392000,0.554100000,0.000000000,0,0,0,-1,-1
7526,0.007526000,0.745404000,0.547260000,5.000000000,1,1,0,233,0
7527,0.007527000,0.745428000,0.540420000,0.000000000,0,0,0,-1,-1
7528,0.007528000,0.745452000,0.533580000,0.000000000,0,0,0,-1,-1
7529,0.007529000,0.745464000,0.526740000,0.000000000,0,0,0,-1,-1
7530,0.007530000,0.745488000,0.519900000,0.000000000,0,0,0,-1,-1
7531,0.007531000,0.745512000,0.513060000,0.000000000,0,0,0,-1,-1
7532,0.007532000,0.745536000,0.506220000,0.000000000,0,0,0,-1,-1
7533,0.007533000,0.745548000,0.499380000,0.000000000,0,0,0,-1,-1
7534,0.007534000,0.745572000,0.492540000,0.000000000,0,0,0,-1,-1
7535,0.007535000,0.745596000,0.485700000,0.000000000,0,0,0,-1,-1
7536,0.007536000,0.745608000,0.478860000,0.000000000,0,0,0,-1,-1
7537,0.007537000,0.745632000,0.472020000,0.000000000,0,0,0,-1,-1
7538,0.007538000,0.745656000,0.465180000,0.000000000,0,0,0,-1,-1
7539,0.007539000,0.745680000,0.458340000,0.000000000,0,0,0,-1,-1
7540,0.007540000,0.745692000,0.451500000,0.000000000,0,0,0,-1,-1
7541,0.007541000,0.745716000,0.444660000,0.000000000,0,0,0,-1,-1
7542,0.007542000,0.745740000,0.437820000,5.000000000,1,1,0,234,0
7543,0.007543000,0.745752000,0.430980000,0.000000000,0,0,0,-1,-1
7544,0.007544000,0.745776000,0.424140000,0.000000000,0,0,0,-1,-1
7545,0.007545000,0.745800000,0.417300000,0.000000000,0,0,0,-1,-1
7546,0.007546000,0.745812000,0.410460000,0.000000000,0,0,0,-1,-1
7547,0.007547000,0.745836000,0.403620000,0.000000000,0,0,0,-1,-1
7548,0.007548000,0.745860000,0.396780000,0.000000000,0,0,0,-1,-1
7549,0.007549000,0.745884000,0.389940000,0.000000000,0,0,0,-1,-1
7550,0.007550000,0.745896000,0.383100000,0.000000000,0,0,0,-1,-1
7551,0.007551000,0.745920000,0.376260000,0.000000000,0,0,0,-1,-1
7552,0.007552000,0.745944000,0.369420000,0.000000000,0,0,0,-1,-1
7553,0.007553000,0.745956000,0.362568000,0.000000000,0,0,0,-1,-1
7554,0.007554000,0.745980000,0.355728000,0.000000000,0,0,0,-1,-1
7555,0.007555000,0.746004000,0.348888000,0.000000000,0,0,0,-1,-1
7556,0.007556000,0.746028000,0.342048000,0.000000000,0,0,0,-1,-1
7557,0.007557000,0.746040000,0.335208000,0.000000000,0,0,0,-1,-1
7558,0.007558000,0.746064000,0.328368000,5.000000000,1,1,0,235,0
7559,0.007559000,0.746088000,0.321528000,0.000000000,0,0,0,-1,-1
7560,0.007560000,0.746100000,0.314688000,0.000000000,0,0,0,-1,-1
7561,0.007561000,0.746124000,0.307848000,0.000000000,0,0,0,-1,-1
7562,0.007562000,0.746148000,0.301008000,0.000000000,0,0,0,-1,-1
7563,0.007563000,0.746172000,0.294168000,0.000000000,0,0,0,-1,-1
7564,0.007564000,0.746184000,0.287328000,0.000000000,0,0,0,-1,-1
7565,0.007565000,0.746208000,0.280488000,0.000000000,0,0,0,-1,-1
7566,0.007566000,0.746232000,0.273648000,0.000000000,0,0,0,-1,-1
7567,0.007567000,0.746244000,0.266808000,0.000000000,0,0,0,-1,-1
7568,0.007568000,0.746268000,0.259968000,0.000000000,0,0,0,-1,-1
7569,0.007569000,0.746292000,0.253128000,0.000000000,0,0,0,-1,-1
7570,0.007570000,0.746316000,0.246276000,0.000000000,0,0,0,-1,-1
7571,0.007571000,0.746328000,0.239436000,0.000000000,0,0,0,-1,-1
7572,0.007572000,0.746352000,0.232596000,0.000000000,0,0,0,-1,-1
7573,0.007573000,0.746376000,0.225756000,0.000000000,0,0,0,-1,-1
7574,0.007574000,0.746388000,0.218916000,5.000000000,1,1,0,236,0
7575,0.007575000,0.746412000,0.212076000,0.000000000,0,0,0,-1,-1
7576,0.007576000,0.746436000,0.205236000,0.000000000,0,0,0,-1,-1
7577,0.007577000,0.746460000,0.198396000,0.000000000,0,0,0,-1,-1
7578,0.007578000,0.746472000,0.191556000,0.000000000,0,0,0,-1,-1
7579,0.007579000,0.746496000,0.184716000,0.000000000,0,0,0,-1,-1
7580,0.007580000,0.746520000,0.177876000,0.000000000,0,0,0,-1,-1
7581,0.007581000,0.746532000,0.171036000,0.000000000,0,0,0,-1,-1
7582,0.007582000,0.746556000,0.164184000,0.000000000,0,0,0,-1,-1
7583,0.007583000,0.746580000,0.157344000,0.000000000,0,0,0,-1,-1
7584,0.007584000,0.746592000,0.150504000,0.000000000,0,0,0,-1,-1
7585,0.007585000,0.746616000,0.143664000,0.000000000,0,0,0,-1,-1
7586,0.007586000,0.746640000,0.136824000,0.000000000,0,0,0,-1,-1
7587,0.007587000,0.746664000,0.129984000,0.000000000,0,0,0,-1,-1
7588,0.007588000,0.746676000,0.123144000,0.000000000,0,0,0,-1,-1
7589,0.007589000,0.746700000,0.116301600,0.000000000,0,0,0,-1,-1
7590,0.007590000,0.746724000,0.109460400,5.000000000,1,1,0,237,0
7591,0.007591000,0.746736000,0.102619200,0.000000000,0,0,0,-1,-1
7592,0.007592000,0.746760000,0.095778000,0.000000000,0,0,0,-1,-1
7593,0.007593000,0.746784000,0.088936800,0.000000000,0,0,0,-1,-1
7594,0.007594000,0.746808000,0.082095600,0.000000000,0,0,0,-1,-1
7595,0.007595000,0.746820000,0.075254400,0.000000000,0,0,0,-1,-1
7596,0.007596000,0.746844000,0.068413200,0.000000000,0,0,0,-1,-1
7597,0.007597000,0.746868000,0.061572000,0.000000000,0,0,0,-1,-1
7598,0.007598000,0.746880000,0.054730800,0.000000000,0,0,0,-1,-1
7599,0.007599000,0.746904000,0.047889600,0.000000000,0,0,0,-1,-1
7600,0.007600000,0.746928000,0.041048400,0.000000000,0,0,0,-1,-1
7601,0.007601000,0.746952000,0.034207200,0.000000000,0,0,0,-1,-1
7602,0.007602000,0.746964000,0.027366000,0.000000000,0,0,0,-1,-1
7603,0.007603000,0.746988000,0.020524800,0.000000000,0,0,0,-1,-1
7604,0.007604000,0.747012000,0.013682400,0.000000000,0,0,0,-1,-1
7605,0.007605000,0.747024000,0.006841440,0.000000000,0,0,0,-1,-1
7606,0.007606000,0.747048000,0.000000000,5.000000000,1,1,0,238,0
7607,0.007607000,0.747072000,-0.006841440,0.000000000,0,0,0,-1,-1
7608,0.007608000,0.747096000,-0.013682400,0.000000000,0,0,0,-1,-1
7609,0.007609000,0.747108000,-0.020524800,0.000000000,0,0,0,-1,-1
7610,0.007610000,0.747132000,-0.027366000,0.000000000,0,0,0,-1,-1
7611,0.007611000,0.747156000,-0.034207200,0.000000000,0,0,0,-1,-1
7612,0.007612000,0.747168000,-0.041048400,0.000000000,0,0,0,-1,-1
7613,0.007613000,0.747192000,-0.047890800,0.000000000,0,0,0,-1,-1
7614,0.007614000,0.747216000,-0.054732000,0.000000000,0,0,0,-1,-1
7615,0.007615000,0.747240000,-0.061573200,0.000000000,0,0,0,-1,-1
7616,0.007616000,0.747252000,-0.068414400,0.000000000,0,0,0,-1,-1
7617,0.007617000,0.747276000,-0.075256800,0.000000000,0,0,0,-1,-1
7618,0.007618000,0.747300000,-0.082098000,0.000000000,0,0,0,-1,-1
7619,0.007619000,0.747312000,-0.088939200,0.000000000,0,0,0,-1,-1
7620,0.007620000,0.747336000,-0.095781600,0.000000000,0,0,0,-1,-1
7621,0.007621000,0.747360000,-0.102622800,0.000000000,0,0,0,-1,-1
7622,0.007622000,0.747372000,-0.109465200,5.000000000,1,1,0,239,0
7623,0.007623000,0.747396000,-0.116306400,0.000000000,0,0,0,-1,-1
7624,0.007624000,0.747420000,-0.123144000,0.000000000,0,0,0,-1,-1
7625,0.007625000,0.747444000,-0.129984000,0.000000000,0,0,0,-1,-1
7626,0.007626000,0.747456000,-0.136836000,0.000000000,0,0,0,-1,-1
7627,0.007627000,0.747480000,-0.143676000,0.000000000,0,0,0,-1,-1
7628,0.007628000,0.747504000,-0.150516000,0.000000000,0,0,0,-1,-1
7629,0.007629000,0.747516000,-0.157356000,0.000000000,0,0,0,-1,-1
7630,0.007630000,0.747540000,-0.164196000,0.000000000,0,0,0,-1,-1
7631,0.007631000,0.747564000,-0.171036000,0.000000000,0,0,0,-1,-1
7632,0.007632000,0.747588000,-0.177888000,0.000000000,0,0,0,-1,-1
7633,0.007633000,0.747600000,-0.184728000,0.000000000,0,0,0,-1,-1
7634,0.007634000,0.747624000,-0.191568000,0.000000000,0,0,0,-1,-1
7635,0.007635000,0.747648000,-0.198408000,0.000000000,0,0,0,-1,-1
7636,0.007636000,0.747660000,-0.205248000,0.000000000,0,0,0,-1,-1
7637,0.007637000,0.747684000,-0.212088000,0.000000000,0,0,0,-1,-1
7638,0.007638000,0.747708000,-0.218928000,0.000000000,0,0,0,-1,-1
7639,0.007639000,0.747732000,-0.225780000,0.000000000,0,0,0,-1,-1
7640,0.007640000,0.747744000,-0.232620000,0.000000000,0,0,0,-1,-1
7641,0.007641000,0.747768000,-0.239460000,0.000000000,0,0,0,-1,-1
7642,0.007642000,0.747792000,-0.246300000,0.000000000,0,0,0,-1,-1
7643,0.007643000,0.747804000,-0.253140000,0.000000000,0,0,0,-1,-1
7644,0.007644000,0.747828000,-0.259980000,0.000000000,0,0,0,-1,-1
7645,0.007645000,0.747852000,-0.266832000,0.000000000,0,0,0,-1,-1
7646,0.007646000,0.747876000,-0.273672000,0.000000000,0,0,0,-1,-1
7647,0.007647000,0.747888000,-0.280512000,0.000000000,0,0,0,-1,-1
7648,0.007648000,0.747912000,-0.287352000,0.000000000,0,0,0,-1,-1
7649,0.007649000,0.747936000,-0.294192000,0.000000000,0,0,0,-1,-1
7650,0.007650000,0.747948000,-0.301032000,0.000000000,0,0,0,-1,-1
7651,0.007651000,0.747972000,-0.307884000,0.000000000,0,0,0,-1,-1
7652,0.007652000,0.747996000,-0.314724000,0.000000000,0,0,0,-1,-1
7653,0.007653000,0.748020000,-0.321564000,0.000000000,0,0,0,-1,-1
7654,0.007654000,0.748032000,-0.328404000,0.000000000,0,0,0,-1,-1
7655,0.007655000,0.748056000,-0.335244000,0.000000000,0,0,0,-1,-1
7656,0.007656000,0.748080000,-0.342096000,0.000000000,0,0,0,-1,-1
7657,0.007657000,0.748092000,-0.348936000,0.000000000,0,0,0,-1,-1
7658,0.007658000,0.748116000,-0.355776000,0.000000000,0,0,0,-1,-1
7659,0.007659000,0.748140000,-0.362616000,0.000000000,0,0,0,-1,-1
7660,0.007660000,0.748164000,-0.369456000,0.000000000,0,0,0,-1,-1
7661,0.007661000,0.748176000,-0.376296000,0.000000000,0,0,0,-1,-1
7662,0.007662000,0.748200000,-0.383148000,0.000000000,0,0,0,-1,-1
7663,0.007663000,0.748224000,-0.389988000,0.000000000,0,0,0,-1,-1
7664,0.007664000,0.748236000,-0.396828000,0.000000000,0,0,0,-1,-1
7665,0.007665000,0.748260000,-0.403668000,0.000000000,0,0,0,-1,-1
7666,0.007666000,0.748284000,-0.410508000,0.000000000,0,0,0,-1,-1
7667,0.007667000,0.748296000,-0.417360000,0.000000000,0,0,0,-1,-1
7668,0.007668000,0.748320000,-0.424200000,0.000000000,0,0,0,-1,-1
7669,0.007669000,0.748344000,-0.431040000,0.000000000,0,0,0,-1,-1
7670,0.007670000,0.748368000,-0.437880000,0.000000000,0,0,0,-1,-1
7671,0.007671000,0.748380000,-0.444720000,0.000000000,0,0,0,-1,-1
7672,0.007672000,0.748404000,-0.451572000,0.000000000,0,0,0,-1,-1
7673,0.007673000,0.748428000,-0.458412000,0.000000000,0,0,0,-1,-1
7674,0.007674000,0.748440000,-0.465252000,0.000000000,0,0,0,-1,-1
7675,0.007675000,0.748464000,-0.472092000,0.000000000,0,0,0,-1,-1
7676,0.007676000,0.748488000,-0.478932000,0.000000000,0,0,0,-1,-1
7677,0.007677000,0.748512000,-0.485784000,0.000000000,0,0,0,-1,-1
7678,0.007678000,0.748524000,-0.492624000,0.000000000,0,0,0,-1,-1
7679,0.007679000,0.748548000,-0.499464000,0.000000000,0,0,0,-1,-1
7680,0.007680000,0.748572000,-0.506304000,0.000000000,0,0,0,-1,-1
7681,0.007681000,0.748584000,-0.513144000,0.000000000,0,0,0,-1,-1
7682,0.007682000,0.748608000,-0.519996000,0.000000000,0,0,0,-1,-1
7683,0.007683000,0.748632000,-0.526836000,0.000000000,0,0,0,-1,-1
7684,0.007684000,0.748656000,-0.533676000,0.000000000,0,0,0,-1,-1
7685,0.007685000,0.748668000,-0.540516000,0.000000000,0,0,0,-1,-1
7686,0.007686000,0.748692000,-0.547368000,0.000000000,0,0,0,-1,-1
7687,0.007687000,0.748716000,-0.554208000,0.000000000,0,0,0,-1,-1
7688,0.007688000,0.748728000,-0.561048000,0.000000000,0,0,0,-1,-1
7689,0.007689000,0.748752000,-0.567888000,0.000000000,0,0,0,-1,-1
7690,0.007690000,0.748776000,-0.574728000,0.000000000,0,0,0,-1,-1
7691,0.007691000,0.748800000,-0.581580000,0.000000000,0,0,0,-1,-1
7692,0.007692000,0.748812000,-0.588420000,0.000000000,0,0,0,-1,-1
7693,0.007693000,0.748836000,-0.595260000,0.000000000,0,0,0,-1,-1
7694,0.007694000,0.748860000,-0.602100000,0.000000000,0,0,0,-1,-1
7695,0.007695000,0.748872000,-0.608952000,0.000000000,0,0,0,-1,-1
7696,0.007696000,0.748896000,-0.615792000,0.000000000,0,0,0,-1,-1
7697,0.007697000,0.748920000,-0.622632000,0.000000000,0,0,0,-1,-1
7698,0.007698000,0.748944000,-0.629472000,0.000000000,0,0,0,-1,-1
7699,0.007699000,0.748956000,-0.636324000,0.000000000,0,0,0,-1,-1
7700,0.007700000,0.748980000,-0.643164000,0.000000000,0,0,0,-1,-1
7701,0.007701000,0.749004000,-0.650004000,0.000000000,0,0,0,-1,-1
7702,0.007702000,0.749016000,-0.656844000,0.000000000,0,0,0,-1,-1
7703,0.007703000,0.749040000,-0.663696000,0.000000000,0,0,0,-1,-1
7704,0.007704000,0.749064000,-0.670536000,0.000000000,0,0,0,-1,-1
7705,0.007705000,0.749076000,-0.677376000,0.000000000,0,0,0,-1,-1
7706,0.007706000,0.749100000,-0.684216000,0.000000000,0,0,0,-1,-1
7707,0.007707000,0.749124000,-0.691056000,0.000000000,0,0,0,-1,-1
7708,0.007708000,0.749148000,-0.697908000,0.000000000,0,0,0,-1,-1
7709,0.007709000,0.749160000,-0.704748000,0.000000000,0,0,0,-1,-1
7710,0.007710000,0.749184000,-0.711588000,0.000000000,0,0,0,-1,-1
7711,0.007711000,0.749208000,-0.718428000,0.000000000,0,0,0,-1,-1
7712,0.007712000,0.749220000,-0.725280000,0.000000000,0,0,0,-1,-1
7713,0.007713000,0.749244000,-0.732120000,0.000000000,0,0,0,-1,-1
7714,0.007714000,0.749268000,-0.738960000,0.000000000,0,0,0,-1,-1
7715,0.007715000,0.749292000,-0.745800000,0.000000000,0,0,0,-1,-1
7716,0.007716000,0.749304000,-0.752652000,0.000000000,0,0,0,-1,-1
7717,0.007717000,0.749328000,-0.759492000,0.000000000,0,0,0,-1,-1
7718,0.007718000,0.749352000,-0.766332000,0.000000000,0,0,0,-1,-1
7719,0.007719000,0.749364000,-0.773184000,0.000000000,0,0,0,-1,-1
7720,0.007720000,0.749388000,-0.780024000,0.000000000,0,0,0,-1,-1
7721,0.007721000,0.749412000,-0.786864000,0.000000000,0,0,0,-1,-1
7722,0.007722000,0.749436000,-0.793704000,0.000000000,0,0,0,-1,-1
7723,0.007723000,0.749448000,-0.800556000,0.000000000,0,0,0,-1,-1
7724,0.007724000,0.749472000,-0.807396000,0.000000000,0,0,0,-1,-1
7725,0.007725000,0.749496000,-0.814236000,0.000000000,0,0,0,-1,-1
7726,0.007726000,0.749508000,-0.821076000,0.000000000,0,0,0,-1,-1
7727,0.007727000,0.749532000,-0.827928000,0.000000000,0,0,0,-1,-1
7728,0.007728000,0.749556000,-0.834768000,0.000000000,0,0,0,-1,-1
7729,0.007729000,0.749580000,-0.841608000,0.000000000,0,0,0,-1,-1
7730,0.007730000,0.749592000,-0.848460000,0.000000000,0,0,0,-1,-1
7731,0.007731000,0.749616000,-0.855300000,0.000000000,0,0,0,-1,-1
7732,0.007732000,0.749640000,-0.862140000,0.000000000,0,0,0,-1,-1
7733,0.007733000,0.749652000,-0.868980000,0.000000000,0,0,0,-1,-1
7734,0.007734000,0.749676000,-0.875832000,0.000000000,0,0,0,-1,-1
7735,0.007735000,0.749700000,-0.882672000,0.000000000,0,0,0,-1,-1
7736,0.007736000,0.749724000,-0.889512000,0.000000000,0,0,0,-1,-1
7737,0.007737000,0.749736000,-0.896352000,0.000000000,0,0,0,-1,-1
7738,0.007738000,0.749760000,-0.903204000,0.000000000,0,0,0,-1,-1
7739,0.007739000,0.749784000,-0.910044000,0.000000000,0,0,0,-1,-1
7740,0.007740000,0.749796000,-0.916884000,0.000000000,0,0,0,-1,-1
7741,0.007741000,0.749820000,-0.923736000,0.000000000,0,0,0,-1,-1
7742,0.007742000,0.749844000,-0.930576000,0.000000000,0,0,0,-1,-1
7743,0.007743000,0.749868000,-0.937416000,0.000000000,0,0,0,-1,-1
7744,0.007744000,0.749880000,-0.944268000,0.000000000,0,0,0,-1,-1
7745,0.007745000,0.749904000,-0.951108000,0.000000000,0,0,0,-1,-1
7746,0.007746000,0.749928000,-0.957948000,0.000000000,0,0,0,-1,-1
7747,0.007747000,0.749940000,-0.964788000,0.000000000,0,0,0,-1,-1
7748,0.007748000,0.749964000,-0.971640000,0.000000000,0,0,0,-1,-1
7749,0.007749000,0.749988000,-0.978480000,0.000000000,0,0,0,-1,-1
7750,0.007750000,0.750012000,-0.985320000,0.000000000,0,0,0,-1,-1
7751,0.007751000,0.750024000,-0.992172000,0.000000000,0,0,0,-1,-1
7752,0.007752000,0.750048000,-0.999012000,0.000000000,0,0,0,-1,-1
7753,0.007753000,0.750072000,-1.005852000,0.000000000,0,0,0,-1,-1
7754,0.007754000,0.750084000,-1.012704000,0.000000000,0,0,0,-1,-1
7755,0.007755000,0.750108000,-1.019544000,0.000000000,0,0,0,-1,-1
7756,0.007756000,0.750132000,-1.026384000,0.000000000,0,0,0,-1,-1
7757,0.007757000,0.750144000,-1.033224000,0.000000000,0,0,0,-1,-1
7758,0.007758000,0.750168000,-1.040076000,0.000000000,0,0,0,-1,-1
7759,0.007759000,0.750192000,-1.046916000,0.000000000,0,0,0,-1,-1
7760,0.007760000,0.750216000,-1.053756000,0.000000000,0,0,0,-1,-1
7761,0.007761000,0.750228000,-1.060608000,0.000000000,0,0,0,-1,-1
7762,0.007762000,0.750252000,-1.067448000,0.000000000,0,0,0,-1,-1
7763,0.007763000,0.750276000,-1.074288000,0.000000000,0,0,0,-1,-1
7764,0.007764000,0.750288000,-1.081140000,0.000000000,0,0,0,-1,-1
7765,0.007765000,0.750312000,-1.087980000,0.000000000,0,0,0,-1,-1
7766,0.007766000,0.750336000,-1.094820000,0.000000000,0,0,0,-1,-1
7767,0.007767000,0.750360000,-1.101672000,0.000000000,0,0,0,-1,-1
7768,0.007768000,0.750372000,-1.108512000,0.000000000,0,0,0,-1,-1
7769,0.007769000,0.750396000,-1.115352000,0.000000000,0,0,0,-1,-1
7770,0.007770000,0.750420000,-1.122204000,0.000000000,0,0,0,-1,-1
7771,0.007771000,0.750432000,-1.129044000,0.000000000,0,0,0,-1,-1
7772,0.007772000,0.750456000,-1.135884000,0.000000000,0,0,0,-1,-1
7773,0.007773000,0.750480000,-1.142736000,0.000000000,0,0,0,-1,-1
7774,0.007774000,0.750504000,-1.149576000,0.000000000,0,0,0,-1,-1
7775,0.007775000,0.750516000,-1.156416000,0.000000000,0,0,0,-1,-1
7776,0.007776000,0.750540000,-1.163268000,0.000000000,0,0,0,-1,-1
7777,0.007777000,0.750564000,-1.170108000,0.000000000,0,0,0,-1,-1
7778,0.007778000,0.750576000,-1.176948000,0.000000000,0,0,0,-1,-1
7779,0.007779000,0.750600000,-1.183800000,0.000000000,0,0,0,-1,-1
7780,0.007780000,0.750624000,-1.190640000,0.000000000,0,0,0,-1,-1
7781,0.007781000,0.750648000,-1.197480000,0.000000000,0,0,0,-1,-1
7782,0.007782000,0.750660000,-1.204320000,0.000000000,0,0,0,-1,-1
7783,0.007783000,0.750684000,-1.211160000,0.000000000,0,0,0,-1,-1
7784,0.007784000,0.750708000,-1.218000000,0.000000000,0,0,0,-1,-1
7785,0.007785000,0.750720000,-1.224840000,0.000000000,0,0,0,-1,-1
7786,0.007786000,0.750744000,-1.231680000,0.000000000,0,0,0,-1,-1
7787,0.007787000,0.750768000,-1.238520000,0.000000000,0,0,0,-1,-1
7788,0.007788000,0.750792000,-1.245360000,0.000000000,0,0,0,-1,-1
7789,0.007789000,0.750804000,-1.252200000,0.000000000,0,0,0,-1,-1
7790,0.007790000,0.750828000,-1.259040000,0.000000000,0,0,0,-1,-1
7791,0.007791000,0.750852000,-1.265880000,0.000000000,0,0,0,-1,-1
7792,0.007792000,0.750864000,-1.272720000,0.000000000,0,0,0,-1,-1
7793,0.007793000,0.750888000,-1.279560000,0.000000000,0,0,0,-1,-1
7794,0.007794000,0.750912000,-1.286400000,0.000000000,0,0,0,-1,-1
7795,0.007795000,0.750936000,-1.293360000,0.000000000,0,0,0,-1,-1
7796,0.007796000,0.750948000,-1.300200000,0.000000000,0,0,0,-1,-1
7797,0.007797000,0.750972000,-1.307040000,0.000000000,0,0,0,-1,-1
7798,0.007798000,0.750996000,-1.313880000,0.000000000,0,0,0,-1,-1
7799,0.007799000,0.751008000,-1.320720000,0.000000000,0,0,0,-1,-1
7800,0.007800000,0.751032000,-1.327560000,0.000000000,0,0,0,-1,-1
7801,0.007801000,0.751056000,-1.334400000,0.000000000,0,0,0,-1,-1
7802,0.007802000,0.751068000,-1.341240000,0.000000000,0,0,0,-1,-1
7803,0.007803000,0.751092000,-1.348080000,0.000000000,0,0,0,-1,-1
7804,0.007804000,0.751116000,-1.354920000,0.000000000,0,0,0,-1,-1
7805,0.007805000,0.751140000,-1.361760000,0.000000000,0,0,0,-1,-1
7806,0.007806000,0.751152000,-1.368600000,0.000000000,0,0,0,-1,-1
7807,0.007807000,0.751176000,-1.375440000,0.000000000,0,0,0,-1,-1
7808,0.007808000,0.751200000,-1.382280000,0.000000000,0,0,0,-1,-1
7809,0.007809000,0.751212000,-1.389120000,0.000000000,0,0,0,-1,-1
7810,0.007810000,0.751236000,-1.395960000,0.000000000,0,0,0,-1,-1
7811,0.007811000,0.751260000,-1.402800000,0.000000000,0,0,0,-1,-1
7812,0.007812000,0.751284000,-1.409640000,0.000000000,0,0,0,-1,-1
7813,0.007813000,0.751296000,-1.416480000,0.000000000,0,0,0,-1,-1
7814,0.007814000,0.751320000,-1.423320000,0.000000000,0,0,0,-1,-1
7815,0.007815000,0.751344000,-1.430160000,0.000000000,0,0,0,-1,-1
7816,0.007816000,0.751356000,-1.437000000,0.000000000,0,0,0,-1,-1
7817,0.007817000,0.751380000,-1.443840000,0.000000000,0,0,0,-1,-1
7818,0.007818000,0.751404000,-1.450680000,0.000000000,0,0,0,-1,-1
7819,0.007819000,0.751428000,-1.457520000,0.000000000,0,0,0,-1,-1
7820,0.007820000,0.751440000,-1.464360000,0.000000000,0,0,0,-1,-1
7821,0.007821000,0.751464000,-1.471200000,0.000000000,0,0,0,-1,-1
7822,0.007822000,0.751488000,-1.478160000,0.000000000,0,0,0,-1,-1
7823,0.007823000,0.751500000,-1.485000000,0.000000000,0,0,0,-1,-1
7824,0.007824000,0.751524000,-1.491840000,0.000000000,0,0,0,-1,-1
7825,0.007825000,0.751548000,-1.498680000,0.000000000,0,0,0,-1,-1
7826,0.007826000,0.751572000,-1.505520000,0.000000000,0,0,0,-1,-1
7827,0.007827000,0.751584000,-1.512360000,0.000000000,0,0,0,-1,-1
7828,0.007828000,0.751608000,-1.519200000,0.000000000,0,0,0,-1,-1
7829,0.007829000,0.751632000,-1.526040000,0.000000000,0,0,0,-1,-1
7830,0.007830000,0.751644000,-1.532880000,0.000000000,0,0,0,-1,-1
7831,0.007831000,0.751668000,-1.539720000,0.000000000,0,0,0,-1,-1
7832,0.007832000,0.751692000,-1.546560000,0.000000000,0,0,0,-1,-1
7833,0.007833000,0.751716000,-1.553400000,0.000000000,0,0,0,-1,-1
7834,0.007834000,0.751728000,-1.560240000,0.000000000,0,0,0,-1,-1
7835,0.007835000,0.751752000,-1.567080000,0.000000000,0,0,0,-1,-1
7836,0.007836000,0.751776000,-1.573920000,0.000000000,0,0,0,-1,-1
7837,0.007837000,0.755292000,-1.580040000,0.000000000,0,0,0,-1,-1
7838,0.007838000,0.755304000,-1.586880000,0.000000000,0,0,0,-1,-1
7839,0.007839000,0.755328000,-1.593720000,0.000000000,0,0,0,-1,-1
7840,0.007840000,0.758844000,-1.599840000,0.000000000,0,0,0,-1,-1
7841,0.007841000,0.758868000,-1.606680000,0.000000000,0,0,0,-1,-1
7842,0.007842000,0.762372000,-1.612680000,0.000000000,0,0,0,-1,-1
7843,0.007843000,0.765876000,-1.618800000,0.000000000,0,0,0,-1,-1
7844,0.007844000,0.769380000,-1.624920000,0.000000000,0,0,0,-1,-1
7845,0.007845000,0.772884000,-1.630920000,0.000000000,0,0,0,-1,-1
7846,0.007846000,0.776376000,-1.637040000,0.000000000,0,0,0,-1,-1
7847,0.007847000,0.779856000,-1.636200000,0.000000000,0,0,0,-1,-1
7848,0.007848000,0.783336000,-1.642320000,0.000000000,0,0,0,-1,-1
7849,0.007849000,0.786804000,-1.641480000,0.000000000,0,0,0,-1,-1
7850,0.007850000,0.790272000,-1.640760000,0.000000000,0,0,0,-1,-1
7851,0.007851000,0.793752000,-1.646760000,0.000000000,0,0,0,-1,-1
7852,0.007852000,0.797208000,-1.646040000,0.000000000,0,0,0,-1,-1
7853,0.007853000,0.800664000,-1.645200000,0.000000000,0,0,0,-1,-1
7854,0.007854000,0.804108000,-1.644480000,0.000000000,0,0,0,-1,-1
7855,0.007855000,0.807552000,-1.643640000,0.000000000,0,0,0,-1,-1
7856,0.007856000,0.810996000,-1.642920000,0.000000000,0,0,0,-1,-1
7857,0.007857000,0.814440000,-1.642080000,0.000000000,0,0,0,-1,-1
7858,0.007858000,0.817860000,-1.634640000,0.000000000,0,0,0,-1,-1
7859,0.007859000,0.821292000,-1.633800000,0.000000000,0,0,0,-1,-1
7860,0.007860000,0.824724000,-1.633080000,0.000000000,0,0,0,-1,-1
7861,0.007861000,0.828132000,-1.625520000,0.000000000,0,0,0,-1,-1
7862,0.007862000,0.831552000,-1.624800000,0.000000000,0,0,0,-1,-1
7863,0.007863000,0.834960000,-1.617240000,0.000000000,0,0,0,-1,-1
7864,0.007864000,0.838356000,-1.609680000,0.000000000,0,0,0,-1,-1
7865,0.007865000,0.841752000,-1.602240000,0.000000000,0,0,0,-1,-1
7866,0.007866000,0.845136000,-1.594680000,0.000000000,0,0,0,-1,-1
7867,0.007867000,0.848520000,-1.587240000,0.000000000,0,0,0,-1,-1
7868,0.007868000,0.848508000,-1.580400000,0.000000000,0,0,0,-1,-1
7869,0.007869000,0.851892000,-1.572960000,0.000000000,0,0,0,-1,-1
7870,0.007870000,0.851868000,-1.566240000,0.000000000,0,0,0,-1,-1
7871,0.007871000,0.851844000,-1.559400000,0.000000000,0,0,0,-1,-1
7872,0.007872000,0.855228000,-1.551960000,0.000000000,0,0,0,-1,-1
7873,0.007873000,0.855216000,-1.545240000,0.000000000,0,0,0,-1,-1
7874,0.007874000,0.855192000,-1.538520000,0.000000000,0,0,0,-1,-1
7875,0.007875000,0.855168000,-1.531680000,0.000000000,0,0,0,-1,-1
7876,0.007876000,0.855144000,-1.524960000,5.000000000,1,1,0,240,0
7877,0.007877000,0.855132000,-1.518240000,0.000000000,0,0,0,240,-1
7878,0.007878000,0.855108000,-1.511520000,0.000000000,0,0,0,240,-1
7879,0.007879000,0.855084000,-1.504680000,0.000000000,0,0,0,240,-1
7880,0.007880000,0.855072000,-1.497960000,0.000000000,0,0,0,240,-1
7881,0.007881000,0.855048000,-1.491240000,0.000000000,0,0,0,240,-1
7882,0.007882000,0.855024000,-1.484520000,0.000000000,0,0,0,240,-1
7883,0.007883000,0.855012000,-1.477800000,0.000000000,0,0,0,240,-1
7884,0.007884000,0.854988000,-1.470960000,0.000000000,0,0,0,240,-1
7885,0.007885000,0.854964000,-1.464240000,0.000000000,0,0,0,240,-1
7886,0.007886000,0.854952000,-1.457520000,0.000000000,0,0,0,240,-1
7887,0.007887000,0.854928000,-1.450800000,0.000000000,0,0,0,240,-1
7888,0.007888000,0.854904000,-1.443960000,0.000000000,0,0,0,240,-1
7889,0.007889000,0.854880000,-1.437240000,0.000000000,0,0,0,240,-1
7890,0.007890000,0.854868000,-1.430520000,0.000000000,0,0,0,240,-1
7891,0.007891000,0.854844000,-1.423800000,5.000000000,1,0,0,240,1
7892,0.007892000,0.854820000,-1.416960000,0.000000000,0,0,0,240,-1
7893,0.007893000,0.854808000,-1.410240000,0.000000000,0,0,0,240,-1
7894,0.007894000,0.854784000,-1.403520000,0.000000000,0,0,0,240,-1
7895,0.007895000,0.854760000,-1.396800000,0.000000000,0,0,0,240,-1
7896,0.007896000,0.854748000,-1.389960000,0.000000000,0,0,0,240,-1
7897,0.007897000,0.854724000,-1.383240000,0.000000000,0,0,0,240,-1
7898,0.007898000,0.854700000,-1.376520000,0.000000000,0,0,0,240,-1
7899,0.007899000,0.854676000,-1.369800000,0.000000000,0,0,0,240,-1
7900,0.007900000,0.854664000,-1.362960000,0.000000000,0,0,0,240,-1
7901,0.007901000,0.854640000,-1.356240000,0.000000000,0,0,0,240,-1
7902,0.007902000,0.854616000,-1.349520000,0.000000000,0,0,0,240,-1
7903,0.007903000,0.854604000,-1.342800000,0.000000000,0,0,0,240,-1
7904,0.007904000,0.854580000,-1.335960000,0.000000000,0,0,0,240,-1
7905,0.007905000,0.854556000,-1.329240000,0.000000000,0,0,0,240,-1
7906,0.007906000,0.854544000,-1.322520000,5.000000000,1,0,0,240,2
7907,0.007907000,0.854520000,-1.315800000,0.000000000,0,0,0,240,-1
7908,0.007908000,0.854496000,-1.308960000,0.000000000,0,0,0,240,-1
7909,0.007909000,0.854472000,-1.302240000,0.000000000,0,0,0,240,-1
7910,0.007910000,0.854460000,-1.295520000,0.000000000,0,0,0,240,-1
7911,0.007911000,0.854436000,-1.288800000,0.000000000,0,0,0,240,-1
7912,0.007912000,0.854412000,-1.281960000,0.000000000,0,0,0,240,-1
7913,0.007913000,0.854400000,-1.275240000,0.000000000,0,0,0,240,-1
7914,0.007914000,0.854376000,-1.268520000,0.000000000,0,0,0,240,-1
7915,0.007915000,0.854352000,-1.261800000,0.000000000,0,0,0,240,-1
7916,0.007916000,0.854340000,-1.255080000,0.000000000,0,0,0,240,-1
7917,0.007917000,0.854316000,-1.248240000,0.000000000,0,0,0,240,-1
7918,0.007918000,0.854292000,-1.241520000,0.000000000,0,0,0,240,-1
7919,0.007919000,0.854280000,-1.234800000,0.000000000,0,0,0,240,-1
7920,0.007920000,0.854256000,-1.228080000,0.000000000,0,0,0,240,-1
7921,0.007921000,0.854232000,-1.221240000,5.000000000,1,0,0,240,3
7922,0.007922000,0.854208000,-1.214520000,0.000000000,0,0,0,240,-1
7923,0.007923000,0.854196000,-1.207800000,0.000000000,0,0,0,240,-1
7924,0.007924000,0.854172000,-1.201080000,0.000000000,0,0,0,240,-1
7925,0.007925000,0.854148000,-1.194288000,0.000000000,0,0,0,240,-1
7926,0.007926000,0.854136000,-1.187532000,0.000000000,0,0,0,240,-1
7927,0.007927000,0.854112000,-1.180788000,0.000000000,0,0,0,240,-1
7928,0.007928000,0.854088000,-1.174044000,0.000000000,0,0,0,240,-1
7929,0.007929000,0.854076000,-1.167288000,0.000000000,0,0,0,240,-1
7930,0.007930000,0.854052000,-1.160544000,0.000000000,0,0,0,240,-1
7931,0.007931000,0.854028000,-1.153788000,0.000000000,0,0,0,240,-1
7932,0.007932000,0.854004000,-1.147044000,0.000000000,0,0,0,240,-1
7933,0.007933000,0.853992000,-1.140300000,0.000000000,0,0,0,240,-1
7934,0.007934000,0.853968000,-1.133544000,0.000000000,0,0,0,240,-1
7935,0.007935000,0.853944000,-1.126800000,0.000000000,0,0,0,240,-1
7936,0.007936000,0.853932000,-1.120044000,5.000000000,1,0,0,240,4
7937,0.007937000,0.853908000,-1.113300000,0.000000000,0,0,0,240,-1
7938,0.007938000,0.853884000,-1.106556000,0.000000000,0,0,0,240,-1
7939,0.007939000,0.853872000,-1.099800000,0.000000000,0,0,0,240,-1
7940,0.007940000,0.853848000,-1.093056000,0.000000000,0,0,0,240,-1
7941,0.007941000,0.853824000,-1.086312000,0.000000000,0,0,0,240,-1
7942,0.007942000,0.853800000,-1.079556000,0.000000000,0,0,0,240,-1
7943,0.007943000,0.853788000,-1.072812000,0.000000000,0,0,0,240,-1
7944,0.007944000,0.853764000,-1.066068000,0.000000000,0,0,0,240,-1
7945,0.007945000,0.853740000,-1.059312000,0.000000000,0,0,0,240,-1
7946,0.007946000,0.853728000,-1.052568000,0.000000000,0,0,0,240,-1
7947,0.007947000,0.853704000,-1.045812000,0.000000000,0,0,0,240,-1
7948,0.007948000,0.853680000,-1.039068000,0.000000000,0,0,0,240,-1
7949,0.007949000,0.853668000,-1.032324000,0.000000000,0,0,0,240,-1
7950,0.007950000,0.853644000,-1.025568000,0.000000000,0,0,0,240,-1
7951,0.007951000,0.853620000,-1.018824000,5.000000000,1,0,0,240,5
7952,0.007952000,0.853608000,-1.012080000,0.000000000,0,0,0,240,-1
7953,0.007953000,0.853584000,-1.005324000,0.000000000,0,0,0,240,-1
7954,0.007954000,0.853560000,-0.998580000,0.000000000,0,0,0,240,-1
7955,0.007955000,0.853536000,-0.991836000,0.000000000,0,0,0,240,-1
7956,0.007956000,0.853524000,-0.985080000,0.000000000,0,0,0,240,-1
7957,0.007957000,0.853500000,-0.978336000,0.000000000,0,0,0,240,-1
7958,0.007958000,0.853476000,-0.971580000,0.000000000,0,0,0,240,-1
7959,0.007959000,0.853464000,-0.964836000,0.000000000,0,0,0,240,-1
7960,0.007960000,0.853440000,-0.958092000,0.000000000,0,0,0,240,-1
7961,0.007961000,0.853416000,-0.951336000,0.000000000,0,0,0,240,-1
7962,0.007962000,0.853404000,-0.944592000,0.000000000,0,0,0,240,-1
7963,0.007963000,0.853380000,-0.937848000,0.000000000,0,0,0,240,-1
7964,0.007964000,0.853356000,-0.931092000,0.000000000,0,0,0,240,-1
7965,0.007965000,0.853332000,-0.924348000,0.000000000,0,0,0,240,-1
7966,0.007966000,0.853320000,-0.917604000,5.000000000,1,0,0,240,6
7967,0.007967000,0.853296000,-0.910848000,0.000000000,0,0,0,240,-1
7968,0.007968000,0.853272000,-0.904104000,0.000000000,0,0,0,240,-1
7969,0.007969000,0.853260000,-0.897360000,0.000000000,0,0,0,240,-1
7970,0.007970000,0.853236000,-0.890604000,0.000000000,0,0,0,240,-1
7971,0.007971000,0.853212000,-0.883860000,0.000000000,0,0,0,240,-1
7972,0.007972000,0.853200000,-0.877116000,0.000000000,0,0,0,240,-1
7973,0.007973000,0.853176000,-0.870360000,0.000000000,0,0,0,240,-1
7974,0.007974000,0.853152000,-0.863616000,0.000000000,0,0,0,240,-1
7975,0.007975000,0.853128000,-0.856872000,0.000000000,0,0,0,240,-1
7976,0.007976000,0.853116000,-0.850116000,0.000000000,0,0,0,240,-1
7977,0.007977000,0.853092000,-0.843372000,0.000000000,0,0,0,240,-1
7978,0.007978000,0.853068000,-0.836628000,0.000000000,0,0,0,240,-1
7979,0.007979000,0.853056000,-0.829872000,0.000000000,0,0,0,240,-1
7980,0.007980000,0.853032000,-0.823128000,0.000000000,0,0,0,240,-1
7981,0.007981000,0.853008000,-0.816384000,5.000000000,1,0,0,240,7
7982,0.007982000,0.852996000,-0.809628000,0.000000000,0,0,0,240,-1
7983,0.007983000,0.852972000,-0.802884000,0.000000000,0,0,0,240,-1
7984,0.007984000,0.852948000,-0.796140000,0.000000000,0,0,0,240,-1
7985,0.007985000,0.852936000,-0.789396000,0.000000000,0,0,0,240,-1
7986,0.007986000,0.852912000,-0.782640000,0.000000000,0,0,0,240,-1
7987,0.007987000,0.852888000,-0.775896000,0.000000000,0,0,0,240,-1
7988,0.007988000,0.852864000,-0.769152000,0.000000000,0,0,0,240,-1
7989,0.007989000,0.852852000,-0.762396000,0.000000000,0,0,0,240,-1
7990,0.007990000,0.852828000,-0.755652000,0.000000000,0,0,0,240,-1
7991,0.007991000,0.852804000,-0.748908000,0.000000000,0,0,0,240,-1
7992,0.007992000,0.852792000,-0.742152000,0.000000000,0,0,0,240,-1
7993,0.007993000,0.852768000,-0.735408000,0.000000000,0,0,0,240,-1
7994,0.007994000,0.852744000,-0.728664000,0.000000000,0,0,0,240,-1
7995,0.007995000,0.852732000,-0.721908000,0.000000000,0,0,0,240,-1
7996,0.007996000,0.852708000,-0.715164000,5.000000000,1,0,0,240,8
7997,0.007997000,0.852684000,-0.708420000,0.000000000,0,0,0,240,-1
7998,0.007998000,0.852660000,-0.701664000,0.000000000,0,0,0,240,-1
7999,0.007999000,0.852648000,-0.694920000,0.000000000,0,0,0,240,-1
8000,0.008000000,0.852624000,-0.688176000,0.000000000,0,0,0,240,-1
8001,0.008001000,0.852600000,-0.681432000,0.000000000,0,0,0,240,-1
8002,0.008002000,0.852588000,-0.674676000,0.000000000,0,0,0,240,-1
8003,0.008003000,0.852564000,-0.667932000,0.000000000,0,0,0,240,-1
8004,0.008004000,0.852540000,-0.661188000,0.000000000,0,0,0,240,-1
8005,0.008005000,0.852528000,-0.654432000,0.000000000,0,0,0,240,-1
8006,0.008006000,0.852504000,-0.647688000,0.000000000,0,0,0,240,-1
8007,0.008007000,0.852480000,-0.640944000,0.000000000,0,0,0,240,-1
8008,0.008008000,0.852456000,-0.634200000,0.000000000,0,0,0,240,-1
8009,0.008009000,0.852444000,-0.627444000,0.000000000,0,0,0,240,-1
8010,0.008010000,0.852420000,-0.620700000,0.000000000,0,0,0,240,-1
8011,0.008011000,0.852396000,-0.613956000,5.000000000,1,0,0,240,9
8012,0.008012000,0.852384000,-0.607200000,0.000000000,0,0,0,240,-1
8013,0.008013000,0.852360000,-0.600456000,0.000000000,0,0,0,240,-1
8014,0.008014000,0.852336000,-0.593712000,0.000000000,0,0,0,240,-1
8015,0.008015000,0.852324000,-0.586968000,0.000000000,0,0,0,240,-1
8016,0.008016000,0.852300000,-0.580212000,0.000000000,0,0,0,240,-1
8017,0.008017000,0.852276000,-0.573468000,0.000000000,0,0,0,240,-1
8018,0.008018000,0.852264000,-0.566724000,0.000000000,0,0,0,240,-1
8019,0.008019000,0.852240000,-0.559968000,0.000000000,0,0,0,240,-1
8020,0.008020000,0.852216000,-0.553224000,0.000000000,0,0,0,240,-1
8021,0.008021000,0.852192000,-0.546480000,0.000000000,0,0,0,240,-1
8022,0.008022000,0.852180000,-0.539736000,0.000000000,0,0,0,240,-1
8023,0.008023000,0.852156000,-0.532980000,0.000000000,0,0,0,240,-1
8024,0.008024000,0.852132000,-0.526236000,0.000000000,0,0,0,240,-1
8025,0.008025000,0.852120000,-0.519492000,0.000000000,0,0,0,240,-1
8026,0.008026000,0.852096000,-0.512748000,5.000000000,1,0,0,240,10
8027,0.008027000,0.852072000,-0.505992000,0.000000000,0,0,0,240,-1
8028,0.008028000,0.852060000,-0.499248000,0.000000000,0,0,0,240,-1
8029,0.008029000,0.852036000,-0.492504000,0.000000000,0,0,0,240,-1
8030,0.008030000,0.852012000,-0.485760000,0.000000000,0,0,0,240,-1
8031,0.008031000,0.851988000,-0.479004000,0.000000000,0,0,0,240,-1
8032,0.008032000,0.851976000,-0.472260000,0.000000000,0,0,0,240,-1
8033,0.008033000,0.851952000,-0.465516000,0.000000000,0,0,0,240,-1
8034,0.008034000,0.851928000,-0.458772000,0.000000000,0,0,0,240,-1
8035,0.008035000,0.851916000,-0.452016000,0.000000000,0,0,0,240,-1
8036,0.008036000,0.851892000,-0.445272000,0.000000000,0,0,0,240,-1
8037,0.008037000,0.851868000,-0.438528000,0.000000000,0,0,0,240,-1
8038,0.008038000,0.851856000,-0.431772000,0.000000000,0,0,0,240,-1
8039,0.008039000,0.851832000,-0.425028000,0.000000000,0,0,0,240,-1
8040,0.008040000,0.851808000,-0.418284000,0.000000000,0,0,0,240,-1
8041,0.008041000,0.851796000,-0.411540000,5.000000000,1,0,0,240,11
8042,0.008042000,0.851772000,-0.404784000,0.000000000,0,0,0,240,-1
8043,0.008043000,0.851748000,-0.398040000,0.000000000,0,0,0,240,-1
8044,0.008044000,0.851724000,-0.391296000,0.000000000,0,0,0,240,-1
8045,0.008045000,0.851712000,-0.384552000,0.000000000,0,0,0,240,-1
8046,0.008046000,0.851688000,-0.377808000,0.000000000,0,0,0,240,-1
8047,0.008047000,0.851664000,-0.371052000,0.000000000,0,0,0,240,-1
8048,0.008048000,0.851652000,-0.364308000,0.000000000,0,0,0,240,-1
8049,0.008049000,0.851628000,-0.357564000,0.000000000,0,0,0,240,-1
8050,0.008050000,0.851604000,-0.350820000,0.000000000,0,0,0,240,-1
8051,0.008051000,0.851592000,-0.344064000,0.000000000,0,0,0,240,-1
8052,0.008052000,0.851568000,-0.337320000,0.000000000,0,0,0,240,-1
8053,0.008053000,0.851544000,-0.330576000,0.000000000,0,0,0,240,-1
8054,0.008054000,0.851520000,-0.323832000,0.000000000,0,0,0,240,-1
8055,0.008055000,0.851508000,-0.317076000,0.000000000,0,0,0,240,-1
8056,0.008056000,0.851484000,-0.310332000,5.000000000,1,0,0,240,12
8057,0.008057000,0.851460000,-0.303588000,0.000000000,0,0,0,240,-1
8058,0.008058000,0.851448000,-0.296844000,0.000000000,0,0,0,240,-1
8059,0.008059000,0.851424000,-0.290100000,0.000000000,0,0,0,240,-1
8060,0.008060000,0.851400000,-0.283344000,0.000000000,0,0,0,240,-1
8061,0.008061000,0.851388000,-0.276600000,0.000000000,0,0,0,240,-1
8062,0.008062000,0.851364000,-0.269856000,0.000000000,0,0,0,240,-1
8063,0.008063000,0.851340000,-0.263112000,0.000000000,0,0,0,240,-1
8064,0.008064000,0.851316000,-0.256356000,0.000000000,0,0,0,240,-1
8065,0.008065000,0.851304000,-0.249612000,0.000000000,0,0,0,240,-1
8066,0.008066000,0.851280000,-0.242868000,0.000000000,0,0,0,240,-1
8067,0.008067000,0.851256000,-0.236124000,0.000000000,0,0,0,240,-1
8068,0.008068000,0.851244000,-0.229380000,0.000000000,0,0,0,240,-1
8069,0.008069000,0.851220000,-0.222624000,0.000000000,0,0,0,240,-1
8070,0.008070000,0.851196000,-0.215880000,0.000000000,0,0,0,240,-1
8071,0.008071000,0.851184000,-0.209136000,5.000000000,1,0,0,240,13
8072,0.008072000,0.851160000,-0.202392000,0.000000000,0,0,0,240,-1
8073,0.008073000,0.851136000,-0.195636000,0.000000000,0,0,0,240,-1
8074,0.008074000,0.851124000,-0.188892000,0.000000000,0,0,0,240,-1
8075,0.008075000,0.851100000,-0.182148000,0.000000000,0,0,0,240,-1
8076,0.008076000,0.851076000,-0.175404000,0.000000000,0,0,0,240,-1
8077,0.008077000,0.851052000,-0.168660000,0.000000000,0,0,0,240,-1
8078,0.008078000,0.851040000,-0.161904000,0.000000000,0,0,0,240,-1
8079,0.008079000,0.851016000,-0.155160000,0.000000000,0,0,0,240,-1
8080,0.008080000,0.850992000,-0.148416000,0.000000000,0,0,0,240,-1
8081,0.008081000,0.850980000,-0.141672000,0.000000000,0,0,0,240,-1
8082,0.008082000,0.850956000,-0.134928000,0.000000000,0,0,0,240,-1
8083,0.008083000,0.850932000,-0.128172000,0.000000000,0,0,0,240,-1
8084,0.008084000,0.850920000,-0.121428000,0.000000000,0,0,0,240,-1
8085,0.008085000,0.850896000,-0.114685200,0.000000000,0,0,0,240,-1
8086,0.008086000,0.850872000,-0.107938800,5.000000000,1,0,0,240,14
8087,0.008087000,0.850848000,-0.101192400,0.000000000,0,0,0,240,-1
8088,0.008088000,0.850836000,-0.094446000,0.000000000,0,0,0,240,-1
8089,0.008089000,0.850812000,-0.087699600,0.000000000,0,0,0,240,-1
8090,0.008090000,0.850788000,-0.080953200,0.000000000,0,0,0,240,-1
8091,0.008091000,0.850776000,-0.074208000,0.000000000,0,0,0,240,-1
8092,0.008092000,0.850752000,-0.067461600,0.000000000,0,0,0,240,-1
8093,0.008093000,0.850728000,-0.060715200,0.000000000,0,0,0,240,-1
8094,0.008094000,0.850716000,-0.053968800,0.000000000,0,0,0,240,-1
8095,0.008095000,0.850692000,-0.047222400,0.000000000,0,0,0,240,-1
8096,0.008096000,0.850668000,-0.040476000,0.000000000,0,0,0,240,-1
8097,0.008097000,0.850656000,-0.033730800,0.000000000,0,0,0,240,-1
8098,0.008098000,0.850632000,-0.026984400,0.000000000,0,0,0,240,-1
8099,0.008099000,0.850608000,-0.020238000,0.000000000,0,0,0,240,-1
8100,0.008100000,0.850584000,-0.013491600,0.000000000,0,0,0,240,-1
8101,0.008101000,0.850572000,-0.006746040,5.000000000,1,0,0,240,15
8102,0.008102000,0.850548000,0.000000000,0.000000000,0,0,0,-1,-1
8103,0.008103000,0.850524000,0.006746040,0.000000000,0,0,0,-1,-1
8104,0.008104000,0.850512000,0.013491600,0.000000000,0,0,0,-1,-1
8105,0.008105000,0.850488000,0.020238000,0.000000000,0,0,0,-1,-1
8106,0.008106000,0.850464000,0.026984400,0.000000000,0,0,0,-1,-1
8107,0.008107000,0.850452000,0.033729600,0.000000000,0,0,0,-1,-1
8108,0.008108000,0.850428000,0.040476000,0.000000000,0,0,0,-1,-1
8109,0.008109000,0.850404000,0.047222400,0.000000000,0,0,0,-1,-1
8110,0.008110000,0.850380000,0.053967600,0.000000000,0,0,0,-1,-1
8111,0.008111000,0.850368000,0.060714000,0.000000000,0,0,0,-1,-1
8112,0.008112000,0.850344000,0.067459200,0.000000000,0,0,0,-1,-1
8113,0.008113000,0.850320000,0.074205600,0.000000000,0,0,0,-1,-1
8114,0.008114000,0.850308000,0.080952000,0.000000000,0,0,0,-1,-1
8115,0.008115000,0.850284000,0.087697200,0.000000000,0,0,0,-1,-1
8116,0.008116000,0.850260000,0.094443600,0.000000000,0,0,0,-1,-1
8117,0.008117000,0.850248000,0.101188800,0.000000000,0,0,0,-1,-1
8118,0.008118000,0.850224000,0.107935200,0.000000000,0,0,0,-1,-1
8119,0.008119000,0.850200000,0.114680400,0.000000000,0,0,0,-1,-1
8120,0.008120000,0.850176000,0.121428000,0.000000000,0,0,0,-1,-1
8121,0.008121000,0.850164000,0.128172000,0.000000000,0,0,0,-1,-1
8122,0.008122000,0.850140000,0.134916000,0.000000000,0,0,0,-1,-1
8123,0.008123000,0.850116000,0.141660000,0.000000000,0,0,0,-1,-1
8124,0.008124000,0.850104000,0.148404000,0.000000000,0,0,0,-1,-1
8125,0.008125000,0.850080000,0.155160000,0.000000000,0,0,0,-1,-1
8126,0.008126000,0.850056000,0.161904000,0.000000000,0,0,0,-1,-1
8127,0.008127000,0.850044000,0.168648000,0.000000000,0,0,0,-1,-1
8128,0.008128000,0.850020000,0.175392000,0.000000000,0,0,0,-1,-1
8129,0.008129000,0.849996000,0.182136000,0.000000000,0,0,0,-1,-1
8130,0.008130000,0.849984000,0.188880000,0.000000000,0,0,0,-1,-1
8131,0.008131000,0.849960000,0.195624000,0.000000000,0,0,0,-1,-1
8132,0.008132000,0.849936000,0.202380000,0.000000000,0,0,0,-1,-1
8133,0.008133000,0.849912000,0.209124000,0.000000000,0,0,0,-1,-1
8134,0.008134000,0.849900000,0.215868000,0.000000000,0,0,0,-1,-1
8135,0.008135000,0.849876000,0.222612000,0.000000000,0,0,0,-1,-1
8136,0.008136000,0.849852000,0.229356000,0.000000000,0,0,0,-1,-1
8137,0.008137000,0.849840000,0.236100000,0.000000000,0,0,0,-1,-1
8138,0.008138000,0.849816000,0.242844000,0.000000000,0,0,0,-1,-1
8139,0.008139000,0.849792000,0.249588000,0.000000000,0,0,0,-1,-1
8140,0.008140000,0.849780000,0.256344000,0.000000000,0,0,0,-1,-1
8141,0.008141000,0.849756000,0.263088000,0.000000000,0,0,0,-1,-1
8142,0.008142000,0.849732000,0.269832000,0.000000000,0,0,0,-1,-1
8143,0.008143000,0.849708000,0.276576000,0.000000000,0,0,0,-1,-1
8144,0.008144000,0.849696000,0.283320000,0.000000000,0,0,0,-1,-1
8145,0.008145000,0.849672000,0.290064000,0.000000000,0,0,0,-1,-1
8146,0.008146000,0.849648000,0.296808000,0.000000000,0,0,0,-1,-1
8147,0.008147000,0.849636000,0.303552000,0.000000000,0,0,0,-1,-1
8148,0.008148000,0.849612000,0.310308000,0.000000000,0,0,0,-1,-1
8149,0.008149000,0.849588000,0.317052000,0.000000000,0,0,0,-1,-1
8150,0.008150000,0.849576000,0.323796000,0.000000000,0,0,0,-1,-1
8151,0.008151000,0.849552000,0.330540000,0.000000000,0,0,0,-1,-1
8152,0.008152000,0.849528000,0.337284000,0.000000000,0,0,0,-1,-1
8153,0.008153000,0.849516000,0.344028000,0.000000000,0,0,0,-1,-1
8154,0.008154000,0.849492000,0.350772000,0.000000000,0,0,0,-1,-1
8155,0.008155000,0.849468000,0.357516000,0.000000000,0,0,0,-1,-1
8156,0.008156000,0.849444000,0.364260000,0.000000000,0,0,0,-1,-1
8157,0.008157000,0.849432000,0.371016000,0.000000000,0,0,0,-1,-1
8158,0.008158000,0.849408000,0.377760000,0.000000000,0,0,0,-1,-1
8159,0.008159000,0.849384000,0.384504000,0.000000000,0,0,0,-1,-1
8160,0.008160000,0.849372000,0.391248000,0.000000000,0,0,0,-1,-1
8161,0.008161000,0.849348000,0.397992000,0.000000000,0,0,0,-1,-1
8162,0.008162000,0.849324000,0.404736000,0.000000000,0,0,0,-1,-1
8163,0.008163000,0.849312000,0.411480000,0.000000000,0,0,0,-1,-1
8164,0.008164000,0.849288000,0.418224000,0.000000000,0,0,0,-1,-1
8165,0.008165000,0.849264000,0.424968000,0.000000000,0,0,0,-1,-1
8166,0.008166000,0.849240000,0.431712000,0.000000000,0,0,0,-1,-1
8167,0.008167000,0.849228000,0.438468000,0.000000000,0,0,0,-1,-1
8168,0.008168000,0.849204000,0.445212000,0.000000000,0,0,0,-1,-1
8169,0.008169000,0.849180000,0.451956000,0.000000000,0,0,0,-1,-1
8170,0.008170000,0.849168000,0.458700000,0.000000000,0,0,0,-1,-1
8171,0.008171000,0.849144000,0.465444000,0.000000000,0,0,0,-1,-1
8172,0.008172000,0.849120000,0.472188000,0.000000000,0,0,0,-1,-1
8173,0.008173000,0.849108000,0.478932000,0.000000000,0,0,0,-1,-1
8174,0.008174000,0.849084000,0.485676000,0.000000000,0,0,0,-1,-1
8175,0.008175000,0.849060000,0.492420000,0.000000000,0,0,0,-1,-1
8176,0.008176000,0.849048000,0.499164000,0.000000000,0,0,0,-1,-1
8177,0.008177000,0.849024000,0.505908000,0.000000000,0,0,0,-1,-1
8178,0.008178000,0.849000000,0.512652000,0.000000000,0,0,0,-1,-1
8179,0.008179000,0.848976000,0.519408000,0.000000000,0,0,0,-1,-1
8180,0.008180000,0.848964000,0.526152000,0.000000000,0,0,0,-1,-1
8181,0.008181000,0.848940000,0.532896000,0.000000000,0,0,0,-1,-1
8182,0.008182000,0.848916000,0.539640000,0.000000000,0,0,0,-1,-1
8183,0.008183000,0.848904000,0.546384000,0.000000000,0,0,0,-1,-1
8184,0.008184000,0.848880000,0.553128000,0.000000000,0,0,0,-1,-1
8185,0.008185000,0.848856000,0.559872000,0.000000000,0,0,0,-1,-1
8186,0.008186000,0.848844000,0.566616000,0.000000000,0,0,0,-1,-1
8187,0.008187000,0.848820000,0.573360000,0.000000000,0,0,0,-1,-1
8188,0.008188000,0.848796000,0.580104000,0.000000000,0,0,0,-1,-1
8189,0.008189000,0.848772000,0.586848000,0.000000000,0,0,0,-1,-1
8190,0.008190000,0.848760000,0.593592000,0.000000000,0,0,0,-1,-1
8191,0.008191000,0.848736000,0.600336000,0.000000000,0,0,0,-1,-1
8192,0.008192000,0.848712000,0.607080000,0.000000000,0,0,0,-1,-1
8193,0.008193000,0.848700000,0.613824000,0.000000000,0,0,0,-1,-1
8194,0.008194000,0.848676000,0.620580000,0.000000000,0,0,0,-1,-1
8195,0.008195000,0.848652000,0.627324000,0.000000000,0,0,0,-1,-1
8196,0.008196000,0.848640000,0.634068000,0.000000000,0,0,0,-1,-1
8197,0.008197000,0.848616000,0.640812000,0.000000000,0,0,0,-1,-1
8198,0.008198000,0.848592000,0.647556000,0.000000000,0,0,0,-1,-1
8199,0.008199000,0.848568000,0.654300000,0.000000000,0,0,0,-1,-1
8200,0.008200000,0.848556000,0.661044000,0.000000000,0,0,0,-1,-1
8201,0.008201000,0.848532000,0.667788000,0.000000000,0,0,0,-1,-1
8202,0.008202000,0.848508000,0.674532000,0.000000000,0,0,0,-1,-1
8203,0.008203000,0.848496000,0.681276000,0.000000000,0,0,0,-1,-1
8204,0.008204000,0.848472000,0.688020000,0.000000000,0,0,0,-1,-1
8205,0.008205000,0.848448000,0.694764000,0.000000000,0,0,0,-1,-1
8206,0.008206000,0.848436000,0.701508000,0.000000000,0,0,0,-1,-1
8207,0.008207000,0.848412000,0.708252000,0.000000000,0,0,0,-1,-1
8208,0.008208000,0.848388000,0.714996000,0.000000000,0,0,0,-1,-1
8209,0.008209000,0.848376000,0.721740000,0.000000000,0,0,0,-1,-1
8210,0.008210000,0.848352000,0.728484000,0.000000000,0,0,0,-1,-1
8211,0.008211000,0.848328000,0.735228000,0.000000000,0,0,0,-1,-1
8212,0.008212000,0.848304000,0.741972000,0.000000000,0,0,0,-1,-1
8213,0.008213000,0.848292000,0.748716000,0.000000000,0,0,0,-1,-1
8214,0.008214000,0.848268000,0.755460000,0.000000000,0,0,0,-1,-1
8215,0.008215000,0.848244000,0.762204000,0.000000000,0,0,0,-1,-1
8216,0.008216000,0.848232000,0.768948000,0.000000000,0,0,0,-1,-1
8217,0.008217000,0.848208000,0.775692000,0.000000000,0,0,0,-1,-1
8218,0.008218000,0.848184000,0.782448000,0.000000000,0,0,0,-1,-1
8219,0.008219000,0.848172000,0.789192000,0.000000000,0,0,0,-1,-1
8220,0.008220000,0.848148000,0.795936000,0.000000000,0,0,0,-1,-1
8221,0.008221000,0.848124000,0.802680000,0.000000000,0,0,0,-1,-1
8222,0.008222000,0.848100000,0.809424000,0.000000000,0,0,0,-1,-1
8223,0.008223000,0.848088000,0.816168000,0.000000000,0,0,0,-1,-1
8224,0.008224000,0.848064000,0.822912000,0.000000000,0,0,0,-1,-1
8225,0.008225000,0.848040000,0.829656000,0.000000000,0,0,0,-1,-1
8226,0.008226000,0.848028000,0.836400000,0.000000000,0,0,0,-1,-1
8227,0.008227000,0.848004000,0.843144000,0.000000000,0,0,0,-1,-1
8228,0.008228000,0.847980000,0.849888000,0.000000000,0,0,0,-1,-1
8229,0.008229000,0.847968000,0.856632000,0.000000000,0,0,0,-1,-1
8230,0.008230000,0.847944000,0.863376000,0.000000000,0,0,0,-1,-1
8231,0.008231000,0.847920000,0.870120000,0.000000000,0,0,0,-1,-1
8232,0.008232000,0.847908000,0.876864000,0.000000000,0,0,0,-1,-1
8233,0.008233000,0.847884000,0.883608000,0.000000000,0,0,0,-1,-1
8234,0.008234000,0.847860000,0.890352000,0.000000000,0,0,0,-1,-1
8235,0.008235000,0.847836000,0.897096000,0.000000000,0,0,0,-1,-1
8236,0.008236000,0.847824000,0.903840000,0.000000000,0,0,0,-1,-1
8237,0.008237000,0.847800000,0.910584000,0.000000000,0,0,0,-1,-1
8238,0.008238000,0.847776000,0.917328000,0.000000000,0,0,0,-1,-1
8239,0.008239000,0.847764000,0.924072000,0.000000000,0,0,0,-1,-1
8240,0.008240000,0.847740000,0.930816000,0.000000000,0,0,0,-1,-1
8241,0.008241000,0.847716000,0.937560000,0.000000000,0,0,0,-1,-1
8242,0.008242000,0.847704000,0.944304000,0.000000000,0,0,0,-1,-1
8243,0.008243000,0.847680000,0.951048000,0.000000000,0,0,0,-1,-1
8244,0.008244000,0.847656000,0.957792000,0.000000000,0,0,0,-1,-1
8245,0.008245000,0.847632000,0.964536000,0.000000000,0,0,0,-1,-1
8246,0.008246000,0.847620000,0.971280000,0.000000000,0,0,0,-1,-1
8247,0.008247000,0.847596000,0.978024000,0.000000000,0,0,0,-1,-1
8248,0.008248000,0.847572000,0.984768000,0.000000000,0,0,0,-1,-1
8249,0.008249000,0.847560000,0.991512000,0.000000000,0,0,0,-1,-1
8250,0.008250000,0.847536000,0.998256000,0.000000000,0,0,0,-1,-1
8251,0.008251000,0.847512000,1.005000000,0.000000000,0,0,0,-1,-1
8252,0.008252000,0.847500000,1.011744000,0.000000000,0,0,0,-1,-1
8253,0.008253000,0.847476000,1.018488000,0.000000000,0,0,0,-1,-1
8254,0.008254000,0.847452000,1.025232000,0.000000000,0,0,0,-1,-1
8255,0.008255000,0.847440000,1.031976000,0.000000000,0,0,0,-1,-1
8256,0.008256000,0.847416000,1.038720000,0.000000000,0,0,0,-1,-1
8257,0.008257000,0.847392000,1.045464000,0.000000000,0,0,0,-1,-1
8258,0.008258000,0.847368000,1.052208000,0.000000000,0,0,0,-1,-1
8259,0.008259000,0.847356000,1.058952000,0.000000000,0,0,0,-1,-1
8260,0.008260000,0.847332000,1.065696000,0.000000000,0,0,0,-1,-1
8261,0.008261000,0.847308000,1.072440000,0.000000000,0,0,0,-1,-1
8262,0.008262000,0.847296000,1.079184000,0.000000000,0,0,0,-1,-1
8263,0.008263000,0.847272000,1.085916000,0.000000000,0,0,0,-1,-1
8264,0.008264000,0.847248000,1.092660000,0.000000000,0,0,0,-1,-1
8265,0.008265000,0.847236000,1.099404000,0.000000000,0,0,0,-1,-1
8266,0.008266000,0.847212000,1.106148000,0.000000000,0,0,0,-1,-1
8267,0.008267000,0.847188000,1.112892000,0.000000000,0,0,0,-1,-1
8268,0.008268000,0.847164000,1.119636000,0.000000000,0,0,0,-1,-1
8269,0.008269000,0.847152000,1.126380000,0.000000000,0,0,0,-1,-1
8270,0.008270000,0.847128000,1.133124000,0.000000000,0,0,0,-1,-1
8271,0.008271000,0.847104000,1.139868000,0.000000000,0,0,0,-1,-1
8272,0.008272000,0.847092000,1.146612000,0.000000000,0,0,0,-1,-1
8273,0.008273000,0.847068000,1.153356000,0.000000000,0,0,0,-1,-1
8274,0.008274000,0.847044000,1.160100000,0.000000000,0,0,0,-1,-1
8275,0.008275000,0.847032000,1.166844000,0.000000000,0,0,0,-1,-1
8276,0.008276000,0.847008000,1.173588000,0.000000000,0,0,0,-1,-1
8277,0.008277000,0.846984000,1.180332000,0.000000000,0,0,0,-1,-1
8278,0.008278000,0.846972000,1.187076000,0.000000000,0,0,0,-1,-1
8279,0.008279000,0.846948000,1.193820000,0.000000000,0,0,0,-1,-1
8280,0.008280000,0.846924000,1.200600000,0.000000000,0,0,0,-1,-1
8281,0.008281000,0.846900000,1.207320000,0.000000000,0,0,0,-1,-1
8282,0.008282000,0.846888000,1.214040000,0.000000000,0,0,0,-1,-1
8283,0.008283000,0.846864000,1.220760000,0.000000000,0,0,0,-1,-1
8284,0.008284000,0.846840000,1.227480000,0.000000000,0,0,0,-1,-1
8285,0.008285000,0.846828000,1.234320000,0.000000000,0,0,0,-1,-1
8286,0.008286000,0.846804000,1.241040000,0.000000000,0,0,0,-1,-1
8287,0.008287000,0.846780000,1.247760000,0.000000000,0,0,0,-1,-1
8288,0.008288000,0.846768000,1.254480000,0.000000000,0,0,0,-1,-1
8289,0.008289000,0.846744000,1.261200000,0.000000000,0,0,0,-1,-1
8290,0.008290000,0.846720000,1.268040000,0.000000000,0,0,0,-1,-1
8291,0.008291000,0.846696000,1.274760000,0.000000000,0,0,0,-1,-1
8292,0.008292000,0.846684000,1.281480000,0.000000000,0,0,0,-1,-1
8293,0.008293000,0.846660000,1.288200000,0.000000000,0,0,0,-1,-1
8294,0.008294000,0.846636000,1.294920000,0.000000000,0,0,0,-1,-1
8295,0.008295000,0.846624000,1.301760000,0.000000000,0,0,0,-1,-1
8296,0.008296000,0.846600000,1.308480000,0.000000000,0,0,0,-1,-1
8297,0.008297000,0.846576000,1.315200000,0.000000000,0,0,0,-1,-1
8298,0.008298000,0.846564000,1.321920000,0.000000000,0,0,0,-1,-1
8299,0.008299000,0.846540000,1.328640000,0.000000000,0,0,0,-1,-1
8300,0.008300000,0.846516000,1.335480000,0.000000000,0,0,0,-1,-1
8301,0.008301000,0.846504000,1.342200000,0.000000000,0,0,0,-1,-1
8302,0.008302000,0.846480000,1.348920000,0.000000000,0,0,0,-1,-1
8303,0.008303000,0.846456000,1.355640000,0.000000000,0,0,0,-1,-1
8304,0.008304000,0.846432000,1.362360000,0.000000000,0,0,0,-1,-1
8305,0.008305000,0.846420000,1.369200000,0.000000000,0,0,0,-1,-1
8306,0.008306000,0.846396000,1.375920000,0.000000000,0,0,0,-1,-1
8307,0.008307000,0.846372000,1.382640000,0.000000000,0,0,0,-1,-1
8308,0.008308000,0.846360000,1.389360000,0.000000000,0,0,0,-1,-1
8309,0.008309000,0.846336000,1.396080000,0.000000000,0,0,0,-1,-1
8310,0.008310000,0.846312000,1.402800000,0.000000000,0,0,0,-1,-1
8311,0.008311000,0.846300000,1.409640000,0.000000000,0,0,0,-1,-1
8312,0.008312000,0.846276000,1.416360000,0.000000000,0,0,0,-1,-1
8313,0.008313000,0.846252000,1.423080000,0.000000000,0,0,0,-1,-1
8314,0.008314000,0.846228000,1.429800000,0.000000000,0,0,0,-1,-1
8315,0.008315000,0.846216000,1.436520000,0.000000000,0,0,0,-1,-1
8316,0.008316000,0.846192000,1.443360000,0.000000000,0,0,0,-1,-1
8317,0.008317000,0.846168000,1.450080000,0.000000000,0,0,0,-1,-1
8318,0.008318000,0.846156000,1.456800000,0.000000000,0,0,0,-1,-1
8319,0.008319000,0.846132000,1.463520000,0.000000000,0,0,0,-1,-1
8320,0.008320000,0.846108000,1.470240000,0.000000000,0,0,0,-1,-1
8321,0.008321000,0.846096000,1.477080000,0.000000000,0,0,0,-1,-1
8322,0.008322000,0.846072000,1.483800000,0.000000000,0,0,0,-1,-1
8323,0.008323000,0.846048000,1.490520000,0.000000000,0,0,0,-1,-1
8324,0.008324000,0.846036000,1.497240000,0.000000000,0,0,0,-1,-1
8325,0.008325000,0.846012000,1.503960000,0.000000000,0,0,0,-1,-1
8326,0.008326000,0.845988000,1.510800000,0.000000000,0,0,0,-1,-1
8327,0.008327000,0.845964000,1.517520000,0.000000000,0,0,0,-1,-1
8328,0.008328000,0.845952000,1.524240000,0.000000000,0,0,0,-1,-1
8329,0.008329000,0.845928000,1.530960000,0.000000000,0,0,0,-1,-1
8330,0.008330000,0.845904000,1.537680000,0.000000000,0,0,0,-1,-1
8331,0.008331000,0.845892000,1.544400000,0.000000000,0,0,0,-1,-1
8332,0.008332000,0.845868000,1.551240000,0.000000000,0,0,0,-1,-1
8333,0.008333000,0.845844000,1.557960000,0.000000000,0,0,0,-1,-1
8334,0.008334000,0.845832000,1.564680000,0.000000000,0,0,0,-1,-1
8335,0.008335000,0.845808000,1.571400000,0.000000000,0,0,0,-1,-1
8336,0.008336000,0.845784000,1.578120000,0.000000000,0,0,0,-1,-1
8337,0.008337000,0.845760000,1.584960000,0.000000000,0,0,0,-1,-1
8338,0.008338000,0.845748000,1.591680000,0.000000000,0,0,0,-1,-1
8339,0.008339000,0.845724000,1.598400000,0.000000000,0,0,0,-1,-1
8340,0.008340000,0.845700000,1.605120000,0.000000000,0,0,0,-1,-1
8341,0.008341000,0.845688000,1.611840000,0.000000000,0,0,0,-1,-1
8342,0.008342000,0.845664000,1.618680000,0.000000000,0,0,0,-1,-1
8343,0.008343000,0.845640000,1.625400000,0.000000000,0,0,0,-1,-1
8344,0.008344000,0.845628000,1.632120000,0.000000000,0,0,0,-1,-1
8345,0.008345000,0.845604000,1.638840000,0.000000000,0,0,0,-1,-1
8346,0.008346000,0.845580000,1.645560000,0.000000000,0,0,0,-1,-1
8347,0.008347000,0.845568000,1.652280000,0.000000000,0,0,0,-1,-1
8348,0.008348000,0.845544000,1.659120000,0.000000000,0,1,1,-1,-1
